route;date;hour;prediction
1;2025-11-01;0;4
1;2025-11-01;1;0
1;2025-11-01;2;0
1;2025-11-01;3;0
1;2025-11-01;4;9
1;2025-11-01;5;115
1;2025-11-01;6;497
1;2025-11-01;7;1589
1;2025-11-01;8;1988
1;2025-11-01;9;1486
1;2025-11-01;10;1281
1;2025-11-01;11;1283
1;2025-11-01;12;1327
1;2025-11-01;13;1395
1;2025-11-01;14;1376
1;2025-11-01;15;1511
1;2025-11-01;16;1501
1;2025-11-01;17;1763
1;2025-11-01;18;1767
1;2025-11-01;19;1308
1;2025-11-01;20;861
1;2025-11-01;21;456
1;2025-11-01;22;182
1;2025-11-01;23;39
1;2025-11-02;0;0
1;2025-11-02;1;0
1;2025-11-02;2;0
1;2025-11-02;3;0
1;2025-11-02;4;0
1;2025-11-02;5;20
1;2025-11-02;6;130
1;2025-11-02;7;302
1;2025-11-02;8;402
1;2025-11-02;9;699
1;2025-11-02;10;733
1;2025-11-02;11;733
1;2025-11-02;12;868
1;2025-11-02;13;877
1;2025-11-02;14;812
1;2025-11-02;15;741
1;2025-11-02;16;699
1;2025-11-02;17;605
1;2025-11-02;18;543
1;2025-11-02;19;468
1;2025-11-02;20;355
1;2025-11-02;21;287
1;2025-11-02;22;107
1;2025-11-02;23;24
1;2025-11-03;0;0
1;2025-11-03;1;0
1;2025-11-03;2;0
1;2025-11-03;3;0
1;2025-11-03;4;0
1;2025-11-03;5;20
1;2025-11-03;6;127
1;2025-11-03;7;298
1;2025-11-03;8;401
1;2025-11-03;9;684
1;2025-11-03;10;718
1;2025-11-03;11;706
1;2025-11-03;12;844
1;2025-11-03;13;864
1;2025-11-03;14;779
1;2025-11-03;15;707
1;2025-11-03;16;673
1;2025-11-03;17;587
1;2025-11-03;18;533
1;2025-11-03;19;461
1;2025-11-03;20;348
1;2025-11-03;21;278
1;2025-11-03;22;104
1;2025-11-03;23;23
1;2025-11-04;0;0
1;2025-11-04;1;0
1;2025-11-04;2;0
1;2025-11-04;3;0
1;2025-11-04;4;0
1;2025-11-04;5;20
1;2025-11-04;6;129
1;2025-11-04;7;301
1;2025-11-04;8;398
1;2025-11-04;9;684
1;2025-11-04;10;720
1;2025-11-04;11;714
1;2025-11-04;12;854
1;2025-11-04;13;886
1;2025-11-04;14;811
1;2025-11-04;15;741
1;2025-11-04;16;697
1;2025-11-04;17;597
1;2025-11-04;18;541
1;2025-11-04;19;470
1;2025-11-04;20;356
1;2025-11-04;21;285
1;2025-11-04;22;107
1;2025-11-04;23;24
1;2025-11-05;0;4
1;2025-11-05;1;0
1;2025-11-05;2;0
1;2025-11-05;3;0
1;2025-11-05;4;10
1;2025-11-05;5;124
1;2025-11-05;6;537
1;2025-11-05;7;1659
1;2025-11-05;8;2219
1;2025-11-05;9;1616
1;2025-11-05;10;1400
1;2025-11-05;11;1387
1;2025-11-05;12;1422
1;2025-11-05;13;1496
1;2025-11-05;14;1487
1;2025-11-05;15;1608
1;2025-11-05;16;1598
1;2025-11-05;17;1883
1;2025-11-05;18;1943
1;2025-11-05;19;1413
1;2025-11-05;20;933
1;2025-11-05;21;488
1;2025-11-05;22;193
1;2025-11-05;23;42
1;2025-11-06;0;4
1;2025-11-06;1;0
1;2025-11-06;2;0
1;2025-11-06;3;0
1;2025-11-06;4;10
1;2025-11-06;5;124
1;2025-11-06;6;533
1;2025-11-06;7;1646
1;2025-11-06;8;2198
1;2025-11-06;9;1606
1;2025-11-06;10;1391
1;2025-11-06;11;1379
1;2025-11-06;12;1417
1;2025-11-06;13;1490
1;2025-11-06;14;1476
1;2025-11-06;15;1585
1;2025-11-06;16;1579
1;2025-11-06;17;1857
1;2025-11-06;18;1906
1;2025-11-06;19;1386
1;2025-11-06;20;918
1;2025-11-06;21;484
1;2025-11-06;22;192
1;2025-11-06;23;42
1;2025-11-07;0;4
1;2025-11-07;1;0
1;2025-11-07;2;0
1;2025-11-07;3;0
1;2025-11-07;4;10
1;2025-11-07;5;126
1;2025-11-07;6;545
1;2025-11-07;7;1650
1;2025-11-07;8;2053
1;2025-11-07;9;1604
1;2025-11-07;10;1402
1;2025-11-07;11;1402
1;2025-11-07;12;1429
1;2025-11-07;13;1502
1;2025-11-07;14;1486
1;2025-11-07;15;1608
1;2025-11-07;16;1590
1;2025-11-07;17;1874
1;2025-11-07;18;1830
1;2025-11-07;19;1362
1;2025-11-07;20;933
1;2025-11-07;21;490
1;2025-11-07;22;196
1;2025-11-07;23;43
1;2025-11-08;0;4
1;2025-11-08;1;0
1;2025-11-08;2;0
1;2025-11-08;3;0
1;2025-11-08;4;0
1;2025-11-08;5;29
1;2025-11-08;6;161
1;2025-11-08;7;361
1;2025-11-08;8;522
1;2025-11-08;9;805
1;2025-11-08;10;953
1;2025-11-08;11;918
1;2025-11-08;12;1069
1;2025-11-08;13;1132
1;2025-11-08;14;1070
1;2025-11-08;15;931
1;2025-11-08;16;803
1;2025-11-08;17;746
1;2025-11-08;18;658
1;2025-11-08;19;551
1;2025-11-08;20;414
1;2025-11-08;21;313
1;2025-11-08;22;121
1;2025-11-08;23;28
1;2025-11-09;0;0
1;2025-11-09;1;0
1;2025-11-09;2;0
1;2025-11-09;3;0
1;2025-11-09;4;0
1;2025-11-09;5;20
1;2025-11-09;6;128
1;2025-11-09;7;299
1;2025-11-09;8;410
1;2025-11-09;9;709
1;2025-11-09;10;740
1;2025-11-09;11;740
1;2025-11-09;12;875
1;2025-11-09;13;890
1;2025-11-09;14;816
1;2025-11-09;15;747
1;2025-11-09;16;709
1;2025-11-09;17;614
1;2025-11-09;18;552
1;2025-11-09;19;477
1;2025-11-09;20;353
1;2025-11-09;21;283
1;2025-11-09;22;107
1;2025-11-09;23;23
1;2025-11-10;0;4
1;2025-11-10;1;0
1;2025-11-10;2;0
1;2025-11-10;3;0
1;2025-11-10;4;10
1;2025-11-10;5;123
1;2025-11-10;6;531
1;2025-11-10;7;1656
1;2025-11-10;8;2229
1;2025-11-10;9;1602
1;2025-11-10;10;1386
1;2025-11-10;11;1385
1;2025-11-10;12;1421
1;2025-11-10;13;1490
1;2025-11-10;14;1473
1;2025-11-10;15;1598
1;2025-11-10;16;1592
1;2025-11-10;17;1876
1;2025-11-10;18;1947
1;2025-11-10;19;1415
1;2025-11-10;20;932
1;2025-11-10;21;485
1;2025-11-10;22;191
1;2025-11-10;23;42
1;2025-11-11;0;4
1;2025-11-11;1;0
1;2025-11-11;2;0
1;2025-11-11;3;0
1;2025-11-11;4;10
1;2025-11-11;5;125
1;2025-11-11;6;540
1;2025-11-11;7;1673
1;2025-11-11;8;2251
1;2025-11-11;9;1626
1;2025-11-11;10;1414
1;2025-11-11;11;1414
1;2025-11-11;12;1444
1;2025-11-11;13;1519
1;2025-11-11;14;1498
1;2025-11-11;15;1628
1;2025-11-11;16;1622
1;2025-11-11;17;1903
1;2025-11-11;18;1967
1;2025-11-11;19;1432
1;2025-11-11;20;944
1;2025-11-11;21;493
1;2025-11-11;22;194
1;2025-11-11;23;43
1;2025-11-12;0;4
1;2025-11-12;1;0
1;2025-11-12;2;0
1;2025-11-12;3;0
1;2025-11-12;4;10
1;2025-11-12;5;124
1;2025-11-12;6;537
1;2025-11-12;7;1660
1;2025-11-12;8;2242
1;2025-11-12;9;1620
1;2025-11-12;10;1404
1;2025-11-12;11;1392
1;2025-11-12;12;1431
1;2025-11-12;13;1500
1;2025-11-12;14;1486
1;2025-11-12;15;1609
1;2025-11-12;16;1599
1;2025-11-12;17;1880
1;2025-11-12;18;1944
1;2025-11-12;19;1413
1;2025-11-12;20;935
1;2025-11-12;21;490
1;2025-11-12;22;194
1;2025-11-12;23;42
1;2025-11-13;0;4
1;2025-11-13;1;0
1;2025-11-13;2;0
1;2025-11-13;3;0
1;2025-11-13;4;10
1;2025-11-13;5;124
1;2025-11-13;6;537
1;2025-11-13;7;1663
1;2025-11-13;8;2246
1;2025-11-13;9;1623
1;2025-11-13;10;1405
1;2025-11-13;11;1402
1;2025-11-13;12;1435
1;2025-11-13;13;1504
1;2025-11-13;14;1486
1;2025-11-13;15;1608
1;2025-11-13;16;1598
1;2025-11-13;17;1876
1;2025-11-13;18;1938
1;2025-11-13;19;1405
1;2025-11-13;20;930
1;2025-11-13;21;487
1;2025-11-13;22;193
1;2025-11-13;23;42
1;2025-11-14;0;4
1;2025-11-14;1;0
1;2025-11-14;2;0
1;2025-11-14;3;0
1;2025-11-14;4;10
1;2025-11-14;5;123
1;2025-11-14;6;531
1;2025-11-14;7;1632
1;2025-11-14;8;2118
1;2025-11-14;9;1591
1;2025-11-14;10;1379
1;2025-11-14;11;1379
1;2025-11-14;12;1418
1;2025-11-14;13;1484
1;2025-11-14;14;1469
1;2025-11-14;15;1600
1;2025-11-14;16;1587
1;2025-11-14;17;1850
1;2025-11-14;18;1827
1;2025-11-14;19;1376
1;2025-11-14;20;921
1;2025-11-14;21;484
1;2025-11-14;22;193
1;2025-11-14;23;42
1;2025-11-15;0;4
1;2025-11-15;1;0
1;2025-11-15;2;0
1;2025-11-15;3;0
1;2025-11-15;4;0
1;2025-11-15;5;28
1;2025-11-15;6;155
1;2025-11-15;7;350
1;2025-11-15;8;502
1;2025-11-15;9;772
1;2025-11-15;10;905
1;2025-11-15;11;858
1;2025-11-15;12;1031
1;2025-11-15;13;1088
1;2025-11-15;14;1016
1;2025-11-15;15;873
1;2025-11-15;16;760
1;2025-11-15;17;706
1;2025-11-15;18;624
1;2025-11-15;19;525
1;2025-11-15;20;404
1;2025-11-15;21;308
1;2025-11-15;22;119
1;2025-11-15;23;27
1;2025-11-16;0;0
1;2025-11-16;1;0
1;2025-11-16;2;0
1;2025-11-16;3;0
1;2025-11-16;4;0
1;2025-11-16;5;20
1;2025-11-16;6;127
1;2025-11-16;7;296
1;2025-11-16;8;406
1;2025-11-16;9;701
1;2025-11-16;10;736
1;2025-11-16;11;737
1;2025-11-16;12;877
1;2025-11-16;13;893
1;2025-11-16;14;814
1;2025-11-16;15;745
1;2025-11-16;16;703
1;2025-11-16;17;609
1;2025-11-16;18;545
1;2025-11-16;19;477
1;2025-11-16;20;356
1;2025-11-16;21;285
1;2025-11-16;22;107
1;2025-11-16;23;23
1;2025-11-17;0;4
1;2025-11-17;1;0
1;2025-11-17;2;0
1;2025-11-17;3;0
1;2025-11-17;4;10
1;2025-11-17;5;122
1;2025-11-17;6;529
1;2025-11-17;7;1639
1;2025-11-17;8;2196
1;2025-11-17;9;1574
1;2025-11-17;10;1361
1;2025-11-17;11;1356
1;2025-11-17;12;1396
1;2025-11-17;13;1465
1;2025-11-17;14;1448
1;2025-11-17;15;1574
1;2025-11-17;16;1565
1;2025-11-17;17;1844
1;2025-11-17;18;1924
1;2025-11-17;19;1410
1;2025-11-17;20;936
1;2025-11-17;21;486
1;2025-11-17;22;192
1;2025-11-17;23;42
1;2025-11-18;0;4
1;2025-11-18;1;0
1;2025-11-18;2;0
1;2025-11-18;3;0
1;2025-11-18;4;9
1;2025-11-18;5;120
1;2025-11-18;6;519
1;2025-11-18;7;1588
1;2025-11-18;8;2108
1;2025-11-18;9;1533
1;2025-11-18;10;1322
1;2025-11-18;11;1317
1;2025-11-18;12;1348
1;2025-11-18;13;1417
1;2025-11-18;14;1397
1;2025-11-18;15;1525
1;2025-11-18;16;1519
1;2025-11-18;17;1778
1;2025-11-18;18;1847
1;2025-11-18;19;1350
1;2025-11-18;20;898
1;2025-11-18;21;470
1;2025-11-18;22;185
1;2025-11-18;23;41
1;2025-11-19;0;4
1;2025-11-19;1;0
1;2025-11-19;2;0
1;2025-11-19;3;0
1;2025-11-19;4;10
1;2025-11-19;5;124
1;2025-11-19;6;539
1;2025-11-19;7;1667
1;2025-11-19;8;2248
1;2025-11-19;9;1626
1;2025-11-19;10;1398
1;2025-11-19;11;1396
1;2025-11-19;12;1440
1;2025-11-19;13;1511
1;2025-11-19;14;1494
1;2025-11-19;15;1618
1;2025-11-19;16;1609
1;2025-11-19;17;1893
1;2025-11-19;18;1957
1;2025-11-19;19;1433
1;2025-11-19;20;953
1;2025-11-19;21;498
1;2025-11-19;22;197
1;2025-11-19;23;43
1;2025-11-20;0;4
1;2025-11-20;1;0
1;2025-11-20;2;0
1;2025-11-20;3;0
1;2025-11-20;4;10
1;2025-11-20;5;124
1;2025-11-20;6;538
1;2025-11-20;7;1660
1;2025-11-20;8;2238
1;2025-11-20;9;1621
1;2025-11-20;10;1406
1;2025-11-20;11;1403
1;2025-11-20;12;1437
1;2025-11-20;13;1506
1;2025-11-20;14;1488
1;2025-11-20;15;1613
1;2025-11-20;16;1603
1;2025-11-20;17;1885
1;2025-11-20;18;1950
1;2025-11-20;19;1419
1;2025-11-20;20;939
1;2025-11-20;21;492
1;2025-11-20;22;194
1;2025-11-20;23;42
1;2025-11-21;0;4
1;2025-11-21;1;0
1;2025-11-21;2;0
1;2025-11-21;3;0
1;2025-11-21;4;10
1;2025-11-21;5;124
1;2025-11-21;6;536
1;2025-11-21;7;1657
1;2025-11-21;8;2170
1;2025-11-21;9;1615
1;2025-11-21;10;1401
1;2025-11-21;11;1399
1;2025-11-21;12;1435
1;2025-11-21;13;1505
1;2025-11-21;14;1488
1;2025-11-21;15;1613
1;2025-11-21;16;1602
1;2025-11-21;17;1860
1;2025-11-21;18;1840
1;2025-11-21;19;1394
1;2025-11-21;20;939
1;2025-11-21;21;493
1;2025-11-21;22;196
1;2025-11-21;23;43
1;2025-11-22;0;4
1;2025-11-22;1;0
1;2025-11-22;2;0
1;2025-11-22;3;0
1;2025-11-22;4;0
1;2025-11-22;5;28
1;2025-11-22;6;160
1;2025-11-22;7;363
1;2025-11-22;8;524
1;2025-11-22;9;808
1;2025-11-22;10;957
1;2025-11-22;11;912
1;2025-11-22;12;1095
1;2025-11-22;13;1142
1;2025-11-22;14;1074
1;2025-11-22;15;917
1;2025-11-22;16;794
1;2025-11-22;17;738
1;2025-11-22;18;651
1;2025-11-22;19;544
1;2025-11-22;20;415
1;2025-11-22;21;306
1;2025-11-22;22;120
1;2025-11-22;23;27
1;2025-11-23;0;0
1;2025-11-23;1;0
1;2025-11-23;2;0
1;2025-11-23;3;0
1;2025-11-23;4;0
1;2025-11-23;5;20
1;2025-11-23;6;126
1;2025-11-23;7;295
1;2025-11-23;8;404
1;2025-11-23;9;697
1;2025-11-23;10;731
1;2025-11-23;11;733
1;2025-11-23;12;872
1;2025-11-23;13;887
1;2025-11-23;14;811
1;2025-11-23;15;741
1;2025-11-23;16;700
1;2025-11-23;17;607
1;2025-11-23;18;544
1;2025-11-23;19;475
1;2025-11-23;20;354
1;2025-11-23;21;284
1;2025-11-23;22;106
1;2025-11-23;23;23
1;2025-11-24;0;4
1;2025-11-24;1;0
1;2025-11-24;2;0
1;2025-11-24;3;0
1;2025-11-24;4;10
1;2025-11-24;5;122
1;2025-11-24;6;526
1;2025-11-24;7;1630
1;2025-11-24;8;2178
1;2025-11-24;9;1573
1;2025-11-24;10;1348
1;2025-11-24;11;1339
1;2025-11-24;12;1380
1;2025-11-24;13;1444
1;2025-11-24;14;1427
1;2025-11-24;15;1548
1;2025-11-24;16;1536
1;2025-11-24;17;1810
1;2025-11-24;18;1895
1;2025-11-24;19;1377
1;2025-11-24;20;908
1;2025-11-24;21;474
1;2025-11-24;22;187
1;2025-11-24;23;41
1;2025-11-25;0;4
1;2025-11-25;1;0
1;2025-11-25;2;0
1;2025-11-25;3;0
1;2025-11-25;4;10
1;2025-11-25;5;124
1;2025-11-25;6;538
1;2025-11-25;7;1666
1;2025-11-25;8;2242
1;2025-11-25;9;1620
1;2025-11-25;10;1408
1;2025-11-25;11;1405
1;2025-11-25;12;1437
1;2025-11-25;13;1513
1;2025-11-25;14;1492
1;2025-11-25;15;1622
1;2025-11-25;16;1613
1;2025-11-25;17;1892
1;2025-11-25;18;1956
1;2025-11-25;19;1434
1;2025-11-25;20;951
1;2025-11-25;21;496
1;2025-11-25;22;196
1;2025-11-25;23;43
1;2025-11-26;0;4
1;2025-11-26;1;0
1;2025-11-26;2;0
1;2025-11-26;3;0
1;2025-11-26;4;10
1;2025-11-26;5;124
1;2025-11-26;6;537
1;2025-11-26;7;1650
1;2025-11-26;8;2223
1;2025-11-26;9;1603
1;2025-11-26;10;1395
1;2025-11-26;11;1385
1;2025-11-26;12;1417
1;2025-11-26;13;1488
1;2025-11-26;14;1468
1;2025-11-26;15;1587
1;2025-11-26;16;1579
1;2025-11-26;17;1859
1;2025-11-26;18;1937
1;2025-11-26;19;1419
1;2025-11-26;20;947
1;2025-11-26;21;495
1;2025-11-26;22;196
1;2025-11-26;23;43
1;2025-11-27;0;4
1;2025-11-27;1;0
1;2025-11-27;2;0
1;2025-11-27;3;0
1;2025-11-27;4;10
1;2025-11-27;5;124
1;2025-11-27;6;537
1;2025-11-27;7;1663
1;2025-11-27;8;2250
1;2025-11-27;9;1622
1;2025-11-27;10;1405
1;2025-11-27;11;1396
1;2025-11-27;12;1429
1;2025-11-27;13;1498
1;2025-11-27;14;1481
1;2025-11-27;15;1606
1;2025-11-27;16;1597
1;2025-11-27;17;1880
1;2025-11-27;18;1940
1;2025-11-27;19;1408
1;2025-11-27;20;932
1;2025-11-27;21;488
1;2025-11-27;22;194
1;2025-11-27;23;42
1;2025-11-28;0;4
1;2025-11-28;1;0
1;2025-11-28;2;0
1;2025-11-28;3;0
1;2025-11-28;4;10
1;2025-11-28;5;124
1;2025-11-28;6;534
1;2025-11-28;7;1638
1;2025-11-28;8;2178
1;2025-11-28;9;1598
1;2025-11-28;10;1400
1;2025-11-28;11;1398
1;2025-11-28;12;1428
1;2025-11-28;13;1502
1;2025-11-28;14;1485
1;2025-11-28;15;1600
1;2025-11-28;16;1587
1;2025-11-28;17;1851
1;2025-11-28;18;1828
1;2025-11-28;19;1378
1;2025-11-28;20;921
1;2025-11-28;21;486
1;2025-11-28;22;194
1;2025-11-28;23;42
1;2025-11-29;0;4
1;2025-11-29;1;0
1;2025-11-29;2;0
1;2025-11-29;3;0
1;2025-11-29;4;0
1;2025-11-29;5;29
1;2025-11-29;6;163
1;2025-11-29;7;364
1;2025-11-29;8;528
1;2025-11-29;9;816
1;2025-11-29;10;970
1;2025-11-29;11;924
1;2025-11-29;12;1113
1;2025-11-29;13;1155
1;2025-11-29;14;1087
1;2025-11-29;15;932
1;2025-11-29;16;807
1;2025-11-29;17;749
1;2025-11-29;18;662
1;2025-11-29;19;557
1;2025-11-29;20;419
1;2025-11-29;21;317
1;2025-11-29;22;123
1;2025-11-29;23;28
1;2025-11-30;0;0
1;2025-11-30;1;0
1;2025-11-30;2;0
1;2025-11-30;3;0
1;2025-11-30;4;0
1;2025-11-30;5;20
1;2025-11-30;6;127
1;2025-11-30;7;297
1;2025-11-30;8;407
1;2025-11-30;9;707
1;2025-11-30;10;739
1;2025-11-30;11;739
1;2025-11-30;12;881
1;2025-11-30;13;897
1;2025-11-30;14;818
1;2025-11-30;15;746
1;2025-11-30;16;705
1;2025-11-30;17;614
1;2025-11-30;18;552
1;2025-11-30;19;475
1;2025-11-30;20;352
1;2025-11-30;21;283
1;2025-11-30;22;106
1;2025-11-30;23;23
1;2025-12-01;0;4
1;2025-12-01;1;0
1;2025-12-01;2;0
1;2025-12-01;3;0
1;2025-12-01;4;10
1;2025-12-01;5;122
1;2025-12-01;6;529
1;2025-12-01;7;1645
1;2025-12-01;8;2212
1;2025-12-01;9;1592
1;2025-12-01;10;1378
1;2025-12-01;11;1375
1;2025-12-01;12;1409
1;2025-12-01;13;1479
1;2025-12-01;14;1461
1;2025-12-01;15;1585
1;2025-12-01;16;1577
1;2025-12-01;17;1858
1;2025-12-01;18;1931
1;2025-12-01;19;1405
1;2025-12-01;20;924
1;2025-12-01;21;482
1;2025-12-01;22;190
1;2025-12-01;23;42
1;2025-12-02;0;4
1;2025-12-02;1;0
1;2025-12-02;2;0
1;2025-12-02;3;0
1;2025-12-02;4;10
1;2025-12-02;5;124
1;2025-12-02;6;536
1;2025-12-02;7;1657
1;2025-12-02;8;2236
1;2025-12-02;9;1613
1;2025-12-02;10;1402
1;2025-12-02;11;1401
1;2025-12-02;12;1431
1;2025-12-02;13;1505
1;2025-12-02;14;1483
1;2025-12-02;15;1616
1;2025-12-02;16;1606
1;2025-12-02;17;1886
1;2025-12-02;18;1948
1;2025-12-02;19;1420
1;2025-12-02;20;936
1;2025-12-02;21;489
1;2025-12-02;22;193
1;2025-12-02;23;43
1;2025-12-03;0;4
1;2025-12-03;1;0
1;2025-12-03;2;0
1;2025-12-03;3;0
1;2025-12-03;4;10
1;2025-12-03;5;124
1;2025-12-03;6;537
1;2025-12-03;7;1663
1;2025-12-03;8;2244
1;2025-12-03;9;1624
1;2025-12-03;10;1405
1;2025-12-03;11;1403
1;2025-12-03;12;1438
1;2025-12-03;13;1509
1;2025-12-03;14;1490
1;2025-12-03;15;1616
1;2025-12-03;16;1606
1;2025-12-03;17;1890
1;2025-12-03;18;1952
1;2025-12-03;19;1418
1;2025-12-03;20;936
1;2025-12-03;21;491
1;2025-12-03;22;194
1;2025-12-03;23;43
1;2025-12-04;0;4
1;2025-12-04;1;0
1;2025-12-04;2;0
1;2025-12-04;3;0
1;2025-12-04;4;10
1;2025-12-04;5;124
1;2025-12-04;6;537
1;2025-12-04;7;1663
1;2025-12-04;8;2244
1;2025-12-04;9;1621
1;2025-12-04;10;1403
1;2025-12-04;11;1401
1;2025-12-04;12;1435
1;2025-12-04;13;1508
1;2025-12-04;14;1491
1;2025-12-04;15;1614
1;2025-12-04;16;1604
1;2025-12-04;17;1888
1;2025-12-04;18;1952
1;2025-12-04;19;1416
1;2025-12-04;20;936
1;2025-12-04;21;491
1;2025-12-04;22;195
1;2025-12-04;23;43
1;2025-12-05;0;4
1;2025-12-05;1;0
1;2025-12-05;2;0
1;2025-12-05;3;0
1;2025-12-05;4;10
1;2025-12-05;5;123
1;2025-12-05;6;533
1;2025-12-05;7;1653
1;2025-12-05;8;2181
1;2025-12-05;9;1614
1;2025-12-05;10;1400
1;2025-12-05;11;1404
1;2025-12-05;12;1439
1;2025-12-05;13;1513
1;2025-12-05;14;1497
1;2025-12-05;15;1626
1;2025-12-05;16;1609
1;2025-12-05;17;1891
1;2025-12-05;18;1860
1;2025-12-05;19;1386
1;2025-12-05;20;927
1;2025-12-05;21;487
1;2025-12-05;22;195
1;2025-12-05;23;43
1;2025-12-06;0;4
1;2025-12-06;1;0
1;2025-12-06;2;0
1;2025-12-06;3;0
1;2025-12-06;4;0
1;2025-12-06;5;29
1;2025-12-06;6;165
1;2025-12-06;7;368
1;2025-12-06;8;533
1;2025-12-06;9;827
1;2025-12-06;10;985
1;2025-12-06;11;939
1;2025-12-06;12;1127
1;2025-12-06;13;1175
1;2025-12-06;14;1106
1;2025-12-06;15;948
1;2025-12-06;16;817
1;2025-12-06;17;759
1;2025-12-06;18;671
1;2025-12-06;19;565
1;2025-12-06;20;424
1;2025-12-06;21;320
1;2025-12-06;22;124
1;2025-12-06;23;28
1;2025-12-07;0;0
1;2025-12-07;1;0
1;2025-12-07;2;0
1;2025-12-07;3;0
1;2025-12-07;4;0
1;2025-12-07;5;20
1;2025-12-07;6;129
1;2025-12-07;7;303
1;2025-12-07;8;416
1;2025-12-07;9;720
1;2025-12-07;10;753
1;2025-12-07;11;754
1;2025-12-07;12;897
1;2025-12-07;13;915
1;2025-12-07;14;835
1;2025-12-07;15;764
1;2025-12-07;16;721
1;2025-12-07;17;626
1;2025-12-07;18;563
1;2025-12-07;19;485
1;2025-12-07;20;360
1;2025-12-07;21;288
1;2025-12-07;22;108
1;2025-12-07;23;24
1;2025-12-08;0;4
1;2025-12-08;1;0
1;2025-12-08;2;0
1;2025-12-08;3;0
1;2025-12-08;4;10
1;2025-12-08;5;122
1;2025-12-08;6;528
1;2025-12-08;7;1644
1;2025-12-08;8;2212
1;2025-12-08;9;1592
1;2025-12-08;10;1377
1;2025-12-08;11;1374
1;2025-12-08;12;1407
1;2025-12-08;13;1476
1;2025-12-08;14;1459
1;2025-12-08;15;1584
1;2025-12-08;16;1576
1;2025-12-08;17;1855
1;2025-12-08;18;1928
1;2025-12-08;19;1403
1;2025-12-08;20;924
1;2025-12-08;21;481
1;2025-12-08;22;190
1;2025-12-08;23;42
1;2025-12-09;0;4
1;2025-12-09;1;0
1;2025-12-09;2;0
1;2025-12-09;3;0
1;2025-12-09;4;10
1;2025-12-09;5;122
1;2025-12-09;6;529
1;2025-12-09;7;1637
1;2025-12-09;8;2198
1;2025-12-09;9;1589
1;2025-12-09;10;1374
1;2025-12-09;11;1365
1;2025-12-09;12;1392
1;2025-12-09;13;1469
1;2025-12-09;14;1449
1;2025-12-09;15;1582
1;2025-12-09;16;1577
1;2025-12-09;17;1843
1;2025-12-09;18;1911
1;2025-12-09;19;1399
1;2025-12-09;20;924
1;2025-12-09;21;482
1;2025-12-09;22;191
1;2025-12-09;23;42
1;2025-12-10;0;4
1;2025-12-10;1;0
1;2025-12-10;2;0
1;2025-12-10;3;0
1;2025-12-10;4;10
1;2025-12-10;5;123
1;2025-12-10;6;533
1;2025-12-10;7;1641
1;2025-12-10;8;2207
1;2025-12-10;9;1596
1;2025-12-10;10;1383
1;2025-12-10;11;1377
1;2025-12-10;12;1413
1;2025-12-10;13;1482
1;2025-12-10;14;1465
1;2025-12-10;15;1586
1;2025-12-10;16;1577
1;2025-12-10;17;1856
1;2025-12-10;18;1927
1;2025-12-10;19;1410
1;2025-12-10;20;942
1;2025-12-10;21;492
1;2025-12-10;22;195
1;2025-12-10;23;43
1;2025-12-11;0;4
1;2025-12-11;1;0
1;2025-12-11;2;0
1;2025-12-11;3;0
1;2025-12-11;4;10
1;2025-12-11;5;123
1;2025-12-11;6;533
1;2025-12-11;7;1648
1;2025-12-11;8;2229
1;2025-12-11;9;1605
1;2025-12-11;10;1386
1;2025-12-11;11;1371
1;2025-12-11;12;1413
1;2025-12-11;13;1485
1;2025-12-11;14;1467
1;2025-12-11;15;1594
1;2025-12-11;16;1585
1;2025-12-11;17;1869
1;2025-12-11;18;1934
1;2025-12-11;19;1415
1;2025-12-11;20;929
1;2025-12-11;21;487
1;2025-12-11;22;193
1;2025-12-11;23;42
1;2025-12-12;0;4
1;2025-12-12;1;0
1;2025-12-12;2;0
1;2025-12-12;3;0
1;2025-12-12;4;10
1;2025-12-12;5;122
1;2025-12-12;6;528
1;2025-12-12;7;1624
1;2025-12-12;8;2140
1;2025-12-12;9;1584
1;2025-12-12;10;1383
1;2025-12-12;11;1380
1;2025-12-12;12;1410
1;2025-12-12;13;1481
1;2025-12-12;14;1465
1;2025-12-12;15;1575
1;2025-12-12;16;1562
1;2025-12-12;17;1793
1;2025-12-12;18;1790
1;2025-12-12;19;1366
1;2025-12-12;20;928
1;2025-12-12;21;487
1;2025-12-12;22;193
1;2025-12-12;23;42
1;2025-12-13;0;4
1;2025-12-13;1;0
1;2025-12-13;2;0
1;2025-12-13;3;0
1;2025-12-13;4;0
1;2025-12-13;5;28
1;2025-12-13;6;162
1;2025-12-13;7;359
1;2025-12-13;8;517
1;2025-12-13;9;796
1;2025-12-13;10;933
1;2025-12-13;11;897
1;2025-12-13;12;1060
1;2025-12-13;13;1105
1;2025-12-13;14;1037
1;2025-12-13;15;898
1;2025-12-13;16;782
1;2025-12-13;17;729
1;2025-12-13;18;650
1;2025-12-13;19;555
1;2025-12-13;20;417
1;2025-12-13;21;315
1;2025-12-13;22;122
1;2025-12-13;23;28
1;2025-12-14;0;0
1;2025-12-14;1;0
1;2025-12-14;2;0
1;2025-12-14;3;0
1;2025-12-14;4;0
1;2025-12-14;5;20
1;2025-12-14;6;126
1;2025-12-14;7;295
1;2025-12-14;8;403
1;2025-12-14;9;694
1;2025-12-14;10;726
1;2025-12-14;11;727
1;2025-12-14;12;842
1;2025-12-14;13;859
1;2025-12-14;14;785
1;2025-12-14;15;727
1;2025-12-14;16;697
1;2025-12-14;17;605
1;2025-12-14;18;545
1;2025-12-14;19;476
1;2025-12-14;20;355
1;2025-12-14;21;284
1;2025-12-14;22;106
1;2025-12-14;23;23
1;2025-12-15;0;4
1;2025-12-15;1;0
1;2025-12-15;2;0
1;2025-12-15;3;0
1;2025-12-15;4;10
1;2025-12-15;5;121
1;2025-12-15;6;523
1;2025-12-15;7;1624
1;2025-12-15;8;2176
1;2025-12-15;9;1568
1;2025-12-15;10;1355
1;2025-12-15;11;1352
1;2025-12-15;12;1386
1;2025-12-15;13;1453
1;2025-12-15;14;1435
1;2025-12-15;15;1560
1;2025-12-15;16;1552
1;2025-12-15;17;1827
1;2025-12-15;18;1906
1;2025-12-15;19;1395
1;2025-12-15;20;925
1;2025-12-15;21;481
1;2025-12-15;22;190
1;2025-12-15;23;42
1;2025-12-16;0;4
1;2025-12-16;1;0
1;2025-12-16;2;0
1;2025-12-16;3;0
1;2025-12-16;4;10
1;2025-12-16;5;123
1;2025-12-16;6;531
1;2025-12-16;7;1644
1;2025-12-16;8;2207
1;2025-12-16;9;1595
1;2025-12-16;10;1385
1;2025-12-16;11;1377
1;2025-12-16;12;1407
1;2025-12-16;13;1479
1;2025-12-16;14;1457
1;2025-12-16;15;1586
1;2025-12-16;16;1573
1;2025-12-16;17;1847
1;2025-12-16;18;1916
1;2025-12-16;19;1405
1;2025-12-16;20;936
1;2025-12-16;21;488
1;2025-12-16;22;193
1;2025-12-16;23;43
1;2025-12-17;0;4
1;2025-12-17;1;0
1;2025-12-17;2;0
1;2025-12-17;3;0
1;2025-12-17;4;10
1;2025-12-17;5;123
1;2025-12-17;6;532
1;2025-12-17;7;1648
1;2025-12-17;8;2225
1;2025-12-17;9;1610
1;2025-12-17;10;1394
1;2025-12-17;11;1392
1;2025-12-17;12;1424
1;2025-12-17;13;1495
1;2025-12-17;14;1477
1;2025-12-17;15;1600
1;2025-12-17;16;1590
1;2025-12-17;17;1873
1;2025-12-17;18;1935
1;2025-12-17;19;1415
1;2025-12-17;20;943
1;2025-12-17;21;493
1;2025-12-17;22;195
1;2025-12-17;23;43
1;2025-12-18;0;4
1;2025-12-18;1;0
1;2025-12-18;2;0
1;2025-12-18;3;0
1;2025-12-18;4;10
1;2025-12-18;5;124
1;2025-12-18;6;537
1;2025-12-18;7;1656
1;2025-12-18;8;2232
1;2025-12-18;9;1616
1;2025-12-18;10;1391
1;2025-12-18;11;1385
1;2025-12-18;12;1424
1;2025-12-18;13;1502
1;2025-12-18;14;1484
1;2025-12-18;15;1608
1;2025-12-18;16;1598
1;2025-12-18;17;1877
1;2025-12-18;18;1943
1;2025-12-18;19;1422
1;2025-12-18;20;946
1;2025-12-18;21;495
1;2025-12-18;22;196
1;2025-12-18;23;43
1;2025-12-19;0;4
1;2025-12-19;1;0
1;2025-12-19;2;0
1;2025-12-19;3;0
1;2025-12-19;4;10
1;2025-12-19;5;123
1;2025-12-19;6;531
1;2025-12-19;7;1644
1;2025-12-19;8;2165
1;2025-12-19;9;1605
1;2025-12-19;10;1392
1;2025-12-19;11;1394
1;2025-12-19;12;1427
1;2025-12-19;13;1497
1;2025-12-19;14;1479
1;2025-12-19;15;1605
1;2025-12-19;16;1591
1;2025-12-19;17;1856
1;2025-12-19;18;1821
1;2025-12-19;19;1385
1;2025-12-19;20;932
1;2025-12-19;21;489
1;2025-12-19;22;195
1;2025-12-19;23;43
1;2025-12-20;0;4
1;2025-12-20;1;0
1;2025-12-20;2;0
1;2025-12-20;3;0
1;2025-12-20;4;0
1;2025-12-20;5;29
1;2025-12-20;6;164
1;2025-12-20;7;365
1;2025-12-20;8;529
1;2025-12-20;9;820
1;2025-12-20;10;975
1;2025-12-20;11;929
1;2025-12-20;12;1113
1;2025-12-20;13;1160
1;2025-12-20;14;1090
1;2025-12-20;15;940
1;2025-12-20;16;808
1;2025-12-20;17;750
1;2025-12-20;18;660
1;2025-12-20;19;560
1;2025-12-20;20;419
1;2025-12-20;21;317
1;2025-12-20;22;123
1;2025-12-20;23;28
1;2025-12-21;0;0
1;2025-12-21;1;0
1;2025-12-21;2;0
1;2025-12-21;3;0
1;2025-12-21;4;0
1;2025-12-21;5;20
1;2025-12-21;6;124
1;2025-12-21;7;297
1;2025-12-21;8;408
1;2025-12-21;9;707
1;2025-12-21;10;738
1;2025-12-21;11;735
1;2025-12-21;12;869
1;2025-12-21;13;891
1;2025-12-21;14;811
1;2025-12-21;15;746
1;2025-12-21;16;705
1;2025-12-21;17;613
1;2025-12-21;18;555
1;2025-12-21;19;477
1;2025-12-21;20;354
1;2025-12-21;21;287
1;2025-12-21;22;107
1;2025-12-21;23;23
1;2025-12-22;0;4
1;2025-12-22;1;0
1;2025-12-22;2;0
1;2025-12-22;3;0
1;2025-12-22;4;10
1;2025-12-22;5;121
1;2025-12-22;6;525
1;2025-12-22;7;1635
1;2025-12-22;8;2190
1;2025-12-22;9;1576
1;2025-12-22;10;1363
1;2025-12-22;11;1356
1;2025-12-22;12;1383
1;2025-12-22;13;1445
1;2025-12-22;14;1420
1;2025-12-22;15;1551
1;2025-12-22;16;1535
1;2025-12-22;17;1808
1;2025-12-22;18;1895
1;2025-12-22;19;1387
1;2025-12-22;20;925
1;2025-12-22;21;482
1;2025-12-22;22;190
1;2025-12-22;23;42
1;2025-12-23;0;4
1;2025-12-23;1;0
1;2025-12-23;2;0
1;2025-12-23;3;0
1;2025-12-23;4;10
1;2025-12-23;5;122
1;2025-12-23;6;528
1;2025-12-23;7;1614
1;2025-12-23;8;2162
1;2025-12-23;9;1568
1;2025-12-23;10;1365
1;2025-12-23;11;1362
1;2025-12-23;12;1394
1;2025-12-23;13;1465
1;2025-12-23;14;1447
1;2025-12-23;15;1576
1;2025-12-23;16;1567
1;2025-12-23;17;1839
1;2025-12-23;18;1906
1;2025-12-23;19;1402
1;2025-12-23;20;931
1;2025-12-23;21;486
1;2025-12-23;22;192
1;2025-12-23;23;42
1;2025-12-24;0;4
1;2025-12-24;1;0
1;2025-12-24;2;0
1;2025-12-24;3;0
1;2025-12-24;4;10
1;2025-12-24;5;122
1;2025-12-24;6;527
1;2025-12-24;7;1630
1;2025-12-24;8;2189
1;2025-12-24;9;1584
1;2025-12-24;10;1371
1;2025-12-24;11;1361
1;2025-12-24;12;1398
1;2025-12-24;13;1459
1;2025-12-24;14;1441
1;2025-12-24;15;1566
1;2025-12-24;16;1559
1;2025-12-24;17;1836
1;2025-12-24;18;1900
1;2025-12-24;19;1391
1;2025-12-24;20;928
1;2025-12-24;21;486
1;2025-12-24;22;193
1;2025-12-24;23;42
1;2025-12-25;0;4
1;2025-12-25;1;0
1;2025-12-25;2;0
1;2025-12-25;3;0
1;2025-12-25;4;10
1;2025-12-25;5;123
1;2025-12-25;6;536
1;2025-12-25;7;1648
1;2025-12-25;8;2225
1;2025-12-25;9;1600
1;2025-12-25;10;1386
1;2025-12-25;11;1378
1;2025-12-25;12;1413
1;2025-12-25;13;1483
1;2025-12-25;14;1460
1;2025-12-25;15;1583
1;2025-12-25;16;1574
1;2025-12-25;17;1843
1;2025-12-25;18;1910
1;2025-12-25;19;1398
1;2025-12-25;20;942
1;2025-12-25;21;493
1;2025-12-25;22;195
1;2025-12-25;23;43
1;2025-12-26;0;4
1;2025-12-26;1;0
1;2025-12-26;2;0
1;2025-12-26;3;0
1;2025-12-26;4;10
1;2025-12-26;5;120
1;2025-12-26;6;522
1;2025-12-26;7;1591
1;2025-12-26;8;2078
1;2025-12-26;9;1540
1;2025-12-26;10;1336
1;2025-12-26;11;1328
1;2025-12-26;12;1363
1;2025-12-26;13;1430
1;2025-12-26;14;1413
1;2025-12-26;15;1520
1;2025-12-26;16;1509
1;2025-12-26;17;1746
1;2025-12-26;18;1774
1;2025-12-26;19;1358
1;2025-12-26;20;909
1;2025-12-26;21;479
1;2025-12-26;22;191
1;2025-12-26;23;42
1;2025-12-27;0;4
1;2025-12-27;1;0
1;2025-12-27;2;0
1;2025-12-27;3;0
1;2025-12-27;4;0
1;2025-12-27;5;27
1;2025-12-27;6;155
1;2025-12-27;7;345
1;2025-12-27;8;503
1;2025-12-27;9;780
1;2025-12-27;10;923
1;2025-12-27;11;879
1;2025-12-27;12;1054
1;2025-12-27;13;1099
1;2025-12-27;14;1036
1;2025-12-27;15;886
1;2025-12-27;16;768
1;2025-12-27;17;713
1;2025-12-27;18;629
1;2025-12-27;19;535
1;2025-12-27;20;405
1;2025-12-27;21;304
1;2025-12-27;22;115
1;2025-12-27;23;27
1;2025-12-28;0;0
1;2025-12-28;1;0
1;2025-12-28;2;0
1;2025-12-28;3;0
1;2025-12-28;4;0
1;2025-12-28;5;19
1;2025-12-28;6;121
1;2025-12-28;7;277
1;2025-12-28;8;380
1;2025-12-28;9;668
1;2025-12-28;10;700
1;2025-12-28;11;695
1;2025-12-28;12;827
1;2025-12-28;13;844
1;2025-12-28;14;767
1;2025-12-28;15;705
1;2025-12-28;16;669
1;2025-12-28;17;581
1;2025-12-28;18;523
1;2025-12-28;19;452
1;2025-12-28;20;341
1;2025-12-28;21;273
1;2025-12-28;22;102
1;2025-12-28;23;22
1;2025-12-29;0;4
1;2025-12-29;1;0
1;2025-12-29;2;0
1;2025-12-29;3;0
1;2025-12-29;4;10
1;2025-12-29;5;117
1;2025-12-29;6;508
1;2025-12-29;7;1577
1;2025-12-29;8;2115
1;2025-12-29;9;1522
1;2025-12-29;10;1317
1;2025-12-29;11;1311
1;2025-12-29;12;1344
1;2025-12-29;13;1410
1;2025-12-29;14;1393
1;2025-12-29;15;1512
1;2025-12-29;16;1503
1;2025-12-29;17;1772
1;2025-12-29;18;1849
1;2025-12-29;19;1352
1;2025-12-29;20;898
1;2025-12-29;21;467
1;2025-12-29;22;184
1;2025-12-29;23;40
1;2025-12-30;0;4
1;2025-12-30;1;0
1;2025-12-30;2;0
1;2025-12-30;3;0
1;2025-12-30;4;10
1;2025-12-30;5;119
1;2025-12-30;6;513
1;2025-12-30;7;1591
1;2025-12-30;8;2114
1;2025-12-30;9;1542
1;2025-12-30;10;1339
1;2025-12-30;11;1333
1;2025-12-30;12;1363
1;2025-12-30;13;1432
1;2025-12-30;14;1414
1;2025-12-30;15;1541
1;2025-12-30;16;1532
1;2025-12-30;17;1793
1;2025-12-30;18;1803
1;2025-12-30;19;1339
1;2025-12-30;20;901
1;2025-12-30;21;471
1;2025-12-30;22;187
1;2025-12-30;23;41
1;2025-12-31;0;0
1;2025-12-31;1;0
1;2025-12-31;2;0
1;2025-12-31;3;0
1;2025-12-31;4;0
1;2025-12-31;5;19
1;2025-12-31;6;125
1;2025-12-31;7;292
1;2025-12-31;8;385
1;2025-12-31;9;660
1;2025-12-31;10;693
1;2025-12-31;11;689
1;2025-12-31;12;828
1;2025-12-31;13;841
1;2025-12-31;14;761
1;2025-12-31;15;694
1;2025-12-31;16;659
1;2025-12-31;17;568
1;2025-12-31;18;517
1;2025-12-31;19;445
1;2025-12-31;20;348
1;2025-12-31;21;280
1;2025-12-31;22;105
1;2025-12-31;23;23
5;2025-11-01;0;0
5;2025-11-01;1;0
5;2025-11-01;2;0
5;2025-11-01;3;0
5;2025-11-01;4;0
5;2025-11-01;5;0
5;2025-11-01;6;0
5;2025-11-01;7;0
5;2025-11-01;8;0
5;2025-11-01;9;0
5;2025-11-01;10;0
5;2025-11-01;11;0
5;2025-11-01;12;0
5;2025-11-01;13;0
5;2025-11-01;14;0
5;2025-11-01;15;0
5;2025-11-01;16;0
5;2025-11-01;17;0
5;2025-11-01;18;0
5;2025-11-01;19;0
5;2025-11-01;20;0
5;2025-11-01;21;0
5;2025-11-01;22;0
5;2025-11-01;23;0
5;2025-11-02;0;0
5;2025-11-02;1;0
5;2025-11-02;2;0
5;2025-11-02;3;0
5;2025-11-02;4;0
5;2025-11-02;5;0
5;2025-11-02;6;0
5;2025-11-02;7;0
5;2025-11-02;8;0
5;2025-11-02;9;0
5;2025-11-02;10;0
5;2025-11-02;11;0
5;2025-11-02;12;0
5;2025-11-02;13;0
5;2025-11-02;14;0
5;2025-11-02;15;0
5;2025-11-02;16;0
5;2025-11-02;17;0
5;2025-11-02;18;0
5;2025-11-02;19;0
5;2025-11-02;20;0
5;2025-11-02;21;0
5;2025-11-02;22;0
5;2025-11-02;23;0
5;2025-11-03;0;0
5;2025-11-03;1;0
5;2025-11-03;2;0
5;2025-11-03;3;0
5;2025-11-03;4;0
5;2025-11-03;5;0
5;2025-11-03;6;0
5;2025-11-03;7;0
5;2025-11-03;8;0
5;2025-11-03;9;0
5;2025-11-03;10;0
5;2025-11-03;11;0
5;2025-11-03;12;0
5;2025-11-03;13;0
5;2025-11-03;14;0
5;2025-11-03;15;0
5;2025-11-03;16;0
5;2025-11-03;17;0
5;2025-11-03;18;0
5;2025-11-03;19;0
5;2025-11-03;20;0
5;2025-11-03;21;0
5;2025-11-03;22;0
5;2025-11-03;23;0
5;2025-11-04;0;0
5;2025-11-04;1;0
5;2025-11-04;2;0
5;2025-11-04;3;0
5;2025-11-04;4;0
5;2025-11-04;5;0
5;2025-11-04;6;0
5;2025-11-04;7;0
5;2025-11-04;8;0
5;2025-11-04;9;0
5;2025-11-04;10;0
5;2025-11-04;11;0
5;2025-11-04;12;0
5;2025-11-04;13;0
5;2025-11-04;14;0
5;2025-11-04;15;0
5;2025-11-04;16;0
5;2025-11-04;17;0
5;2025-11-04;18;0
5;2025-11-04;19;0
5;2025-11-04;20;0
5;2025-11-04;21;0
5;2025-11-04;22;0
5;2025-11-04;23;0
5;2025-11-05;0;0
5;2025-11-05;1;0
5;2025-11-05;2;0
5;2025-11-05;3;0
5;2025-11-05;4;0
5;2025-11-05;5;0
5;2025-11-05;6;0
5;2025-11-05;7;0
5;2025-11-05;8;0
5;2025-11-05;9;0
5;2025-11-05;10;0
5;2025-11-05;11;0
5;2025-11-05;12;0
5;2025-11-05;13;0
5;2025-11-05;14;0
5;2025-11-05;15;0
5;2025-11-05;16;0
5;2025-11-05;17;0
5;2025-11-05;18;0
5;2025-11-05;19;0
5;2025-11-05;20;0
5;2025-11-05;21;0
5;2025-11-05;22;0
5;2025-11-05;23;0
5;2025-11-06;0;0
5;2025-11-06;1;0
5;2025-11-06;2;0
5;2025-11-06;3;0
5;2025-11-06;4;0
5;2025-11-06;5;0
5;2025-11-06;6;0
5;2025-11-06;7;0
5;2025-11-06;8;0
5;2025-11-06;9;0
5;2025-11-06;10;0
5;2025-11-06;11;0
5;2025-11-06;12;0
5;2025-11-06;13;0
5;2025-11-06;14;0
5;2025-11-06;15;0
5;2025-11-06;16;0
5;2025-11-06;17;0
5;2025-11-06;18;0
5;2025-11-06;19;0
5;2025-11-06;20;0
5;2025-11-06;21;0
5;2025-11-06;22;0
5;2025-11-06;23;0
5;2025-11-07;0;0
5;2025-11-07;1;0
5;2025-11-07;2;0
5;2025-11-07;3;0
5;2025-11-07;4;0
5;2025-11-07;5;0
5;2025-11-07;6;0
5;2025-11-07;7;0
5;2025-11-07;8;0
5;2025-11-07;9;0
5;2025-11-07;10;0
5;2025-11-07;11;0
5;2025-11-07;12;0
5;2025-11-07;13;0
5;2025-11-07;14;0
5;2025-11-07;15;0
5;2025-11-07;16;0
5;2025-11-07;17;0
5;2025-11-07;18;0
5;2025-11-07;19;0
5;2025-11-07;20;0
5;2025-11-07;21;0
5;2025-11-07;22;0
5;2025-11-07;23;0
5;2025-11-08;0;0
5;2025-11-08;1;0
5;2025-11-08;2;0
5;2025-11-08;3;0
5;2025-11-08;4;0
5;2025-11-08;5;0
5;2025-11-08;6;0
5;2025-11-08;7;0
5;2025-11-08;8;0
5;2025-11-08;9;0
5;2025-11-08;10;0
5;2025-11-08;11;0
5;2025-11-08;12;0
5;2025-11-08;13;0
5;2025-11-08;14;0
5;2025-11-08;15;0
5;2025-11-08;16;0
5;2025-11-08;17;0
5;2025-11-08;18;0
5;2025-11-08;19;0
5;2025-11-08;20;0
5;2025-11-08;21;0
5;2025-11-08;22;0
5;2025-11-08;23;0
5;2025-11-09;0;0
5;2025-11-09;1;0
5;2025-11-09;2;0
5;2025-11-09;3;0
5;2025-11-09;4;0
5;2025-11-09;5;0
5;2025-11-09;6;0
5;2025-11-09;7;0
5;2025-11-09;8;0
5;2025-11-09;9;0
5;2025-11-09;10;0
5;2025-11-09;11;0
5;2025-11-09;12;0
5;2025-11-09;13;0
5;2025-11-09;14;0
5;2025-11-09;15;0
5;2025-11-09;16;0
5;2025-11-09;17;0
5;2025-11-09;18;0
5;2025-11-09;19;0
5;2025-11-09;20;0
5;2025-11-09;21;0
5;2025-11-09;22;0
5;2025-11-09;23;0
5;2025-11-10;0;0
5;2025-11-10;1;0
5;2025-11-10;2;0
5;2025-11-10;3;0
5;2025-11-10;4;0
5;2025-11-10;5;0
5;2025-11-10;6;0
5;2025-11-10;7;0
5;2025-11-10;8;0
5;2025-11-10;9;0
5;2025-11-10;10;0
5;2025-11-10;11;0
5;2025-11-10;12;0
5;2025-11-10;13;0
5;2025-11-10;14;0
5;2025-11-10;15;0
5;2025-11-10;16;0
5;2025-11-10;17;0
5;2025-11-10;18;0
5;2025-11-10;19;0
5;2025-11-10;20;0
5;2025-11-10;21;0
5;2025-11-10;22;0
5;2025-11-10;23;0
5;2025-11-11;0;0
5;2025-11-11;1;0
5;2025-11-11;2;0
5;2025-11-11;3;0
5;2025-11-11;4;0
5;2025-11-11;5;0
5;2025-11-11;6;0
5;2025-11-11;7;0
5;2025-11-11;8;0
5;2025-11-11;9;0
5;2025-11-11;10;0
5;2025-11-11;11;0
5;2025-11-11;12;0
5;2025-11-11;13;0
5;2025-11-11;14;0
5;2025-11-11;15;0
5;2025-11-11;16;0
5;2025-11-11;17;0
5;2025-11-11;18;0
5;2025-11-11;19;0
5;2025-11-11;20;0
5;2025-11-11;21;0
5;2025-11-11;22;0
5;2025-11-11;23;0
5;2025-11-12;0;0
5;2025-11-12;1;0
5;2025-11-12;2;0
5;2025-11-12;3;0
5;2025-11-12;4;0
5;2025-11-12;5;0
5;2025-11-12;6;0
5;2025-11-12;7;0
5;2025-11-12;8;0
5;2025-11-12;9;0
5;2025-11-12;10;0
5;2025-11-12;11;0
5;2025-11-12;12;0
5;2025-11-12;13;0
5;2025-11-12;14;0
5;2025-11-12;15;0
5;2025-11-12;16;0
5;2025-11-12;17;0
5;2025-11-12;18;0
5;2025-11-12;19;0
5;2025-11-12;20;0
5;2025-11-12;21;0
5;2025-11-12;22;0
5;2025-11-12;23;0
5;2025-11-13;0;0
5;2025-11-13;1;0
5;2025-11-13;2;0
5;2025-11-13;3;0
5;2025-11-13;4;0
5;2025-11-13;5;0
5;2025-11-13;6;0
5;2025-11-13;7;0
5;2025-11-13;8;0
5;2025-11-13;9;0
5;2025-11-13;10;0
5;2025-11-13;11;0
5;2025-11-13;12;0
5;2025-11-13;13;0
5;2025-11-13;14;0
5;2025-11-13;15;0
5;2025-11-13;16;0
5;2025-11-13;17;0
5;2025-11-13;18;0
5;2025-11-13;19;0
5;2025-11-13;20;0
5;2025-11-13;21;0
5;2025-11-13;22;0
5;2025-11-13;23;0
5;2025-11-14;0;0
5;2025-11-14;1;0
5;2025-11-14;2;0
5;2025-11-14;3;0
5;2025-11-14;4;0
5;2025-11-14;5;0
5;2025-11-14;6;0
5;2025-11-14;7;0
5;2025-11-14;8;0
5;2025-11-14;9;0
5;2025-11-14;10;0
5;2025-11-14;11;0
5;2025-11-14;12;0
5;2025-11-14;13;0
5;2025-11-14;14;0
5;2025-11-14;15;0
5;2025-11-14;16;0
5;2025-11-14;17;0
5;2025-11-14;18;0
5;2025-11-14;19;0
5;2025-11-14;20;0
5;2025-11-14;21;0
5;2025-11-14;22;0
5;2025-11-14;23;0
5;2025-11-15;0;0
5;2025-11-15;1;0
5;2025-11-15;2;0
5;2025-11-15;3;0
5;2025-11-15;4;0
5;2025-11-15;5;0
5;2025-11-15;6;0
5;2025-11-15;7;0
5;2025-11-15;8;0
5;2025-11-15;9;0
5;2025-11-15;10;0
5;2025-11-15;11;0
5;2025-11-15;12;0
5;2025-11-15;13;0
5;2025-11-15;14;0
5;2025-11-15;15;0
5;2025-11-15;16;0
5;2025-11-15;17;0
5;2025-11-15;18;0
5;2025-11-15;19;0
5;2025-11-15;20;0
5;2025-11-15;21;0
5;2025-11-15;22;0
5;2025-11-15;23;0
5;2025-11-16;0;0
5;2025-11-16;1;0
5;2025-11-16;2;0
5;2025-11-16;3;0
5;2025-11-16;4;0
5;2025-11-16;5;0
5;2025-11-16;6;0
5;2025-11-16;7;0
5;2025-11-16;8;0
5;2025-11-16;9;0
5;2025-11-16;10;0
5;2025-11-16;11;0
5;2025-11-16;12;0
5;2025-11-16;13;0
5;2025-11-16;14;0
5;2025-11-16;15;0
5;2025-11-16;16;0
5;2025-11-16;17;0
5;2025-11-16;18;0
5;2025-11-16;19;0
5;2025-11-16;20;0
5;2025-11-16;21;0
5;2025-11-16;22;0
5;2025-11-16;23;0
5;2025-11-17;0;0
5;2025-11-17;1;0
5;2025-11-17;2;0
5;2025-11-17;3;0
5;2025-11-17;4;0
5;2025-11-17;5;0
5;2025-11-17;6;0
5;2025-11-17;7;0
5;2025-11-17;8;0
5;2025-11-17;9;0
5;2025-11-17;10;0
5;2025-11-17;11;0
5;2025-11-17;12;0
5;2025-11-17;13;0
5;2025-11-17;14;0
5;2025-11-17;15;0
5;2025-11-17;16;0
5;2025-11-17;17;0
5;2025-11-17;18;0
5;2025-11-17;19;0
5;2025-11-17;20;0
5;2025-11-17;21;0
5;2025-11-17;22;0
5;2025-11-17;23;0
5;2025-11-18;0;0
5;2025-11-18;1;0
5;2025-11-18;2;0
5;2025-11-18;3;0
5;2025-11-18;4;0
5;2025-11-18;5;0
5;2025-11-18;6;0
5;2025-11-18;7;0
5;2025-11-18;8;0
5;2025-11-18;9;0
5;2025-11-18;10;0
5;2025-11-18;11;0
5;2025-11-18;12;0
5;2025-11-18;13;0
5;2025-11-18;14;0
5;2025-11-18;15;0
5;2025-11-18;16;0
5;2025-11-18;17;0
5;2025-11-18;18;0
5;2025-11-18;19;0
5;2025-11-18;20;0
5;2025-11-18;21;0
5;2025-11-18;22;0
5;2025-11-18;23;0
5;2025-11-19;0;0
5;2025-11-19;1;0
5;2025-11-19;2;0
5;2025-11-19;3;0
5;2025-11-19;4;0
5;2025-11-19;5;0
5;2025-11-19;6;0
5;2025-11-19;7;0
5;2025-11-19;8;0
5;2025-11-19;9;0
5;2025-11-19;10;0
5;2025-11-19;11;0
5;2025-11-19;12;0
5;2025-11-19;13;0
5;2025-11-19;14;0
5;2025-11-19;15;0
5;2025-11-19;16;0
5;2025-11-19;17;0
5;2025-11-19;18;0
5;2025-11-19;19;0
5;2025-11-19;20;0
5;2025-11-19;21;0
5;2025-11-19;22;0
5;2025-11-19;23;0
5;2025-11-20;0;0
5;2025-11-20;1;0
5;2025-11-20;2;0
5;2025-11-20;3;0
5;2025-11-20;4;0
5;2025-11-20;5;0
5;2025-11-20;6;0
5;2025-11-20;7;0
5;2025-11-20;8;0
5;2025-11-20;9;0
5;2025-11-20;10;0
5;2025-11-20;11;0
5;2025-11-20;12;0
5;2025-11-20;13;0
5;2025-11-20;14;0
5;2025-11-20;15;0
5;2025-11-20;16;0
5;2025-11-20;17;0
5;2025-11-20;18;0
5;2025-11-20;19;0
5;2025-11-20;20;0
5;2025-11-20;21;0
5;2025-11-20;22;0
5;2025-11-20;23;0
5;2025-11-21;0;0
5;2025-11-21;1;0
5;2025-11-21;2;0
5;2025-11-21;3;0
5;2025-11-21;4;0
5;2025-11-21;5;0
5;2025-11-21;6;0
5;2025-11-21;7;0
5;2025-11-21;8;0
5;2025-11-21;9;0
5;2025-11-21;10;0
5;2025-11-21;11;0
5;2025-11-21;12;0
5;2025-11-21;13;0
5;2025-11-21;14;0
5;2025-11-21;15;0
5;2025-11-21;16;0
5;2025-11-21;17;0
5;2025-11-21;18;0
5;2025-11-21;19;0
5;2025-11-21;20;0
5;2025-11-21;21;0
5;2025-11-21;22;0
5;2025-11-21;23;0
5;2025-11-22;0;0
5;2025-11-22;1;0
5;2025-11-22;2;0
5;2025-11-22;3;0
5;2025-11-22;4;0
5;2025-11-22;5;0
5;2025-11-22;6;0
5;2025-11-22;7;0
5;2025-11-22;8;0
5;2025-11-22;9;0
5;2025-11-22;10;0
5;2025-11-22;11;0
5;2025-11-22;12;0
5;2025-11-22;13;0
5;2025-11-22;14;0
5;2025-11-22;15;0
5;2025-11-22;16;0
5;2025-11-22;17;0
5;2025-11-22;18;0
5;2025-11-22;19;0
5;2025-11-22;20;0
5;2025-11-22;21;0
5;2025-11-22;22;0
5;2025-11-22;23;0
5;2025-11-23;0;0
5;2025-11-23;1;0
5;2025-11-23;2;0
5;2025-11-23;3;0
5;2025-11-23;4;0
5;2025-11-23;5;0
5;2025-11-23;6;0
5;2025-11-23;7;0
5;2025-11-23;8;0
5;2025-11-23;9;0
5;2025-11-23;10;0
5;2025-11-23;11;0
5;2025-11-23;12;0
5;2025-11-23;13;0
5;2025-11-23;14;0
5;2025-11-23;15;0
5;2025-11-23;16;0
5;2025-11-23;17;0
5;2025-11-23;18;0
5;2025-11-23;19;0
5;2025-11-23;20;0
5;2025-11-23;21;0
5;2025-11-23;22;0
5;2025-11-23;23;0
5;2025-11-24;0;0
5;2025-11-24;1;0
5;2025-11-24;2;0
5;2025-11-24;3;0
5;2025-11-24;4;0
5;2025-11-24;5;0
5;2025-11-24;6;0
5;2025-11-24;7;0
5;2025-11-24;8;0
5;2025-11-24;9;0
5;2025-11-24;10;0
5;2025-11-24;11;0
5;2025-11-24;12;0
5;2025-11-24;13;0
5;2025-11-24;14;0
5;2025-11-24;15;0
5;2025-11-24;16;0
5;2025-11-24;17;0
5;2025-11-24;18;0
5;2025-11-24;19;0
5;2025-11-24;20;0
5;2025-11-24;21;0
5;2025-11-24;22;0
5;2025-11-24;23;0
5;2025-11-25;0;0
5;2025-11-25;1;0
5;2025-11-25;2;0
5;2025-11-25;3;0
5;2025-11-25;4;0
5;2025-11-25;5;0
5;2025-11-25;6;0
5;2025-11-25;7;0
5;2025-11-25;8;0
5;2025-11-25;9;0
5;2025-11-25;10;0
5;2025-11-25;11;0
5;2025-11-25;12;0
5;2025-11-25;13;0
5;2025-11-25;14;0
5;2025-11-25;15;0
5;2025-11-25;16;0
5;2025-11-25;17;0
5;2025-11-25;18;0
5;2025-11-25;19;0
5;2025-11-25;20;0
5;2025-11-25;21;0
5;2025-11-25;22;0
5;2025-11-25;23;0
5;2025-11-26;0;0
5;2025-11-26;1;0
5;2025-11-26;2;0
5;2025-11-26;3;0
5;2025-11-26;4;0
5;2025-11-26;5;0
5;2025-11-26;6;0
5;2025-11-26;7;0
5;2025-11-26;8;0
5;2025-11-26;9;0
5;2025-11-26;10;0
5;2025-11-26;11;0
5;2025-11-26;12;0
5;2025-11-26;13;0
5;2025-11-26;14;0
5;2025-11-26;15;0
5;2025-11-26;16;0
5;2025-11-26;17;0
5;2025-11-26;18;0
5;2025-11-26;19;0
5;2025-11-26;20;0
5;2025-11-26;21;0
5;2025-11-26;22;0
5;2025-11-26;23;0
5;2025-11-27;0;0
5;2025-11-27;1;0
5;2025-11-27;2;0
5;2025-11-27;3;0
5;2025-11-27;4;0
5;2025-11-27;5;0
5;2025-11-27;6;0
5;2025-11-27;7;0
5;2025-11-27;8;0
5;2025-11-27;9;0
5;2025-11-27;10;0
5;2025-11-27;11;0
5;2025-11-27;12;0
5;2025-11-27;13;0
5;2025-11-27;14;0
5;2025-11-27;15;0
5;2025-11-27;16;0
5;2025-11-27;17;0
5;2025-11-27;18;0
5;2025-11-27;19;0
5;2025-11-27;20;0
5;2025-11-27;21;0
5;2025-11-27;22;0
5;2025-11-27;23;0
5;2025-11-28;0;0
5;2025-11-28;1;0
5;2025-11-28;2;0
5;2025-11-28;3;0
5;2025-11-28;4;0
5;2025-11-28;5;0
5;2025-11-28;6;0
5;2025-11-28;7;0
5;2025-11-28;8;0
5;2025-11-28;9;0
5;2025-11-28;10;0
5;2025-11-28;11;0
5;2025-11-28;12;0
5;2025-11-28;13;0
5;2025-11-28;14;0
5;2025-11-28;15;0
5;2025-11-28;16;0
5;2025-11-28;17;0
5;2025-11-28;18;0
5;2025-11-28;19;0
5;2025-11-28;20;0
5;2025-11-28;21;0
5;2025-11-28;22;0
5;2025-11-28;23;0
5;2025-11-29;0;0
5;2025-11-29;1;0
5;2025-11-29;2;0
5;2025-11-29;3;0
5;2025-11-29;4;0
5;2025-11-29;5;0
5;2025-11-29;6;0
5;2025-11-29;7;0
5;2025-11-29;8;0
5;2025-11-29;9;0
5;2025-11-29;10;0
5;2025-11-29;11;0
5;2025-11-29;12;0
5;2025-11-29;13;0
5;2025-11-29;14;0
5;2025-11-29;15;0
5;2025-11-29;16;0
5;2025-11-29;17;0
5;2025-11-29;18;0
5;2025-11-29;19;0
5;2025-11-29;20;0
5;2025-11-29;21;0
5;2025-11-29;22;0
5;2025-11-29;23;0
5;2025-11-30;0;0
5;2025-11-30;1;0
5;2025-11-30;2;0
5;2025-11-30;3;0
5;2025-11-30;4;0
5;2025-11-30;5;0
5;2025-11-30;6;0
5;2025-11-30;7;0
5;2025-11-30;8;0
5;2025-11-30;9;0
5;2025-11-30;10;0
5;2025-11-30;11;0
5;2025-11-30;12;0
5;2025-11-30;13;0
5;2025-11-30;14;0
5;2025-11-30;15;0
5;2025-11-30;16;0
5;2025-11-30;17;0
5;2025-11-30;18;0
5;2025-11-30;19;0
5;2025-11-30;20;0
5;2025-11-30;21;0
5;2025-11-30;22;0
5;2025-11-30;23;0
5;2025-12-01;0;0
5;2025-12-01;1;0
5;2025-12-01;2;0
5;2025-12-01;3;0
5;2025-12-01;4;0
5;2025-12-01;5;0
5;2025-12-01;6;0
5;2025-12-01;7;0
5;2025-12-01;8;0
5;2025-12-01;9;0
5;2025-12-01;10;0
5;2025-12-01;11;0
5;2025-12-01;12;0
5;2025-12-01;13;0
5;2025-12-01;14;0
5;2025-12-01;15;0
5;2025-12-01;16;0
5;2025-12-01;17;0
5;2025-12-01;18;0
5;2025-12-01;19;0
5;2025-12-01;20;0
5;2025-12-01;21;0
5;2025-12-01;22;0
5;2025-12-01;23;0
5;2025-12-02;0;0
5;2025-12-02;1;0
5;2025-12-02;2;0
5;2025-12-02;3;0
5;2025-12-02;4;0
5;2025-12-02;5;0
5;2025-12-02;6;0
5;2025-12-02;7;0
5;2025-12-02;8;0
5;2025-12-02;9;0
5;2025-12-02;10;0
5;2025-12-02;11;0
5;2025-12-02;12;0
5;2025-12-02;13;0
5;2025-12-02;14;0
5;2025-12-02;15;0
5;2025-12-02;16;0
5;2025-12-02;17;0
5;2025-12-02;18;0
5;2025-12-02;19;0
5;2025-12-02;20;0
5;2025-12-02;21;0
5;2025-12-02;22;0
5;2025-12-02;23;0
5;2025-12-03;0;0
5;2025-12-03;1;0
5;2025-12-03;2;0
5;2025-12-03;3;0
5;2025-12-03;4;0
5;2025-12-03;5;0
5;2025-12-03;6;0
5;2025-12-03;7;0
5;2025-12-03;8;0
5;2025-12-03;9;0
5;2025-12-03;10;0
5;2025-12-03;11;0
5;2025-12-03;12;0
5;2025-12-03;13;0
5;2025-12-03;14;0
5;2025-12-03;15;0
5;2025-12-03;16;0
5;2025-12-03;17;0
5;2025-12-03;18;0
5;2025-12-03;19;0
5;2025-12-03;20;0
5;2025-12-03;21;0
5;2025-12-03;22;0
5;2025-12-03;23;0
5;2025-12-04;0;0
5;2025-12-04;1;0
5;2025-12-04;2;0
5;2025-12-04;3;0
5;2025-12-04;4;0
5;2025-12-04;5;0
5;2025-12-04;6;0
5;2025-12-04;7;0
5;2025-12-04;8;0
5;2025-12-04;9;0
5;2025-12-04;10;0
5;2025-12-04;11;0
5;2025-12-04;12;0
5;2025-12-04;13;0
5;2025-12-04;14;0
5;2025-12-04;15;0
5;2025-12-04;16;0
5;2025-12-04;17;0
5;2025-12-04;18;0
5;2025-12-04;19;0
5;2025-12-04;20;0
5;2025-12-04;21;0
5;2025-12-04;22;0
5;2025-12-04;23;0
5;2025-12-05;0;0
5;2025-12-05;1;0
5;2025-12-05;2;0
5;2025-12-05;3;0
5;2025-12-05;4;0
5;2025-12-05;5;0
5;2025-12-05;6;0
5;2025-12-05;7;0
5;2025-12-05;8;0
5;2025-12-05;9;0
5;2025-12-05;10;0
5;2025-12-05;11;0
5;2025-12-05;12;0
5;2025-12-05;13;0
5;2025-12-05;14;0
5;2025-12-05;15;0
5;2025-12-05;16;0
5;2025-12-05;17;0
5;2025-12-05;18;0
5;2025-12-05;19;0
5;2025-12-05;20;0
5;2025-12-05;21;0
5;2025-12-05;22;0
5;2025-12-05;23;0
5;2025-12-06;0;0
5;2025-12-06;1;0
5;2025-12-06;2;0
5;2025-12-06;3;0
5;2025-12-06;4;0
5;2025-12-06;5;0
5;2025-12-06;6;0
5;2025-12-06;7;0
5;2025-12-06;8;0
5;2025-12-06;9;0
5;2025-12-06;10;0
5;2025-12-06;11;0
5;2025-12-06;12;0
5;2025-12-06;13;0
5;2025-12-06;14;0
5;2025-12-06;15;0
5;2025-12-06;16;0
5;2025-12-06;17;0
5;2025-12-06;18;0
5;2025-12-06;19;0
5;2025-12-06;20;0
5;2025-12-06;21;0
5;2025-12-06;22;0
5;2025-12-06;23;0
5;2025-12-07;0;0
5;2025-12-07;1;0
5;2025-12-07;2;0
5;2025-12-07;3;0
5;2025-12-07;4;0
5;2025-12-07;5;0
5;2025-12-07;6;0
5;2025-12-07;7;0
5;2025-12-07;8;0
5;2025-12-07;9;0
5;2025-12-07;10;0
5;2025-12-07;11;0
5;2025-12-07;12;0
5;2025-12-07;13;0
5;2025-12-07;14;0
5;2025-12-07;15;0
5;2025-12-07;16;0
5;2025-12-07;17;0
5;2025-12-07;18;0
5;2025-12-07;19;0
5;2025-12-07;20;0
5;2025-12-07;21;0
5;2025-12-07;22;0
5;2025-12-07;23;0
5;2025-12-08;0;0
5;2025-12-08;1;0
5;2025-12-08;2;0
5;2025-12-08;3;0
5;2025-12-08;4;0
5;2025-12-08;5;0
5;2025-12-08;6;0
5;2025-12-08;7;0
5;2025-12-08;8;0
5;2025-12-08;9;0
5;2025-12-08;10;0
5;2025-12-08;11;0
5;2025-12-08;12;0
5;2025-12-08;13;0
5;2025-12-08;14;0
5;2025-12-08;15;0
5;2025-12-08;16;0
5;2025-12-08;17;0
5;2025-12-08;18;0
5;2025-12-08;19;0
5;2025-12-08;20;0
5;2025-12-08;21;0
5;2025-12-08;22;0
5;2025-12-08;23;0
5;2025-12-09;0;0
5;2025-12-09;1;0
5;2025-12-09;2;0
5;2025-12-09;3;0
5;2025-12-09;4;0
5;2025-12-09;5;0
5;2025-12-09;6;0
5;2025-12-09;7;0
5;2025-12-09;8;0
5;2025-12-09;9;0
5;2025-12-09;10;0
5;2025-12-09;11;0
5;2025-12-09;12;0
5;2025-12-09;13;0
5;2025-12-09;14;0
5;2025-12-09;15;0
5;2025-12-09;16;0
5;2025-12-09;17;0
5;2025-12-09;18;0
5;2025-12-09;19;0
5;2025-12-09;20;0
5;2025-12-09;21;0
5;2025-12-09;22;0
5;2025-12-09;23;0
5;2025-12-10;0;0
5;2025-12-10;1;0
5;2025-12-10;2;0
5;2025-12-10;3;0
5;2025-12-10;4;0
5;2025-12-10;5;0
5;2025-12-10;6;0
5;2025-12-10;7;0
5;2025-12-10;8;0
5;2025-12-10;9;0
5;2025-12-10;10;0
5;2025-12-10;11;0
5;2025-12-10;12;0
5;2025-12-10;13;0
5;2025-12-10;14;0
5;2025-12-10;15;0
5;2025-12-10;16;0
5;2025-12-10;17;0
5;2025-12-10;18;0
5;2025-12-10;19;0
5;2025-12-10;20;0
5;2025-12-10;21;0
5;2025-12-10;22;0
5;2025-12-10;23;0
5;2025-12-11;0;0
5;2025-12-11;1;0
5;2025-12-11;2;0
5;2025-12-11;3;0
5;2025-12-11;4;0
5;2025-12-11;5;0
5;2025-12-11;6;0
5;2025-12-11;7;0
5;2025-12-11;8;0
5;2025-12-11;9;0
5;2025-12-11;10;0
5;2025-12-11;11;0
5;2025-12-11;12;0
5;2025-12-11;13;0
5;2025-12-11;14;0
5;2025-12-11;15;0
5;2025-12-11;16;0
5;2025-12-11;17;0
5;2025-12-11;18;0
5;2025-12-11;19;0
5;2025-12-11;20;0
5;2025-12-11;21;0
5;2025-12-11;22;0
5;2025-12-11;23;0
5;2025-12-12;0;0
5;2025-12-12;1;0
5;2025-12-12;2;0
5;2025-12-12;3;0
5;2025-12-12;4;0
5;2025-12-12;5;0
5;2025-12-12;6;0
5;2025-12-12;7;0
5;2025-12-12;8;0
5;2025-12-12;9;0
5;2025-12-12;10;0
5;2025-12-12;11;0
5;2025-12-12;12;0
5;2025-12-12;13;0
5;2025-12-12;14;0
5;2025-12-12;15;0
5;2025-12-12;16;0
5;2025-12-12;17;0
5;2025-12-12;18;0
5;2025-12-12;19;0
5;2025-12-12;20;0
5;2025-12-12;21;0
5;2025-12-12;22;0
5;2025-12-12;23;0
5;2025-12-13;0;0
5;2025-12-13;1;0
5;2025-12-13;2;0
5;2025-12-13;3;0
5;2025-12-13;4;0
5;2025-12-13;5;0
5;2025-12-13;6;0
5;2025-12-13;7;0
5;2025-12-13;8;0
5;2025-12-13;9;0
5;2025-12-13;10;0
5;2025-12-13;11;0
5;2025-12-13;12;0
5;2025-12-13;13;0
5;2025-12-13;14;0
5;2025-12-13;15;0
5;2025-12-13;16;0
5;2025-12-13;17;0
5;2025-12-13;18;0
5;2025-12-13;19;0
5;2025-12-13;20;0
5;2025-12-13;21;0
5;2025-12-13;22;0
5;2025-12-13;23;0
5;2025-12-14;0;0
5;2025-12-14;1;0
5;2025-12-14;2;0
5;2025-12-14;3;0
5;2025-12-14;4;0
5;2025-12-14;5;0
5;2025-12-14;6;0
5;2025-12-14;7;0
5;2025-12-14;8;0
5;2025-12-14;9;0
5;2025-12-14;10;0
5;2025-12-14;11;0
5;2025-12-14;12;0
5;2025-12-14;13;0
5;2025-12-14;14;0
5;2025-12-14;15;0
5;2025-12-14;16;0
5;2025-12-14;17;0
5;2025-12-14;18;0
5;2025-12-14;19;0
5;2025-12-14;20;0
5;2025-12-14;21;0
5;2025-12-14;22;0
5;2025-12-14;23;0
5;2025-12-15;0;0
5;2025-12-15;1;0
5;2025-12-15;2;0
5;2025-12-15;3;0
5;2025-12-15;4;0
5;2025-12-15;5;0
5;2025-12-15;6;0
5;2025-12-15;7;0
5;2025-12-15;8;0
5;2025-12-15;9;0
5;2025-12-15;10;0
5;2025-12-15;11;0
5;2025-12-15;12;0
5;2025-12-15;13;0
5;2025-12-15;14;0
5;2025-12-15;15;0
5;2025-12-15;16;0
5;2025-12-15;17;0
5;2025-12-15;18;0
5;2025-12-15;19;0
5;2025-12-15;20;0
5;2025-12-15;21;0
5;2025-12-15;22;0
5;2025-12-15;23;0
5;2025-12-16;0;0
5;2025-12-16;1;0
5;2025-12-16;2;0
5;2025-12-16;3;0
5;2025-12-16;4;0
5;2025-12-16;5;0
5;2025-12-16;6;0
5;2025-12-16;7;0
5;2025-12-16;8;0
5;2025-12-16;9;0
5;2025-12-16;10;0
5;2025-12-16;11;0
5;2025-12-16;12;0
5;2025-12-16;13;0
5;2025-12-16;14;0
5;2025-12-16;15;0
5;2025-12-16;16;0
5;2025-12-16;17;0
5;2025-12-16;18;0
5;2025-12-16;19;0
5;2025-12-16;20;0
5;2025-12-16;21;0
5;2025-12-16;22;0
5;2025-12-16;23;0
5;2025-12-17;0;9
5;2025-12-17;1;1
5;2025-12-17;2;0
5;2025-12-17;3;0
5;2025-12-17;4;1
5;2025-12-17;5;36
5;2025-12-17;6;171
5;2025-12-17;7;418
5;2025-12-17;8;610
5;2025-12-17;9;433
5;2025-12-17;10;352
5;2025-12-17;11;334
5;2025-12-17;12;344
5;2025-12-17;13;353
5;2025-12-17;14;356
5;2025-12-17;15;377
5;2025-12-17;16;418
5;2025-12-17;17;511
5;2025-12-17;18;538
5;2025-12-17;19;370
5;2025-12-17;20;243
5;2025-12-17;21;149
5;2025-12-17;22;68
5;2025-12-17;23;35
5;2025-12-18;0;9
5;2025-12-18;1;1
5;2025-12-18;2;0
5;2025-12-18;3;0
5;2025-12-18;4;1
5;2025-12-18;5;36
5;2025-12-18;6;172
5;2025-12-18;7;420
5;2025-12-18;8;612
5;2025-12-18;9;435
5;2025-12-18;10;352
5;2025-12-18;11;334
5;2025-12-18;12;345
5;2025-12-18;13;355
5;2025-12-18;14;358
5;2025-12-18;15;379
5;2025-12-18;16;421
5;2025-12-18;17;513
5;2025-12-18;18;540
5;2025-12-18;19;372
5;2025-12-18;20;244
5;2025-12-18;21;149
5;2025-12-18;22;68
5;2025-12-18;23;35
5;2025-12-19;0;9
5;2025-12-19;1;1
5;2025-12-19;2;0
5;2025-12-19;3;0
5;2025-12-19;4;1
5;2025-12-19;5;36
5;2025-12-19;6;171
5;2025-12-19;7;417
5;2025-12-19;8;597
5;2025-12-19;9;431
5;2025-12-19;10;351
5;2025-12-19;11;333
5;2025-12-19;12;343
5;2025-12-19;13;352
5;2025-12-19;14;356
5;2025-12-19;15;377
5;2025-12-19;16;416
5;2025-12-19;17;505
5;2025-12-19;18;499
5;2025-12-19;19;359
5;2025-12-19;20;240
5;2025-12-19;21;147
5;2025-12-19;22;68
5;2025-12-19;23;35
5;2025-12-20;0;15
5;2025-12-20;1;2
5;2025-12-20;2;0
5;2025-12-20;3;0
5;2025-12-20;4;0
5;2025-12-20;5;18
5;2025-12-20;6;80
5;2025-12-20;7;111
5;2025-12-20;8;169
5;2025-12-20;9;199
5;2025-12-20;10;223
5;2025-12-20;11;250
5;2025-12-20;12;280
5;2025-12-20;13;292
5;2025-12-20;14;298
5;2025-12-20;15;291
5;2025-12-20;16;284
5;2025-12-20;17;270
5;2025-12-20;18;241
5;2025-12-20;19;201
5;2025-12-20;20;141
5;2025-12-20;21;106
5;2025-12-20;22;59
5;2025-12-20;23;35
5;2025-12-21;0;13
5;2025-12-21;1;2
5;2025-12-21;2;0
5;2025-12-21;3;0
5;2025-12-21;4;0
5;2025-12-21;5;12
5;2025-12-21;6;50
5;2025-12-21;7;76
5;2025-12-21;8;111
5;2025-12-21;9;149
5;2025-12-21;10;165
5;2025-12-21;11;206
5;2025-12-21;12;220
5;2025-12-21;13;238
5;2025-12-21;14;242
5;2025-12-21;15;241
5;2025-12-21;16;228
5;2025-12-21;17;228
5;2025-12-21;18;196
5;2025-12-21;19;158
5;2025-12-21;20;119
5;2025-12-21;21;89
5;2025-12-21;22;51
5;2025-12-21;23;26
5;2025-12-22;0;9
5;2025-12-22;1;1
5;2025-12-22;2;0
5;2025-12-22;3;0
5;2025-12-22;4;1
5;2025-12-22;5;35
5;2025-12-22;6;169
5;2025-12-22;7;414
5;2025-12-22;8;605
5;2025-12-22;9;425
5;2025-12-22;10;344
5;2025-12-22;11;325
5;2025-12-22;12;333
5;2025-12-22;13;340
5;2025-12-22;14;343
5;2025-12-22;15;365
5;2025-12-22;16;404
5;2025-12-22;17;495
5;2025-12-22;18;528
5;2025-12-22;19;361
5;2025-12-22;20;236
5;2025-12-22;21;145
5;2025-12-22;22;67
5;2025-12-22;23;34
5;2025-12-23;0;9
5;2025-12-23;1;1
5;2025-12-23;2;0
5;2025-12-23;3;0
5;2025-12-23;4;1
5;2025-12-23;5;35
5;2025-12-23;6;169
5;2025-12-23;7;410
5;2025-12-23;8;595
5;2025-12-23;9;423
5;2025-12-23;10;345
5;2025-12-23;11;329
5;2025-12-23;12;338
5;2025-12-23;13;346
5;2025-12-23;14;350
5;2025-12-23;15;371
5;2025-12-23;16;412
5;2025-12-23;17;502
5;2025-12-23;18;530
5;2025-12-23;19;366
5;2025-12-23;20;240
5;2025-12-23;21;146
5;2025-12-23;22;67
5;2025-12-23;23;34
5;2025-12-24;0;9
5;2025-12-24;1;1
5;2025-12-24;2;0
5;2025-12-24;3;0
5;2025-12-24;4;1
5;2025-12-24;5;35
5;2025-12-24;6;170
5;2025-12-24;7;413
5;2025-12-24;8;601
5;2025-12-24;9;427
5;2025-12-24;10;346
5;2025-12-24;11;328
5;2025-12-24;12;338
5;2025-12-24;13;345
5;2025-12-24;14;348
5;2025-12-24;15;369
5;2025-12-24;16;410
5;2025-12-24;17;502
5;2025-12-24;18;529
5;2025-12-24;19;363
5;2025-12-24;20;239
5;2025-12-24;21;146
5;2025-12-24;22;67
5;2025-12-24;23;34
5;2025-12-25;0;9
5;2025-12-25;1;1
5;2025-12-25;2;0
5;2025-12-25;3;0
5;2025-12-25;4;1
5;2025-12-25;5;36
5;2025-12-25;6;172
5;2025-12-25;7;418
5;2025-12-25;8;610
5;2025-12-25;9;430
5;2025-12-25;10;350
5;2025-12-25;11;331
5;2025-12-25;12;342
5;2025-12-25;13;350
5;2025-12-25;14;352
5;2025-12-25;15;373
5;2025-12-25;16;414
5;2025-12-25;17;503
5;2025-12-25;18;532
5;2025-12-25;19;366
5;2025-12-25;20;242
5;2025-12-25;21;148
5;2025-12-25;22;68
5;2025-12-25;23;35
5;2025-12-26;0;9
5;2025-12-26;1;1
5;2025-12-26;2;0
5;2025-12-26;3;0
5;2025-12-26;4;1
5;2025-12-26;5;35
5;2025-12-26;6;167
5;2025-12-26;7;403
5;2025-12-26;8;576
5;2025-12-26;9;412
5;2025-12-26;10;335
5;2025-12-26;11;316
5;2025-12-26;12;325
5;2025-12-26;13;333
5;2025-12-26;14;337
5;2025-12-26;15;356
5;2025-12-26;16;393
5;2025-12-26;17;475
5;2025-12-26;18;489
5;2025-12-26;19;349
5;2025-12-26;20;232
5;2025-12-26;21;144
5;2025-12-26;22;66
5;2025-12-26;23;34
5;2025-12-27;0;15
5;2025-12-27;1;2
5;2025-12-27;2;0
5;2025-12-27;3;0
5;2025-12-27;4;0
5;2025-12-27;5;17
5;2025-12-27;6;76
5;2025-12-27;7;105
5;2025-12-27;8;159
5;2025-12-27;9;188
5;2025-12-27;10;210
5;2025-12-27;11;233
5;2025-12-27;12;261
5;2025-12-27;13;271
5;2025-12-27;14;278
5;2025-12-27;15;270
5;2025-12-27;16;264
5;2025-12-27;17;252
5;2025-12-27;18;226
5;2025-12-27;19;190
5;2025-12-27;20;135
5;2025-12-27;21;102
5;2025-12-27;22;56
5;2025-12-27;23;33
5;2025-12-28;0;13
5;2025-12-28;1;2
5;2025-12-28;2;0
5;2025-12-28;3;0
5;2025-12-28;4;0
5;2025-12-28;5;11
5;2025-12-28;6;48
5;2025-12-28;7;71
5;2025-12-28;8;103
5;2025-12-28;9;139
5;2025-12-28;10;156
5;2025-12-28;11;194
5;2025-12-28;12;208
5;2025-12-28;13;224
5;2025-12-28;14;229
5;2025-12-28;15;227
5;2025-12-28;16;217
5;2025-12-28;17;216
5;2025-12-28;18;187
5;2025-12-28;19;151
5;2025-12-28;20;114
5;2025-12-28;21;84
5;2025-12-28;22;49
5;2025-12-28;23;25
5;2025-12-29;0;9
5;2025-12-29;1;1
5;2025-12-29;2;0
5;2025-12-29;3;0
5;2025-12-29;4;1
5;2025-12-29;5;34
5;2025-12-29;6;164
5;2025-12-29;7;399
5;2025-12-29;8;584
5;2025-12-29;9;409
5;2025-12-29;10;332
5;2025-12-29;11;314
5;2025-12-29;12;324
5;2025-12-29;13;332
5;2025-12-29;14;335
5;2025-12-29;15;355
5;2025-12-29;16;394
5;2025-12-29;17;484
5;2025-12-29;18;515
5;2025-12-29;19;351
5;2025-12-29;20;230
5;2025-12-29;21;141
5;2025-12-29;22;64
5;2025-12-29;23;33
5;2025-12-30;0;9
5;2025-12-30;1;1
5;2025-12-30;2;0
5;2025-12-30;3;0
5;2025-12-30;4;1
5;2025-12-30;5;34
5;2025-12-30;6;165
5;2025-12-30;7;403
5;2025-12-30;8;585
5;2025-12-30;9;415
5;2025-12-30;10;338
5;2025-12-30;11;321
5;2025-12-30;12;330
5;2025-12-30;13;338
5;2025-12-30;14;341
5;2025-12-30;15;362
5;2025-12-30;16;401
5;2025-12-30;17;488
5;2025-12-30;18;499
5;2025-12-30;19;348
5;2025-12-30;20;232
5;2025-12-30;21;142
5;2025-12-30;22;65
5;2025-12-30;23;33
5;2025-12-31;0;13
5;2025-12-31;1;2
5;2025-12-31;2;0
5;2025-12-31;3;0
5;2025-12-31;4;0
5;2025-12-31;5;11
5;2025-12-31;6;50
5;2025-12-31;7;75
5;2025-12-31;8;105
5;2025-12-31;9;141
5;2025-12-31;10;158
5;2025-12-31;11;198
5;2025-12-31;12;214
5;2025-12-31;13;231
5;2025-12-31;14;236
5;2025-12-31;15;233
5;2025-12-31;16;221
5;2025-12-31;17;221
5;2025-12-31;18;190
5;2025-12-31;19;153
5;2025-12-31;20;117
5;2025-12-31;21;87
5;2025-12-31;22;50
5;2025-12-31;23;25
7;2025-11-01;0;57
7;2025-11-01;1;13
7;2025-11-01;2;0
7;2025-11-01;3;0
7;2025-11-01;4;2
7;2025-11-01;5;169
7;2025-11-01;6;573
7;2025-11-01;7;1659
7;2025-11-01;8;2407
7;2025-11-01;9;1819
7;2025-11-01;10;1543
7;2025-11-01;11;1461
7;2025-11-01;12;1582
7;2025-11-01;13;1490
7;2025-11-01;14;1582
7;2025-11-01;15;1690
7;2025-11-01;16;1747
7;2025-11-01;17;2203
7;2025-11-01;18;2262
7;2025-11-01;19;1541
7;2025-11-01;20;976
7;2025-11-01;21;592
7;2025-11-01;22;297
7;2025-11-01;23;193
7;2025-11-02;0;96
7;2025-11-02;1;28
7;2025-11-02;2;0
7;2025-11-02;3;0
7;2025-11-02;4;1
7;2025-11-02;5;31
7;2025-11-02;6;138
7;2025-11-02;7;191
7;2025-11-02;8;404
7;2025-11-02;9;551
7;2025-11-02;10;409
7;2025-11-02;11;623
7;2025-11-02;12;663
7;2025-11-02;13;643
7;2025-11-02;14;652
7;2025-11-02;15;713
7;2025-11-02;16;631
7;2025-11-02;17;621
7;2025-11-02;18;645
7;2025-11-02;19;483
7;2025-11-02;20;406
7;2025-11-02;21;284
7;2025-11-02;22;156
7;2025-11-02;23;118
7;2025-11-03;0;93
7;2025-11-03;1;27
7;2025-11-03;2;0
7;2025-11-03;3;0
7;2025-11-03;4;1
7;2025-11-03;5;31
7;2025-11-03;6;134
7;2025-11-03;7;188
7;2025-11-03;8;411
7;2025-11-03;9;536
7;2025-11-03;10;399
7;2025-11-03;11;599
7;2025-11-03;12;634
7;2025-11-03;13;618
7;2025-11-03;14;624
7;2025-11-03;15;682
7;2025-11-03;16;607
7;2025-11-03;17;615
7;2025-11-03;18;640
7;2025-11-03;19;468
7;2025-11-03;20;397
7;2025-11-03;21;274
7;2025-11-03;22;152
7;2025-11-03;23;115
7;2025-11-04;0;96
7;2025-11-04;1;28
7;2025-11-04;2;0
7;2025-11-04;3;0
7;2025-11-04;4;1
7;2025-11-04;5;31
7;2025-11-04;6;136
7;2025-11-04;7;190
7;2025-11-04;8;399
7;2025-11-04;9;537
7;2025-11-04;10;404
7;2025-11-04;11;604
7;2025-11-04;12;643
7;2025-11-04;13;634
7;2025-11-04;14;649
7;2025-11-04;15;709
7;2025-11-04;16;626
7;2025-11-04;17;609
7;2025-11-04;18;637
7;2025-11-04;19;476
7;2025-11-04;20;407
7;2025-11-04;21;282
7;2025-11-04;22;156
7;2025-11-04;23;118
7;2025-11-05;0;62
7;2025-11-05;1;14
7;2025-11-05;2;1
7;2025-11-05;3;0
7;2025-11-05;4;2
7;2025-11-05;5;183
7;2025-11-05;6;621
7;2025-11-05;7;1735
7;2025-11-05;8;2722
7;2025-11-05;9;1966
7;2025-11-05;10;1660
7;2025-11-05;11;1550
7;2025-11-05;12;1680
7;2025-11-05;13;1589
7;2025-11-05;14;1690
7;2025-11-05;15;1799
7;2025-11-05;16;1861
7;2025-11-05;17;2427
7;2025-11-05;18;2581
7;2025-11-05;19;1655
7;2025-11-05;20;1058
7;2025-11-05;21;634
7;2025-11-05;22;316
7;2025-11-05;23;205
7;2025-11-06;0;62
7;2025-11-06;1;14
7;2025-11-06;2;1
7;2025-11-06;3;0
7;2025-11-06;4;2
7;2025-11-06;5;182
7;2025-11-06;6;617
7;2025-11-06;7;1724
7;2025-11-06;8;2692
7;2025-11-06;9;1934
7;2025-11-06;10;1646
7;2025-11-06;11;1536
7;2025-11-06;12;1674
7;2025-11-06;13;1578
7;2025-11-06;14;1676
7;2025-11-06;15;1776
7;2025-11-06;16;1839
7;2025-11-06;17;2391
7;2025-11-06;18;2534
7;2025-11-06;19;1626
7;2025-11-06;20;1040
7;2025-11-06;21;628
7;2025-11-06;22;313
7;2025-11-06;23;204
7;2025-11-07;0;63
7;2025-11-07;1;14
7;2025-11-07;2;1
7;2025-11-07;3;0
7;2025-11-07;4;2
7;2025-11-07;5;186
7;2025-11-07;6;629
7;2025-11-07;7;1725
7;2025-11-07;8;2508
7;2025-11-07;9;1932
7;2025-11-07;10;1652
7;2025-11-07;11;1547
7;2025-11-07;12;1686
7;2025-11-07;13;1583
7;2025-11-07;14;1689
7;2025-11-07;15;1800
7;2025-11-07;16;1852
7;2025-11-07;17;2252
7;2025-11-07;18;2194
7;2025-11-07;19;1587
7;2025-11-07;20;1057
7;2025-11-07;21;637
7;2025-11-07;22;320
7;2025-11-07;23;208
7;2025-11-08;0;123
7;2025-11-08;1;27
7;2025-11-08;2;0
7;2025-11-08;3;0
7;2025-11-08;4;1
7;2025-11-08;5;49
7;2025-11-08;6;268
7;2025-11-08;7;298
7;2025-11-08;8;762
7;2025-11-08;9;640
7;2025-11-08;10;669
7;2025-11-08;11;660
7;2025-11-08;12;882
7;2025-11-08;13;833
7;2025-11-08;14;831
7;2025-11-08;15;811
7;2025-11-08;16;830
7;2025-11-08;17;791
7;2025-11-08;18;749
7;2025-11-08;19;592
7;2025-11-08;20;472
7;2025-11-08;21;344
7;2025-11-08;22;182
7;2025-11-08;23;148
7;2025-11-09;0;94
7;2025-11-09;1;27
7;2025-11-09;2;0
7;2025-11-09;3;0
7;2025-11-09;4;1
7;2025-11-09;5;31
7;2025-11-09;6;134
7;2025-11-09;7;189
7;2025-11-09;8;413
7;2025-11-09;9;560
7;2025-11-09;10;413
7;2025-11-09;11;629
7;2025-11-09;12;670
7;2025-11-09;13;654
7;2025-11-09;14;659
7;2025-11-09;15;718
7;2025-11-09;16;640
7;2025-11-09;17;628
7;2025-11-09;18;650
7;2025-11-09;19;484
7;2025-11-09;20;405
7;2025-11-09;21;280
7;2025-11-09;22;154
7;2025-11-09;23;117
7;2025-11-10;0;61
7;2025-11-10;1;14
7;2025-11-10;2;1
7;2025-11-10;3;0
7;2025-11-10;4;2
7;2025-11-10;5;181
7;2025-11-10;6;614
7;2025-11-10;7;1726
7;2025-11-10;8;2737
7;2025-11-10;9;1933
7;2025-11-10;10;1650
7;2025-11-10;11;1550
7;2025-11-10;12;1684
7;2025-11-10;13;1580
7;2025-11-10;14;1682
7;2025-11-10;15;1786
7;2025-11-10;16;1850
7;2025-11-10;17;2415
7;2025-11-10;18;2621
7;2025-11-10;19;1655
7;2025-11-10;20;1056
7;2025-11-10;21;630
7;2025-11-10;22;313
7;2025-11-10;23;201
7;2025-11-11;0;62
7;2025-11-11;1;14
7;2025-11-11;2;1
7;2025-11-11;3;0
7;2025-11-11;4;2
7;2025-11-11;5;184
7;2025-11-11;6;624
7;2025-11-11;7;1750
7;2025-11-11;8;2759
7;2025-11-11;9;1967
7;2025-11-11;10;1677
7;2025-11-11;11;1578
7;2025-11-11;12;1714
7;2025-11-11;13;1611
7;2025-11-11;14;1711
7;2025-11-11;15;1819
7;2025-11-11;16;1884
7;2025-11-11;17;2447
7;2025-11-11;18;2648
7;2025-11-11;19;1676
7;2025-11-11;20;1069
7;2025-11-11;21;639
7;2025-11-11;22;318
7;2025-11-11;23;205
7;2025-11-12;0;62
7;2025-11-12;1;14
7;2025-11-12;2;1
7;2025-11-12;3;0
7;2025-11-12;4;2
7;2025-11-12;5;183
7;2025-11-12;6;621
7;2025-11-12;7;1738
7;2025-11-12;8;2746
7;2025-11-12;9;1969
7;2025-11-12;10;1664
7;2025-11-12;11;1555
7;2025-11-12;12;1691
7;2025-11-12;13;1595
7;2025-11-12;14;1693
7;2025-11-12;15;1801
7;2025-11-12;16;1862
7;2025-11-12;17;2419
7;2025-11-12;18;2613
7;2025-11-12;19;1657
7;2025-11-12;20;1059
7;2025-11-12;21;636
7;2025-11-12;22;317
7;2025-11-12;23;206
7;2025-11-13;0;62
7;2025-11-13;1;14
7;2025-11-13;2;1
7;2025-11-13;3;0
7;2025-11-13;4;2
7;2025-11-13;5;182
7;2025-11-13;6;621
7;2025-11-13;7;1741
7;2025-11-13;8;2751
7;2025-11-13;9;1957
7;2025-11-13;10;1666
7;2025-11-13;11;1564
7;2025-11-13;12;1698
7;2025-11-13;13;1595
7;2025-11-13;14;1691
7;2025-11-13;15;1801
7;2025-11-13;16;1861
7;2025-11-13;17;2414
7;2025-11-13;18;2594
7;2025-11-13;19;1648
7;2025-11-13;20;1054
7;2025-11-13;21;633
7;2025-11-13;22;316
7;2025-11-13;23;205
7;2025-11-14;0;61
7;2025-11-14;1;14
7;2025-11-14;2;1
7;2025-11-14;3;0
7;2025-11-14;4;2
7;2025-11-14;5;181
7;2025-11-14;6;614
7;2025-11-14;7;1710
7;2025-11-14;8;2606
7;2025-11-14;9;1919
7;2025-11-14;10;1639
7;2025-11-14;11;1542
7;2025-11-14;12;1680
7;2025-11-14;13;1576
7;2025-11-14;14;1678
7;2025-11-14;15;1793
7;2025-11-14;16;1849
7;2025-11-14;17;2375
7;2025-11-14;18;2368
7;2025-11-14;19;1603
7;2025-11-14;20;1043
7;2025-11-14;21;628
7;2025-11-14;22;316
7;2025-11-14;23;205
7;2025-11-15;0;118
7;2025-11-15;1;26
7;2025-11-15;2;0
7;2025-11-15;3;0
7;2025-11-15;4;1
7;2025-11-15;5;47
7;2025-11-15;6;259
7;2025-11-15;7;289
7;2025-11-15;8;731
7;2025-11-15;9;614
7;2025-11-15;10;641
7;2025-11-15;11;624
7;2025-11-15;12;837
7;2025-11-15;13;796
7;2025-11-15;14;786
7;2025-11-15;15;768
7;2025-11-15;16;781
7;2025-11-15;17;742
7;2025-11-15;18;711
7;2025-11-15;19;566
7;2025-11-15;20;461
7;2025-11-15;21;338
7;2025-11-15;22;179
7;2025-11-15;23;146
7;2025-11-16;0;93
7;2025-11-16;1;27
7;2025-11-16;2;0
7;2025-11-16;3;0
7;2025-11-16;4;1
7;2025-11-16;5;30
7;2025-11-16;6;133
7;2025-11-16;7;187
7;2025-11-16;8;408
7;2025-11-16;9;554
7;2025-11-16;10;410
7;2025-11-16;11;625
7;2025-11-16;12;667
7;2025-11-16;13;651
7;2025-11-16;14;654
7;2025-11-16;15;717
7;2025-11-16;16;634
7;2025-11-16;17;623
7;2025-11-16;18;646
7;2025-11-16;19;484
7;2025-11-16;20;407
7;2025-11-16;21;282
7;2025-11-16;22;155
7;2025-11-16;23;117
7;2025-11-17;0;61
7;2025-11-17;1;14
7;2025-11-17;2;0
7;2025-11-17;3;0
7;2025-11-17;4;2
7;2025-11-17;5;180
7;2025-11-17;6;612
7;2025-11-17;7;1709
7;2025-11-17;8;2694
7;2025-11-17;9;1898
7;2025-11-17;10;1623
7;2025-11-17;11;1520
7;2025-11-17;12;1654
7;2025-11-17;13;1553
7;2025-11-17;14;1652
7;2025-11-17;15;1759
7;2025-11-17;16;1818
7;2025-11-17;17;2373
7;2025-11-17;18;2589
7;2025-11-17;19;1650
7;2025-11-17;20;1061
7;2025-11-17;21;632
7;2025-11-17;22;314
7;2025-11-17;23;202
7;2025-11-18;0;60
7;2025-11-18;1;13
7;2025-11-18;2;0
7;2025-11-18;3;0
7;2025-11-18;4;2
7;2025-11-18;5;177
7;2025-11-18;6;598
7;2025-11-18;7;1663
7;2025-11-18;8;2585
7;2025-11-18;9;1850
7;2025-11-18;10;1566
7;2025-11-18;11;1469
7;2025-11-18;12;1595
7;2025-11-18;13;1502
7;2025-11-18;14;1593
7;2025-11-18;15;1702
7;2025-11-18;16;1762
7;2025-11-18;17;2291
7;2025-11-18;18;2475
7;2025-11-18;19;1577
7;2025-11-18;20;1018
7;2025-11-18;21;610
7;2025-11-18;22;303
7;2025-11-18;23;196
7;2025-11-19;0;62
7;2025-11-19;1;14
7;2025-11-19;2;1
7;2025-11-19;3;0
7;2025-11-19;4;2
7;2025-11-19;5;183
7;2025-11-19;6;623
7;2025-11-19;7;1745
7;2025-11-19;8;2752
7;2025-11-19;9;1978
7;2025-11-19;10;1662
7;2025-11-19;11;1560
7;2025-11-19;12;1701
7;2025-11-19;13;1607
7;2025-11-19;14;1702
7;2025-11-19;15;1813
7;2025-11-19;16;1873
7;2025-11-19;17;2435
7;2025-11-19;18;2627
7;2025-11-19;19;1681
7;2025-11-19;20;1080
7;2025-11-19;21;646
7;2025-11-19;22;323
7;2025-11-19;23;209
7;2025-11-20;0;62
7;2025-11-20;1;14
7;2025-11-20;2;1
7;2025-11-20;3;0
7;2025-11-20;4;2
7;2025-11-20;5;183
7;2025-11-20;6;621
7;2025-11-20;7;1738
7;2025-11-20;8;2733
7;2025-11-20;9;1955
7;2025-11-20;10;1666
7;2025-11-20;11;1564
7;2025-11-20;12;1699
7;2025-11-20;13;1598
7;2025-11-20;14;1695
7;2025-11-20;15;1806
7;2025-11-20;16;1868
7;2025-11-20;17;2421
7;2025-11-20;18;2614
7;2025-11-20;19;1664
7;2025-11-20;20;1065
7;2025-11-20;21;639
7;2025-11-20;22;318
7;2025-11-20;23;207
7;2025-11-21;0;62
7;2025-11-21;1;14
7;2025-11-21;2;1
7;2025-11-21;3;0
7;2025-11-21;4;2
7;2025-11-21;5;182
7;2025-11-21;6;620
7;2025-11-21;7;1735
7;2025-11-21;8;2665
7;2025-11-21;9;1949
7;2025-11-21;10;1660
7;2025-11-21;11;1559
7;2025-11-21;12;1696
7;2025-11-21;13;1596
7;2025-11-21;14;1698
7;2025-11-21;15;1792
7;2025-11-21;16;1851
7;2025-11-21;17;2388
7;2025-11-21;18;2395
7;2025-11-21;19;1626
7;2025-11-21;20;1064
7;2025-11-21;21;640
7;2025-11-21;22;321
7;2025-11-21;23;208
7;2025-11-22;0;123
7;2025-11-22;1;27
7;2025-11-22;2;0
7;2025-11-22;3;0
7;2025-11-22;4;1
7;2025-11-22;5;48
7;2025-11-22;6;265
7;2025-11-22;7;300
7;2025-11-22;8;764
7;2025-11-22;9;643
7;2025-11-22;10;674
7;2025-11-22;11;658
7;2025-11-22;12;891
7;2025-11-22;13;834
7;2025-11-22;14;826
7;2025-11-22;15;803
7;2025-11-22;16;820
7;2025-11-22;17;782
7;2025-11-22;18;746
7;2025-11-22;19;589
7;2025-11-22;20;473
7;2025-11-22;21;337
7;2025-11-22;22;180
7;2025-11-22;23;147
7;2025-11-23;0;93
7;2025-11-23;1;27
7;2025-11-23;2;0
7;2025-11-23;3;0
7;2025-11-23;4;1
7;2025-11-23;5;30
7;2025-11-23;6;133
7;2025-11-23;7;186
7;2025-11-23;8;407
7;2025-11-23;9;551
7;2025-11-23;10;409
7;2025-11-23;11;622
7;2025-11-23;12;662
7;2025-11-23;13;648
7;2025-11-23;14;652
7;2025-11-23;15;713
7;2025-11-23;16;631
7;2025-11-23;17;621
7;2025-11-23;18;645
7;2025-11-23;19;482
7;2025-11-23;20;406
7;2025-11-23;21;281
7;2025-11-23;22;154
7;2025-11-23;23;116
7;2025-11-24;0;61
7;2025-11-24;1;13
7;2025-11-24;2;0
7;2025-11-24;3;0
7;2025-11-24;4;2
7;2025-11-24;5;179
7;2025-11-24;6;608
7;2025-11-24;7;1698
7;2025-11-24;8;2674
7;2025-11-24;9;1895
7;2025-11-24;10;1608
7;2025-11-24;11;1503
7;2025-11-24;12;1633
7;2025-11-24;13;1528
7;2025-11-24;14;1627
7;2025-11-24;15;1730
7;2025-11-24;16;1784
7;2025-11-24;17;2329
7;2025-11-24;18;2551
7;2025-11-24;19;1608
7;2025-11-24;20;1030
7;2025-11-24;21;615
7;2025-11-24;22;305
7;2025-11-24;23;198
7;2025-11-25;0;62
7;2025-11-25;1;14
7;2025-11-25;2;1
7;2025-11-25;3;0
7;2025-11-25;4;2
7;2025-11-25;5;183
7;2025-11-25;6;623
7;2025-11-25;7;1743
7;2025-11-25;8;2745
7;2025-11-25;9;1958
7;2025-11-25;10;1668
7;2025-11-25;11;1566
7;2025-11-25;12;1703
7;2025-11-25;13;1606
7;2025-11-25;14;1704
7;2025-11-25;15;1812
7;2025-11-25;16;1874
7;2025-11-25;17;2433
7;2025-11-25;18;2631
7;2025-11-25;19;1678
7;2025-11-25;20;1079
7;2025-11-25;21;643
7;2025-11-25;22;320
7;2025-11-25;23;206
7;2025-11-26;0;62
7;2025-11-26;1;14
7;2025-11-26;2;1
7;2025-11-26;3;0
7;2025-11-26;4;2
7;2025-11-26;5;183
7;2025-11-26;6;620
7;2025-11-26;7;1727
7;2025-11-26;8;2723
7;2025-11-26;9;1946
7;2025-11-26;10;1652
7;2025-11-26;11;1541
7;2025-11-26;12;1671
7;2025-11-26;13;1580
7;2025-11-26;14;1668
7;2025-11-26;15;1775
7;2025-11-26;16;1836
7;2025-11-26;17;2389
7;2025-11-26;18;2610
7;2025-11-26;19;1663
7;2025-11-26;20;1074
7;2025-11-26;21;642
7;2025-11-26;22;321
7;2025-11-26;23;208
7;2025-11-27;0;62
7;2025-11-27;1;14
7;2025-11-27;2;1
7;2025-11-27;3;0
7;2025-11-27;4;2
7;2025-11-27;5;183
7;2025-11-27;6;621
7;2025-11-27;7;1742
7;2025-11-27;8;2752
7;2025-11-27;9;1957
7;2025-11-27;10;1666
7;2025-11-27;11;1557
7;2025-11-27;12;1690
7;2025-11-27;13;1589
7;2025-11-27;14;1686
7;2025-11-27;15;1797
7;2025-11-27;16;1858
7;2025-11-27;17;2415
7;2025-11-27;18;2609
7;2025-11-27;19;1651
7;2025-11-27;20;1057
7;2025-11-27;21;634
7;2025-11-27;22;317
7;2025-11-27;23;206
7;2025-11-28;0;62
7;2025-11-28;1;14
7;2025-11-28;2;1
7;2025-11-28;3;0
7;2025-11-28;4;2
7;2025-11-28;5;182
7;2025-11-28;6;617
7;2025-11-28;7;1714
7;2025-11-28;8;2678
7;2025-11-28;9;1928
7;2025-11-28;10;1647
7;2025-11-28;11;1545
7;2025-11-28;12;1675
7;2025-11-28;13;1579
7;2025-11-28;14;1681
7;2025-11-28;15;1776
7;2025-11-28;16;1832
7;2025-11-28;17;2377
7;2025-11-28;18;2401
7;2025-11-28;19;1594
7;2025-11-28;20;1044
7;2025-11-28;21;631
7;2025-11-28;22;317
7;2025-11-28;23;206
7;2025-11-29;0;124
7;2025-11-29;1;28
7;2025-11-29;2;0
7;2025-11-29;3;0
7;2025-11-29;4;1
7;2025-11-29;5;50
7;2025-11-29;6;271
7;2025-11-29;7;301
7;2025-11-29;8;772
7;2025-11-29;9;649
7;2025-11-29;10;677
7;2025-11-29;11;664
7;2025-11-29;12;909
7;2025-11-29;13;842
7;2025-11-29;14;835
7;2025-11-29;15;812
7;2025-11-29;16;833
7;2025-11-29;17;795
7;2025-11-29;18;756
7;2025-11-29;19;600
7;2025-11-29;20;478
7;2025-11-29;21;348
7;2025-11-29;22;184
7;2025-11-29;23;150
7;2025-11-30;0;93
7;2025-11-30;1;27
7;2025-11-30;2;0
7;2025-11-30;3;0
7;2025-11-30;4;1
7;2025-11-30;5;30
7;2025-11-30;6;134
7;2025-11-30;7;187
7;2025-11-30;8;411
7;2025-11-30;9;558
7;2025-11-30;10;413
7;2025-11-30;11;629
7;2025-11-30;12;670
7;2025-11-30;13;655
7;2025-11-30;14;659
7;2025-11-30;15;720
7;2025-11-30;16;636
7;2025-11-30;17;628
7;2025-11-30;18;650
7;2025-11-30;19;484
7;2025-11-30;20;404
7;2025-11-30;21;279
7;2025-11-30;22;153
7;2025-11-30;23;117
7;2025-12-01;0;60
7;2025-12-01;1;14
7;2025-12-01;2;1
7;2025-12-01;3;0
7;2025-12-01;4;2
7;2025-12-01;5;180
7;2025-12-01;6;611
7;2025-12-01;7;1716
7;2025-12-01;8;2714
7;2025-12-01;9;1920
7;2025-12-01;10;1639
7;2025-12-01;11;1539
7;2025-12-01;12;1671
7;2025-12-01;13;1568
7;2025-12-01;14;1669
7;2025-12-01;15;1773
7;2025-12-01;16;1833
7;2025-12-01;17;2391
7;2025-12-01;18;2599
7;2025-12-01;19;1644
7;2025-12-01;20;1048
7;2025-12-01;21;625
7;2025-12-01;22;311
7;2025-12-01;23;200
7;2025-12-02;0;61
7;2025-12-02;1;14
7;2025-12-02;2;1
7;2025-12-02;3;0
7;2025-12-02;4;2
7;2025-12-02;5;182
7;2025-12-02;6;620
7;2025-12-02;7;1735
7;2025-12-02;8;2742
7;2025-12-02;9;1949
7;2025-12-02;10;1662
7;2025-12-02;11;1563
7;2025-12-02;12;1698
7;2025-12-02;13;1597
7;2025-12-02;14;1695
7;2025-12-02;15;1805
7;2025-12-02;16;1867
7;2025-12-02;17;2424
7;2025-12-02;18;2623
7;2025-12-02;19;1662
7;2025-12-02;20;1061
7;2025-12-02;21;635
7;2025-12-02;22;316
7;2025-12-02;23;204
7;2025-12-03;0;61
7;2025-12-03;1;14
7;2025-12-03;2;1
7;2025-12-03;3;0
7;2025-12-03;4;2
7;2025-12-03;5;183
7;2025-12-03;6;621
7;2025-12-03;7;1741
7;2025-12-03;8;2749
7;2025-12-03;9;1976
7;2025-12-03;10;1668
7;2025-12-03;11;1567
7;2025-12-03;12;1701
7;2025-12-03;13;1605
7;2025-12-03;14;1698
7;2025-12-03;15;1810
7;2025-12-03;16;1871
7;2025-12-03;17;2430
7;2025-12-03;18;2623
7;2025-12-03;19;1665
7;2025-12-03;20;1061
7;2025-12-03;21;637
7;2025-12-03;22;318
7;2025-12-03;23;207
7;2025-12-04;0;61
7;2025-12-04;1;14
7;2025-12-04;2;1
7;2025-12-04;3;0
7;2025-12-04;4;2
7;2025-12-04;5;183
7;2025-12-04;6;620
7;2025-12-04;7;1741
7;2025-12-04;8;2747
7;2025-12-04;9;1954
7;2025-12-04;10;1665
7;2025-12-04;11;1562
7;2025-12-04;12;1698
7;2025-12-04;13;1599
7;2025-12-04;14;1697
7;2025-12-04;15;1809
7;2025-12-04;16;1869
7;2025-12-04;17;2425
7;2025-12-04;18;2616
7;2025-12-04;19;1662
7;2025-12-04;20;1062
7;2025-12-04;21;638
7;2025-12-04;22;318
7;2025-12-04;23;207
7;2025-12-05;0;61
7;2025-12-05;1;14
7;2025-12-05;2;1
7;2025-12-05;3;0
7;2025-12-05;4;2
7;2025-12-05;5;182
7;2025-12-05;6;616
7;2025-12-05;7;1730
7;2025-12-05;8;2682
7;2025-12-05;9;1947
7;2025-12-05;10;1659
7;2025-12-05;11;1567
7;2025-12-05;12;1703
7;2025-12-05;13;1604
7;2025-12-05;14;1709
7;2025-12-05;15;1821
7;2025-12-05;16;1875
7;2025-12-05;17;2430
7;2025-12-05;18;2422
7;2025-12-05;19;1615
7;2025-12-05;20;1051
7;2025-12-05;21;633
7;2025-12-05;22;317
7;2025-12-05;23;206
7;2025-12-06;0;125
7;2025-12-06;1;28
7;2025-12-06;2;0
7;2025-12-06;3;0
7;2025-12-06;4;1
7;2025-12-06;5;51
7;2025-12-06;6;273
7;2025-12-06;7;304
7;2025-12-06;8;781
7;2025-12-06;9;656
7;2025-12-06;10;687
7;2025-12-06;11;675
7;2025-12-06;12;921
7;2025-12-06;13;856
7;2025-12-06;14;850
7;2025-12-06;15;827
7;2025-12-06;16;844
7;2025-12-06;17;805
7;2025-12-06;18;765
7;2025-12-06;19;607
7;2025-12-06;20;484
7;2025-12-06;21;352
7;2025-12-06;22;186
7;2025-12-06;23;152
7;2025-12-07;0;95
7;2025-12-07;1;27
7;2025-12-07;2;0
7;2025-12-07;3;0
7;2025-12-07;4;1
7;2025-12-07;5;31
7;2025-12-07;6;136
7;2025-12-07;7;191
7;2025-12-07;8;419
7;2025-12-07;9;568
7;2025-12-07;10;421
7;2025-12-07;11;641
7;2025-12-07;12;682
7;2025-12-07;13;668
7;2025-12-07;14;672
7;2025-12-07;15;736
7;2025-12-07;16;650
7;2025-12-07;17;640
7;2025-12-07;18;663
7;2025-12-07;19;493
7;2025-12-07;20;413
7;2025-12-07;21;285
7;2025-12-07;22;157
7;2025-12-07;23;119
7;2025-12-08;0;60
7;2025-12-08;1;14
7;2025-12-08;2;1
7;2025-12-08;3;0
7;2025-12-08;4;2
7;2025-12-08;5;180
7;2025-12-08;6;610
7;2025-12-08;7;1715
7;2025-12-08;8;2714
7;2025-12-08;9;1919
7;2025-12-08;10;1639
7;2025-12-08;11;1538
7;2025-12-08;12;1668
7;2025-12-08;13;1564
7;2025-12-08;14;1666
7;2025-12-08;15;1772
7;2025-12-08;16;1832
7;2025-12-08;17;2386
7;2025-12-08;18;2593
7;2025-12-08;19;1641
7;2025-12-08;20;1048
7;2025-12-08;21;625
7;2025-12-08;22;310
7;2025-12-08;23;200
7;2025-12-09;0;61
7;2025-12-09;1;14
7;2025-12-09;2;1
7;2025-12-09;3;0
7;2025-12-09;4;2
7;2025-12-09;5;180
7;2025-12-09;6;611
7;2025-12-09;7;1713
7;2025-12-09;8;2689
7;2025-12-09;9;1918
7;2025-12-09;10;1634
7;2025-12-09;11;1526
7;2025-12-09;12;1653
7;2025-12-09;13;1557
7;2025-12-09;14;1654
7;2025-12-09;15;1767
7;2025-12-09;16;1832
7;2025-12-09;17;2369
7;2025-12-09;18;2575
7;2025-12-09;19;1637
7;2025-12-09;20;1048
7;2025-12-09;21;626
7;2025-12-09;22;311
7;2025-12-09;23;201
7;2025-12-10;0;61
7;2025-12-10;1;14
7;2025-12-10;2;1
7;2025-12-10;3;0
7;2025-12-10;4;2
7;2025-12-10;5;182
7;2025-12-10;6;616
7;2025-12-10;7;1719
7;2025-12-10;8;2700
7;2025-12-10;9;1940
7;2025-12-10;10;1639
7;2025-12-10;11;1535
7;2025-12-10;12;1670
7;2025-12-10;13;1576
7;2025-12-10;14;1669
7;2025-12-10;15;1775
7;2025-12-10;16;1836
7;2025-12-10;17;2384
7;2025-12-10;18;2594
7;2025-12-10;19;1654
7;2025-12-10;20;1067
7;2025-12-10;21;639
7;2025-12-10;22;319
7;2025-12-10;23;208
7;2025-12-11;0;61
7;2025-12-11;1;14
7;2025-12-11;2;1
7;2025-12-11;3;0
7;2025-12-11;4;2
7;2025-12-11;5;182
7;2025-12-11;6;616
7;2025-12-11;7;1727
7;2025-12-11;8;2726
7;2025-12-11;9;1934
7;2025-12-11;10;1647
7;2025-12-11;11;1535
7;2025-12-11;12;1671
7;2025-12-11;13;1576
7;2025-12-11;14;1670
7;2025-12-11;15;1784
7;2025-12-11;16;1845
7;2025-12-11;17;2402
7;2025-12-11;18;2600
7;2025-12-11;19;1660
7;2025-12-11;20;1054
7;2025-12-11;21;632
7;2025-12-11;22;315
7;2025-12-11;23;205
7;2025-12-12;0;60
7;2025-12-12;1;14
7;2025-12-12;2;0
7;2025-12-12;3;0
7;2025-12-12;4;2
7;2025-12-12;5;180
7;2025-12-12;6;610
7;2025-12-12;7;1700
7;2025-12-12;8;2631
7;2025-12-12;9;1910
7;2025-12-12;10;1626
7;2025-12-12;11;1526
7;2025-12-12;12;1655
7;2025-12-12;13;1556
7;2025-12-12;14;1658
7;2025-12-12;15;1749
7;2025-12-12;16;1802
7;2025-12-12;17;2302
7;2025-12-12;18;2349
7;2025-12-12;19;1579
7;2025-12-12;20;1053
7;2025-12-12;21;632
7;2025-12-12;22;315
7;2025-12-12;23;205
7;2025-12-13;0;122
7;2025-12-13;1;27
7;2025-12-13;2;0
7;2025-12-13;3;0
7;2025-12-13;4;1
7;2025-12-13;5;49
7;2025-12-13;6;267
7;2025-12-13;7;297
7;2025-12-13;8;752
7;2025-12-13;9;632
7;2025-12-13;10;659
7;2025-12-13;11;646
7;2025-12-13;12;869
7;2025-12-13;13;819
7;2025-12-13;14;812
7;2025-12-13;15;790
7;2025-12-13;16;807
7;2025-12-13;17;772
7;2025-12-13;18;742
7;2025-12-13;19;596
7;2025-12-13;20;476
7;2025-12-13;21;346
7;2025-12-13;22;184
7;2025-12-13;23;150
7;2025-12-14;0;92
7;2025-12-14;1;26
7;2025-12-14;2;0
7;2025-12-14;3;0
7;2025-12-14;4;1
7;2025-12-14;5;30
7;2025-12-14;6;133
7;2025-12-14;7;186
7;2025-12-14;8;406
7;2025-12-14;9;548
7;2025-12-14;10;407
7;2025-12-14;11;619
7;2025-12-14;12;650
7;2025-12-14;13;636
7;2025-12-14;14;640
7;2025-12-14;15;689
7;2025-12-14;16;628
7;2025-12-14;17;620
7;2025-12-14;18;644
7;2025-12-14;19;484
7;2025-12-14;20;406
7;2025-12-14;21;281
7;2025-12-14;22;155
7;2025-12-14;23;117
7;2025-12-15;0;60
7;2025-12-15;1;13
7;2025-12-15;2;0
7;2025-12-15;3;0
7;2025-12-15;4;2
7;2025-12-15;5;178
7;2025-12-15;6;604
7;2025-12-15;7;1693
7;2025-12-15;8;2668
7;2025-12-15;9;1892
7;2025-12-15;10;1613
7;2025-12-15;11;1513
7;2025-12-15;12;1644
7;2025-12-15;13;1542
7;2025-12-15;14;1641
7;2025-12-15;15;1743
7;2025-12-15;16;1803
7;2025-12-15;17;2349
7;2025-12-15;18;2563
7;2025-12-15;19;1632
7;2025-12-15;20;1050
7;2025-12-15;21;624
7;2025-12-15;22;310
7;2025-12-15;23;200
7;2025-12-16;0;61
7;2025-12-16;1;14
7;2025-12-16;2;1
7;2025-12-16;3;0
7;2025-12-16;4;2
7;2025-12-16;5;181
7;2025-12-16;6;613
7;2025-12-16;7;1721
7;2025-12-16;8;2698
7;2025-12-16;9;1928
7;2025-12-16;10;1642
7;2025-12-16;11;1534
7;2025-12-16;12;1668
7;2025-12-16;13;1569
7;2025-12-16;14;1664
7;2025-12-16;15;1771
7;2025-12-16;16;1829
7;2025-12-16;17;2373
7;2025-12-16;18;2584
7;2025-12-16;19;1646
7;2025-12-16;20;1061
7;2025-12-16;21;634
7;2025-12-16;22;315
7;2025-12-16;23;203
7;2025-12-17;0;61
7;2025-12-17;1;14
7;2025-12-17;2;1
7;2025-12-17;3;0
7;2025-12-17;4;2
7;2025-12-17;5;181
7;2025-12-17;6;615
7;2025-12-17;7;1727
7;2025-12-17;8;2725
7;2025-12-17;9;1956
7;2025-12-17;10;1652
7;2025-12-17;11;1551
7;2025-12-17;12;1684
7;2025-12-17;13;1590
7;2025-12-17;14;1682
7;2025-12-17;15;1792
7;2025-12-17;16;1853
7;2025-12-17;17;2408
7;2025-12-17;18;2599
7;2025-12-17;19;1661
7;2025-12-17;20;1069
7;2025-12-17;21;640
7;2025-12-17;22;319
7;2025-12-17;23;208
7;2025-12-18;0;61
7;2025-12-18;1;14
7;2025-12-18;2;1
7;2025-12-18;3;0
7;2025-12-18;4;2
7;2025-12-18;5;183
7;2025-12-18;6;620
7;2025-12-18;7;1734
7;2025-12-18;8;2727
7;2025-12-18;9;1948
7;2025-12-18;10;1653
7;2025-12-18;11;1547
7;2025-12-18;12;1685
7;2025-12-18;13;1593
7;2025-12-18;14;1690
7;2025-12-18;15;1801
7;2025-12-18;16;1862
7;2025-12-18;17;2411
7;2025-12-18;18;2604
7;2025-12-18;19;1669
7;2025-12-18;20;1073
7;2025-12-18;21;642
7;2025-12-18;22;321
7;2025-12-18;23;209
7;2025-12-19;0;61
7;2025-12-19;1;14
7;2025-12-19;2;1
7;2025-12-19;3;0
7;2025-12-19;4;2
7;2025-12-19;5;181
7;2025-12-19;6;613
7;2025-12-19;7;1721
7;2025-12-19;8;2663
7;2025-12-19;9;1936
7;2025-12-19;10;1649
7;2025-12-19;11;1553
7;2025-12-19;12;1688
7;2025-12-19;13;1586
7;2025-12-19;14;1688
7;2025-12-19;15;1784
7;2025-12-19;16;1838
7;2025-12-19;17;2383
7;2025-12-19;18;2368
7;2025-12-19;19;1613
7;2025-12-19;20;1057
7;2025-12-19;21;635
7;2025-12-19;22;318
7;2025-12-19;23;207
7;2025-12-20;0;124
7;2025-12-20;1;27
7;2025-12-20;2;0
7;2025-12-20;3;0
7;2025-12-20;4;1
7;2025-12-20;5;50
7;2025-12-20;6;272
7;2025-12-20;7;302
7;2025-12-20;8;774
7;2025-12-20;9;650
7;2025-12-20;10;679
7;2025-12-20;11;667
7;2025-12-20;12;908
7;2025-12-20;13;848
7;2025-12-20;14;840
7;2025-12-20;15;820
7;2025-12-20;16;835
7;2025-12-20;17;796
7;2025-12-20;18;758
7;2025-12-20;19;602
7;2025-12-20;20;479
7;2025-12-20;21;348
7;2025-12-20;22;185
7;2025-12-20;23;151
7;2025-12-21;0;93
7;2025-12-21;1;27
7;2025-12-21;2;0
7;2025-12-21;3;0
7;2025-12-21;4;1
7;2025-12-21;5;30
7;2025-12-21;6;131
7;2025-12-21;7;187
7;2025-12-21;8;412
7;2025-12-21;9;558
7;2025-12-21;10;414
7;2025-12-21;11;626
7;2025-12-21;12;665
7;2025-12-21;13;652
7;2025-12-21;14;656
7;2025-12-21;15;716
7;2025-12-21;16;636
7;2025-12-21;17;626
7;2025-12-21;18;651
7;2025-12-21;19;485
7;2025-12-21;20;405
7;2025-12-21;21;283
7;2025-12-21;22;155
7;2025-12-21;23;118
7;2025-12-22;0;60
7;2025-12-22;1;14
7;2025-12-22;2;0
7;2025-12-22;3;0
7;2025-12-22;4;2
7;2025-12-22;5;179
7;2025-12-22;6;607
7;2025-12-22;7;1703
7;2025-12-22;8;2689
7;2025-12-22;9;1900
7;2025-12-22;10;1623
7;2025-12-22;11;1516
7;2025-12-22;12;1638
7;2025-12-22;13;1532
7;2025-12-22;14;1625
7;2025-12-22;15;1732
7;2025-12-22;16;1783
7;2025-12-22;17;2326
7;2025-12-22;18;2548
7;2025-12-22;19;1621
7;2025-12-22;20;1046
7;2025-12-22;21;626
7;2025-12-22;22;311
7;2025-12-22;23;200
7;2025-12-23;0;60
7;2025-12-23;1;14
7;2025-12-23;2;0
7;2025-12-23;3;0
7;2025-12-23;4;2
7;2025-12-23;5;180
7;2025-12-23;6;610
7;2025-12-23;7;1690
7;2025-12-23;8;2645
7;2025-12-23;9;1894
7;2025-12-23;10;1621
7;2025-12-23;11;1521
7;2025-12-23;12;1652
7;2025-12-23;13;1554
7;2025-12-23;14;1654
7;2025-12-23;15;1763
7;2025-12-23;16;1823
7;2025-12-23;17;2364
7;2025-12-23;18;2564
7;2025-12-23;19;1641
7;2025-12-23;20;1057
7;2025-12-23;21;631
7;2025-12-23;22;314
7;2025-12-23;23;202
7;2025-12-24;0;60
7;2025-12-24;1;14
7;2025-12-24;2;0
7;2025-12-24;3;0
7;2025-12-24;4;2
7;2025-12-24;5;180
7;2025-12-24;6;609
7;2025-12-24;7;1705
7;2025-12-24;8;2678
7;2025-12-24;9;1927
7;2025-12-24;10;1625
7;2025-12-24;11;1520
7;2025-12-24;12;1652
7;2025-12-24;13;1552
7;2025-12-24;14;1644
7;2025-12-24;15;1755
7;2025-12-24;16;1816
7;2025-12-24;17;2360
7;2025-12-24;18;2554
7;2025-12-24;19;1632
7;2025-12-24;20;1052
7;2025-12-24;21;631
7;2025-12-24;22;315
7;2025-12-24;23;205
7;2025-12-25;0;61
7;2025-12-25;1;14
7;2025-12-25;2;1
7;2025-12-25;3;0
7;2025-12-25;4;2
7;2025-12-25;5;182
7;2025-12-25;6;618
7;2025-12-25;7;1727
7;2025-12-25;8;2715
7;2025-12-25;9;1929
7;2025-12-25;10;1643
7;2025-12-25;11;1536
7;2025-12-25;12;1672
7;2025-12-25;13;1573
7;2025-12-25;14;1664
7;2025-12-25;15;1771
7;2025-12-25;16;1831
7;2025-12-25;17;2367
7;2025-12-25;18;2565
7;2025-12-25;19;1640
7;2025-12-25;20;1065
7;2025-12-25;21;640
7;2025-12-25;22;319
7;2025-12-25;23;208
7;2025-12-26;0;60
7;2025-12-26;1;13
7;2025-12-26;2;0
7;2025-12-26;3;0
7;2025-12-26;4;2
7;2025-12-26;5;177
7;2025-12-26;6;603
7;2025-12-26;7;1666
7;2025-12-26;8;2555
7;2025-12-26;9;1855
7;2025-12-26;10;1575
7;2025-12-26;11;1472
7;2025-12-26;12;1598
7;2025-12-26;13;1503
7;2025-12-26;14;1599
7;2025-12-26;15;1686
7;2025-12-26;16;1739
7;2025-12-26;17;2226
7;2025-12-26;18;2335
7;2025-12-26;19;1569
7;2025-12-26;20;1030
7;2025-12-26;21;622
7;2025-12-26;22;311
7;2025-12-26;23;203
7;2025-12-27;0;117
7;2025-12-27;1;26
7;2025-12-27;2;0
7;2025-12-27;3;0
7;2025-12-27;4;1
7;2025-12-27;5;47
7;2025-12-27;6;257
7;2025-12-27;7;286
7;2025-12-27;8;734
7;2025-12-27;9;620
7;2025-12-27;10;646
7;2025-12-27;11;632
7;2025-12-27;12;860
7;2025-12-27;13;805
7;2025-12-27;14;799
7;2025-12-27;15;776
7;2025-12-27;16;793
7;2025-12-27;17;757
7;2025-12-27;18;722
7;2025-12-27;19;575
7;2025-12-27;20;462
7;2025-12-27;21;334
7;2025-12-27;22;174
7;2025-12-27;23;144
7;2025-12-28;0;89
7;2025-12-28;1;26
7;2025-12-28;2;0
7;2025-12-28;3;0
7;2025-12-28;4;1
7;2025-12-28;5;29
7;2025-12-28;6;127
7;2025-12-28;7;175
7;2025-12-28;8;382
7;2025-12-28;9;526
7;2025-12-28;10;391
7;2025-12-28;11;591
7;2025-12-28;12;629
7;2025-12-28;13;616
7;2025-12-28;14;620
7;2025-12-28;15;676
7;2025-12-28;16;604
7;2025-12-28;17;595
7;2025-12-28;18;619
7;2025-12-28;19;464
7;2025-12-28;20;389
7;2025-12-28;21;269
7;2025-12-28;22;148
7;2025-12-28;23;114
7;2025-12-29;0;58
7;2025-12-29;1;13
7;2025-12-29;2;0
7;2025-12-29;3;0
7;2025-12-29;4;2
7;2025-12-29;5;173
7;2025-12-29;6;587
7;2025-12-29;7;1645
7;2025-12-29;8;2590
7;2025-12-29;9;1836
7;2025-12-29;10;1568
7;2025-12-29;11;1467
7;2025-12-29;12;1594
7;2025-12-29;13;1495
7;2025-12-29;14;1590
7;2025-12-29;15;1690
7;2025-12-29;16;1747
7;2025-12-29;17;2270
7;2025-12-29;18;2486
7;2025-12-29;19;1582
7;2025-12-29;20;1019
7;2025-12-29;21;606
7;2025-12-29;22;301
7;2025-12-29;23;194
7;2025-12-30;0;59
7;2025-12-30;1;13
7;2025-12-30;2;1
7;2025-12-30;3;0
7;2025-12-30;4;2
7;2025-12-30;5;175
7;2025-12-30;6;593
7;2025-12-30;7;1665
7;2025-12-30;8;2597
7;2025-12-30;9;1863
7;2025-12-30;10;1589
7;2025-12-30;11;1489
7;2025-12-30;12;1616
7;2025-12-30;13;1519
7;2025-12-30;14;1615
7;2025-12-30;15;1718
7;2025-12-30;16;1777
7;2025-12-30;17;2292
7;2025-12-30;18;2395
7;2025-12-30;19;1564
7;2025-12-30;20;1020
7;2025-12-30;21;612
7;2025-12-30;22;305
7;2025-12-30;23;196
7;2025-12-31;0;92
7;2025-12-31;1;26
7;2025-12-31;2;0
7;2025-12-31;3;0
7;2025-12-31;4;1
7;2025-12-31;5;30
7;2025-12-31;6;131
7;2025-12-31;7;185
7;2025-12-31;8;390
7;2025-12-31;9;519
7;2025-12-31;10;390
7;2025-12-31;11;585
7;2025-12-31;12;623
7;2025-12-31;13;608
7;2025-12-31;14;611
7;2025-12-31;15;667
7;2025-12-31;16;594
7;2025-12-31;17;585
7;2025-12-31;18;618
7;2025-12-31;19;462
7;2025-12-31;20;396
7;2025-12-31;21;277
7;2025-12-31;22;153
7;2025-12-31;23;116
11;2025-11-01;0;57
11;2025-11-01;1;3
11;2025-11-01;2;0
11;2025-11-01;3;0
11;2025-11-01;4;1
11;2025-11-01;5;231
11;2025-11-01;6;1319
11;2025-11-01;7;2407
11;2025-11-01;8;3062
11;2025-11-01;9;2398
11;2025-11-01;10;1960
11;2025-11-01;11;1795
11;2025-11-01;12;1838
11;2025-11-01;13;1963
11;2025-11-01;14;1958
11;2025-11-01;15;1891
11;2025-11-01;16;2092
11;2025-11-01;17;2604
11;2025-11-01;18;2734
11;2025-11-01;19;1996
11;2025-11-01;20;1267
11;2025-11-01;21;730
11;2025-11-01;22;352
11;2025-11-01;23;229
11;2025-11-02;0;123
11;2025-11-02;1;18
11;2025-11-02;2;0
11;2025-11-02;3;0
11;2025-11-02;4;0
11;2025-11-02;5;123
11;2025-11-02;6;545
11;2025-11-02;7;569
11;2025-11-02;8;807
11;2025-11-02;9;1052
11;2025-11-02;10;1100
11;2025-11-02;11;1618
11;2025-11-02;12;1686
11;2025-11-02;13;1668
11;2025-11-02;14;1762
11;2025-11-02;15;1780
11;2025-11-02;16;1604
11;2025-11-02;17;1771
11;2025-11-02;18;1372
11;2025-11-02;19;1109
11;2025-11-02;20;845
11;2025-11-02;21;610
11;2025-11-02;22;366
11;2025-11-02;23;243
11;2025-11-03;0;120
11;2025-11-03;1;18
11;2025-11-03;2;0
11;2025-11-03;3;0
11;2025-11-03;4;0
11;2025-11-03;5;120
11;2025-11-03;6;538
11;2025-11-03;7;574
11;2025-11-03;8;820
11;2025-11-03;9;1046
11;2025-11-03;10;1076
11;2025-11-03;11;1534
11;2025-11-03;12;1593
11;2025-11-03;13;1587
11;2025-11-03;14;1672
11;2025-11-03;15;1682
11;2025-11-03;16;1546
11;2025-11-03;17;1732
11;2025-11-03;18;1360
11;2025-11-03;19;1089
11;2025-11-03;20;830
11;2025-11-03;21;592
11;2025-11-03;22;357
11;2025-11-03;23;237
11;2025-11-04;0;123
11;2025-11-04;1;18
11;2025-11-04;2;0
11;2025-11-04;3;0
11;2025-11-04;4;0
11;2025-11-04;5;122
11;2025-11-04;6;542
11;2025-11-04;7;561
11;2025-11-04;8;802
11;2025-11-04;9;1021
11;2025-11-04;10;1065
11;2025-11-04;11;1529
11;2025-11-04;12;1589
11;2025-11-04;13;1589
11;2025-11-04;14;1712
11;2025-11-04;15;1718
11;2025-11-04;16;1548
11;2025-11-04;17;1704
11;2025-11-04;18;1344
11;2025-11-04;19;1098
11;2025-11-04;20;845
11;2025-11-04;21;608
11;2025-11-04;22;365
11;2025-11-04;23;242
11;2025-11-05;0;61
11;2025-11-05;1;3
11;2025-11-05;2;0
11;2025-11-05;3;0
11;2025-11-05;4;1
11;2025-11-05;5;250
11;2025-11-05;6;1448
11;2025-11-05;7;2684
11;2025-11-05;8;3404
11;2025-11-05;9;2662
11;2025-11-05;10;2106
11;2025-11-05;11;1916
11;2025-11-05;12;1946
11;2025-11-05;13;2088
11;2025-11-05;14;2082
11;2025-11-05;15;2019
11;2025-11-05;16;2280
11;2025-11-05;17;2844
11;2025-11-05;18;3103
11;2025-11-05;19;2142
11;2025-11-05;20;1373
11;2025-11-05;21;782
11;2025-11-05;22;374
11;2025-11-05;23;244
11;2025-11-06;0;61
11;2025-11-06;1;3
11;2025-11-06;2;0
11;2025-11-06;3;0
11;2025-11-06;4;1
11;2025-11-06;5;248
11;2025-11-06;6;1441
11;2025-11-06;7;2666
11;2025-11-06;8;3381
11;2025-11-06;9;2645
11;2025-11-06;10;2089
11;2025-11-06;11;1897
11;2025-11-06;12;1937
11;2025-11-06;13;2083
11;2025-11-06;14;2050
11;2025-11-06;15;1983
11;2025-11-06;16;2258
11;2025-11-06;17;2808
11;2025-11-06;18;3068
11;2025-11-06;19;2136
11;2025-11-06;20;1354
11;2025-11-06;21;774
11;2025-11-06;22;370
11;2025-11-06;23;242
11;2025-11-07;0;62
11;2025-11-07;1;3
11;2025-11-07;2;0
11;2025-11-07;3;0
11;2025-11-07;4;1
11;2025-11-07;5;254
11;2025-11-07;6;1461
11;2025-11-07;7;2476
11;2025-11-07;8;3121
11;2025-11-07;9;2458
11;2025-11-07;10;1973
11;2025-11-07;11;1898
11;2025-11-07;12;1929
11;2025-11-07;13;1994
11;2025-11-07;14;1977
11;2025-11-07;15;2004
11;2025-11-07;16;2139
11;2025-11-07;17;2645
11;2025-11-07;18;2627
11;2025-11-07;19;1910
11;2025-11-07;20;1349
11;2025-11-07;21;785
11;2025-11-07;22;378
11;2025-11-07;23;246
11;2025-11-08;0;112
11;2025-11-08;1;1
11;2025-11-08;2;0
11;2025-11-08;3;0
11;2025-11-08;4;0
11;2025-11-08;5;174
11;2025-11-08;6;938
11;2025-11-08;7;822
11;2025-11-08;8;1164
11;2025-11-08;9;1299
11;2025-11-08;10;1483
11;2025-11-08;11;1803
11;2025-11-08;12;1997
11;2025-11-08;13;1925
11;2025-11-08;14;2160
11;2025-11-08;15;2004
11;2025-11-08;16;1904
11;2025-11-08;17;1995
11;2025-11-08;18;1575
11;2025-11-08;19;1518
11;2025-11-08;20;1033
11;2025-11-08;21;728
11;2025-11-08;22;438
11;2025-11-08;23;281
11;2025-11-09;0;121
11;2025-11-09;1;18
11;2025-11-09;2;0
11;2025-11-09;3;0
11;2025-11-09;4;0
11;2025-11-09;5;121
11;2025-11-09;6;537
11;2025-11-09;7;562
11;2025-11-09;8;824
11;2025-11-09;9;1066
11;2025-11-09;10;1116
11;2025-11-09;11;1612
11;2025-11-09;12;1681
11;2025-11-09;13;1672
11;2025-11-09;14;1752
11;2025-11-09;15;1771
11;2025-11-09;16;1613
11;2025-11-09;17;1772
11;2025-11-09;18;1382
11;2025-11-09;19;1127
11;2025-11-09;20;840
11;2025-11-09;21;602
11;2025-11-09;22;361
11;2025-11-09;23;242
11;2025-11-10;0;61
11;2025-11-10;1;3
11;2025-11-10;2;0
11;2025-11-10;3;0
11;2025-11-10;4;1
11;2025-11-10;5;247
11;2025-11-10;6;1443
11;2025-11-10;7;2672
11;2025-11-10;8;3444
11;2025-11-10;9;2636
11;2025-11-10;10;2081
11;2025-11-10;11;1899
11;2025-11-10;12;1940
11;2025-11-10;13;2074
11;2025-11-10;14;2048
11;2025-11-10;15;1997
11;2025-11-10;16;2265
11;2025-11-10;17;2828
11;2025-11-10;18;3128
11;2025-11-10;19;2153
11;2025-11-10;20;1372
11;2025-11-10;21;776
11;2025-11-10;22;370
11;2025-11-10;23;239
11;2025-11-11;0;61
11;2025-11-11;1;3
11;2025-11-11;2;0
11;2025-11-11;3;0
11;2025-11-11;4;1
11;2025-11-11;5;251
11;2025-11-11;6;1464
11;2025-11-11;7;2706
11;2025-11-11;8;3474
11;2025-11-11;9;2684
11;2025-11-11;10;2140
11;2025-11-11;11;1943
11;2025-11-11;12;1980
11;2025-11-11;13;2123
11;2025-11-11;14;2089
11;2025-11-11;15;2034
11;2025-11-11;16;2311
11;2025-11-11;17;2869
11;2025-11-11;18;3154
11;2025-11-11;19;2202
11;2025-11-11;20;1393
11;2025-11-11;21;788
11;2025-11-11;22;376
11;2025-11-11;23;243
11;2025-11-12;0;61
11;2025-11-12;1;3
11;2025-11-12;2;0
11;2025-11-12;3;0
11;2025-11-12;4;1
11;2025-11-12;5;249
11;2025-11-12;6;1448
11;2025-11-12;7;2686
11;2025-11-12;8;3447
11;2025-11-12;9;2665
11;2025-11-12;10;2111
11;2025-11-12;11;1920
11;2025-11-12;12;1956
11;2025-11-12;13;2094
11;2025-11-12;14;2084
11;2025-11-12;15;2019
11;2025-11-12;16;2282
11;2025-11-12;17;2838
11;2025-11-12;18;3125
11;2025-11-12;19;2145
11;2025-11-12;20;1375
11;2025-11-12;21;784
11;2025-11-12;22;375
11;2025-11-12;23;245
11;2025-11-13;0;61
11;2025-11-13;1;3
11;2025-11-13;2;0
11;2025-11-13;3;0
11;2025-11-13;4;1
11;2025-11-13;5;249
11;2025-11-13;6;1447
11;2025-11-13;7;2686
11;2025-11-13;8;3458
11;2025-11-13;9;2672
11;2025-11-13;10;2113
11;2025-11-13;11;1926
11;2025-11-13;12;1963
11;2025-11-13;13;2104
11;2025-11-13;14;2069
11;2025-11-13;15;2011
11;2025-11-13;16;2282
11;2025-11-13;17;2833
11;2025-11-13;18;3109
11;2025-11-13;19;2162
11;2025-11-13;20;1373
11;2025-11-13;21;780
11;2025-11-13;22;373
11;2025-11-13;23;244
11;2025-11-14;0;61
11;2025-11-14;1;3
11;2025-11-14;2;0
11;2025-11-14;3;0
11;2025-11-14;4;1
11;2025-11-14;5;247
11;2025-11-14;6;1438
11;2025-11-14;7;2642
11;2025-11-14;8;3274
11;2025-11-14;9;2620
11;2025-11-14;10;2080
11;2025-11-14;11;1908
11;2025-11-14;12;1942
11;2025-11-14;13;2076
11;2025-11-14;14;2059
11;2025-11-14;15;2003
11;2025-11-14;16;2270
11;2025-11-14;17;2813
11;2025-11-14;18;2862
11;2025-11-14;19;2104
11;2025-11-14;20;1358
11;2025-11-14;21;774
11;2025-11-14;22;373
11;2025-11-14;23;243
11;2025-11-15;0;109
11;2025-11-15;1;1
11;2025-11-15;2;0
11;2025-11-15;3;0
11;2025-11-15;4;0
11;2025-11-15;5;169
11;2025-11-15;6;904
11;2025-11-15;7;797
11;2025-11-15;8;1112
11;2025-11-15;9;1238
11;2025-11-15;10;1412
11;2025-11-15;11;1597
11;2025-11-15;12;1718
11;2025-11-15;13;1721
11;2025-11-15;14;1853
11;2025-11-15;15;1729
11;2025-11-15;16;1679
11;2025-11-15;17;1712
11;2025-11-15;18;1478
11;2025-11-15;19;1452
11;2025-11-15;20;1010
11;2025-11-15;21;718
11;2025-11-15;22;431
11;2025-11-15;23;276
11;2025-11-16;0;120
11;2025-11-16;1;18
11;2025-11-16;2;0
11;2025-11-16;3;0
11;2025-11-16;4;0
11;2025-11-16;5;120
11;2025-11-16;6;532
11;2025-11-16;7;556
11;2025-11-16;8;816
11;2025-11-16;9;1053
11;2025-11-16;10;1105
11;2025-11-16;11;1593
11;2025-11-16;12;1665
11;2025-11-16;13;1660
11;2025-11-16;14;1736
11;2025-11-16;15;1758
11;2025-11-16;16;1589
11;2025-11-16;17;1742
11;2025-11-16;18;1365
11;2025-11-16;19;1125
11;2025-11-16;20;847
11;2025-11-16;21;607
11;2025-11-16;22;363
11;2025-11-16;23;242
11;2025-11-17;0;60
11;2025-11-17;1;3
11;2025-11-17;2;0
11;2025-11-17;3;0
11;2025-11-17;4;1
11;2025-11-17;5;246
11;2025-11-17;6;1435
11;2025-11-17;7;2648
11;2025-11-17;8;3386
11;2025-11-17;9;2586
11;2025-11-17;10;2047
11;2025-11-17;11;1866
11;2025-11-17;12;1905
11;2025-11-17;13;2037
11;2025-11-17;14;2013
11;2025-11-17;15;1966
11;2025-11-17;16;2226
11;2025-11-17;17;2781
11;2025-11-17;18;3099
11;2025-11-17;19;2145
11;2025-11-17;20;1379
11;2025-11-17;21;778
11;2025-11-17;22;371
11;2025-11-17;23;240
11;2025-11-18;0;59
11;2025-11-18;1;3
11;2025-11-18;2;0
11;2025-11-18;3;0
11;2025-11-18;4;1
11;2025-11-18;5;241
11;2025-11-18;6;1401
11;2025-11-18;7;2578
11;2025-11-18;8;3261
11;2025-11-18;9;2535
11;2025-11-18;10;2002
11;2025-11-18;11;1816
11;2025-11-18;12;1843
11;2025-11-18;13;1977
11;2025-11-18;14;1945
11;2025-11-18;15;1905
11;2025-11-18;16;2164
11;2025-11-18;17;2691
11;2025-11-18;18;2974
11;2025-11-18;19;2071
11;2025-11-18;20;1325
11;2025-11-18;21;753
11;2025-11-18;22;359
11;2025-11-18;23;232
11;2025-11-19;0;61
11;2025-11-19;1;3
11;2025-11-19;2;0
11;2025-11-19;3;0
11;2025-11-19;4;1
11;2025-11-19;5;250
11;2025-11-19;6;1453
11;2025-11-19;7;2697
11;2025-11-19;8;3454
11;2025-11-19;9;2675
11;2025-11-19;10;2109
11;2025-11-19;11;1929
11;2025-11-19;12;1969
11;2025-11-19;13;2109
11;2025-11-19;14;2096
11;2025-11-19;15;2031
11;2025-11-19;16;2296
11;2025-11-19;17;2855
11;2025-11-19;18;3138
11;2025-11-19;19;2176
11;2025-11-19;20;1402
11;2025-11-19;21;798
11;2025-11-19;22;381
11;2025-11-19;23;248
11;2025-11-20;0;61
11;2025-11-20;1;3
11;2025-11-20;2;0
11;2025-11-20;3;0
11;2025-11-20;4;1
11;2025-11-20;5;250
11;2025-11-20;6;1449
11;2025-11-20;7;2679
11;2025-11-20;8;3438
11;2025-11-20;9;2665
11;2025-11-20;10;2114
11;2025-11-20;11;1929
11;2025-11-20;12;1965
11;2025-11-20;13;2109
11;2025-11-20;14;2073
11;2025-11-20;15;2016
11;2025-11-20;16;2288
11;2025-11-20;17;2838
11;2025-11-20;18;3123
11;2025-11-20;19;2185
11;2025-11-20;20;1386
11;2025-11-20;21;787
11;2025-11-20;22;376
11;2025-11-20;23;245
11;2025-11-21;0;61
11;2025-11-21;1;3
11;2025-11-21;2;0
11;2025-11-21;3;0
11;2025-11-21;4;1
11;2025-11-21;5;249
11;2025-11-21;6;1453
11;2025-11-21;7;2680
11;2025-11-21;8;3347
11;2025-11-21;9;2655
11;2025-11-21;10;2107
11;2025-11-21;11;1904
11;2025-11-21;12;1944
11;2025-11-21;13;2084
11;2025-11-21;14;2066
11;2025-11-21;15;2001
11;2025-11-21;16;2268
11;2025-11-21;17;2805
11;2025-11-21;18;2882
11;2025-11-21;19;2115
11;2025-11-21;20;1387
11;2025-11-21;21;789
11;2025-11-21;22;379
11;2025-11-21;23;247
11;2025-11-22;0;113
11;2025-11-22;1;1
11;2025-11-22;2;0
11;2025-11-22;3;0
11;2025-11-22;4;0
11;2025-11-22;5;172
11;2025-11-22;6;926
11;2025-11-22;7;828
11;2025-11-22;8;1164
11;2025-11-22;9;1294
11;2025-11-22;10;1485
11;2025-11-22;11;1711
11;2025-11-22;12;1851
11;2025-11-22;13;1824
11;2025-11-22;14;1986
11;2025-11-22;15;1835
11;2025-11-22;16;1787
11;2025-11-22;17;1825
11;2025-11-22;18;1550
11;2025-11-22;19;1507
11;2025-11-22;20;1036
11;2025-11-22;21;714
11;2025-11-22;22;434
11;2025-11-22;23;278
11;2025-11-23;0;119
11;2025-11-23;1;18
11;2025-11-23;2;0
11;2025-11-23;3;0
11;2025-11-23;4;0
11;2025-11-23;5;119
11;2025-11-23;6;530
11;2025-11-23;7;555
11;2025-11-23;8;814
11;2025-11-23;9;1050
11;2025-11-23;10;1099
11;2025-11-23;11;1594
11;2025-11-23;12;1663
11;2025-11-23;13;1658
11;2025-11-23;14;1738
11;2025-11-23;15;1758
11;2025-11-23;16;1591
11;2025-11-23;17;1750
11;2025-11-23;18;1368
11;2025-11-23;19;1122
11;2025-11-23;20;843
11;2025-11-23;21;604
11;2025-11-23;22;361
11;2025-11-23;23;240
11;2025-11-24;0;60
11;2025-11-24;1;3
11;2025-11-24;2;0
11;2025-11-24;3;0
11;2025-11-24;4;1
11;2025-11-24;5;245
11;2025-11-24;6;1423
11;2025-11-24;7;2634
11;2025-11-24;8;3368
11;2025-11-24;9;2583
11;2025-11-24;10;2030
11;2025-11-24;11;1839
11;2025-11-24;12;1881
11;2025-11-24;13;2005
11;2025-11-24;14;1980
11;2025-11-24;15;1934
11;2025-11-24;16;2185
11;2025-11-24;17;2730
11;2025-11-24;18;3047
11;2025-11-24;19;2092
11;2025-11-24;20;1337
11;2025-11-24;21;758
11;2025-11-24;22;362
11;2025-11-24;23;234
11;2025-11-25;0;61
11;2025-11-25;1;3
11;2025-11-25;2;0
11;2025-11-25;3;0
11;2025-11-25;4;1
11;2025-11-25;5;250
11;2025-11-25;6;1458
11;2025-11-25;7;2696
11;2025-11-25;8;3456
11;2025-11-25;9;2671
11;2025-11-25;10;2130
11;2025-11-25;11;1929
11;2025-11-25;12;1968
11;2025-11-25;13;2114
11;2025-11-25;14;2081
11;2025-11-25;15;2026
11;2025-11-25;16;2298
11;2025-11-25;17;2853
11;2025-11-25;18;3136
11;2025-11-25;19;2203
11;2025-11-25;20;1404
11;2025-11-25;21;794
11;2025-11-25;22;378
11;2025-11-25;23;245
11;2025-11-26;0;61
11;2025-11-26;1;3
11;2025-11-26;2;0
11;2025-11-26;3;0
11;2025-11-26;4;1
11;2025-11-26;5;249
11;2025-11-26;6;1438
11;2025-11-26;7;2670
11;2025-11-26;8;3420
11;2025-11-26;9;2633
11;2025-11-26;10;2096
11;2025-11-26;11;1899
11;2025-11-26;12;1932
11;2025-11-26;13;2072
11;2025-11-26;14;2052
11;2025-11-26;15;1989
11;2025-11-26;16;2250
11;2025-11-26;17;2799
11;2025-11-26;18;3120
11;2025-11-26;19;2153
11;2025-11-26;20;1394
11;2025-11-26;21;793
11;2025-11-26;22;379
11;2025-11-26;23;247
11;2025-11-27;0;61
11;2025-11-27;1;3
11;2025-11-27;2;0
11;2025-11-27;3;0
11;2025-11-27;4;1
11;2025-11-27;5;250
11;2025-11-27;6;1449
11;2025-11-27;7;2687
11;2025-11-27;8;3461
11;2025-11-27;9;2669
11;2025-11-27;10;2114
11;2025-11-27;11;1916
11;2025-11-27;12;1953
11;2025-11-27;13;2096
11;2025-11-27;14;2061
11;2025-11-27;15;2006
11;2025-11-27;16;2277
11;2025-11-27;17;2833
11;2025-11-27;18;3125
11;2025-11-27;19;2166
11;2025-11-27;20;1376
11;2025-11-27;21;781
11;2025-11-27;22;374
11;2025-11-27;23;244
11;2025-11-28;0;61
11;2025-11-28;1;3
11;2025-11-28;2;0
11;2025-11-28;3;0
11;2025-11-28;4;1
11;2025-11-28;5;249
11;2025-11-28;6;1450
11;2025-11-28;7;2651
11;2025-11-28;8;3369
11;2025-11-28;9;2629
11;2025-11-28;10;2089
11;2025-11-28;11;1887
11;2025-11-28;12;1918
11;2025-11-28;13;2063
11;2025-11-28;14;2044
11;2025-11-28;15;1980
11;2025-11-28;16;2246
11;2025-11-28;17;2793
11;2025-11-28;18;2894
11;2025-11-28;19;2073
11;2025-11-28;20;1360
11;2025-11-28;21;778
11;2025-11-28;22;374
11;2025-11-28;23;244
11;2025-11-29;0;113
11;2025-11-29;1;1
11;2025-11-29;2;0
11;2025-11-29;3;0
11;2025-11-29;4;0
11;2025-11-29;5;176
11;2025-11-29;6;949
11;2025-11-29;7;833
11;2025-11-29;8;1180
11;2025-11-29;9;1315
11;2025-11-29;10;1504
11;2025-11-29;11;1826
11;2025-11-29;12;2057
11;2025-11-29;13;1961
11;2025-11-29;14;2194
11;2025-11-29;15;2023
11;2025-11-29;16;1926
11;2025-11-29;17;2020
11;2025-11-29;18;1600
11;2025-11-29;19;1543
11;2025-11-29;20;1048
11;2025-11-29;21;738
11;2025-11-29;22;443
11;2025-11-29;23;284
11;2025-11-30;0;119
11;2025-11-30;1;18
11;2025-11-30;2;0
11;2025-11-30;3;0
11;2025-11-30;4;0
11;2025-11-30;5;120
11;2025-11-30;6;533
11;2025-11-30;7;559
11;2025-11-30;8;819
11;2025-11-30;9;1063
11;2025-11-30;10;1115
11;2025-11-30;11;1613
11;2025-11-30;12;1682
11;2025-11-30;13;1679
11;2025-11-30;14;1758
11;2025-11-30;15;1775
11;2025-11-30;16;1603
11;2025-11-30;17;1771
11;2025-11-30;18;1381
11;2025-11-30;19;1124
11;2025-11-30;20;839
11;2025-11-30;21;601
11;2025-11-30;22;360
11;2025-11-30;23;241
11;2025-12-01;0;61
11;2025-12-01;1;3
11;2025-12-01;2;0
11;2025-12-01;3;0
11;2025-12-01;4;1
11;2025-12-01;5;245
11;2025-12-01;6;1434
11;2025-12-01;7;2656
11;2025-12-01;8;3420
11;2025-12-01;9;2619
11;2025-12-01;10;2067
11;2025-12-01;11;1885
11;2025-12-01;12;1925
11;2025-12-01;13;2057
11;2025-12-01;14;2032
11;2025-12-01;15;1982
11;2025-12-01;16;2245
11;2025-12-01;17;2801
11;2025-12-01;18;3106
11;2025-12-01;19;2137
11;2025-12-01;20;1360
11;2025-12-01;21;772
11;2025-12-01;22;368
11;2025-12-01;23;237
11;2025-12-02;0;61
11;2025-12-02;1;3
11;2025-12-02;2;0
11;2025-12-02;3;0
11;2025-12-02;4;1
11;2025-12-02;5;248
11;2025-12-02;6;1453
11;2025-12-02;7;2681
11;2025-12-02;8;3449
11;2025-12-02;9;2660
11;2025-12-02;10;2121
11;2025-12-02;11;1924
11;2025-12-02;12;1961
11;2025-12-02;13;2103
11;2025-12-02;14;2069
11;2025-12-02;15;2018
11;2025-12-02;16;2289
11;2025-12-02;17;2842
11;2025-12-02;18;3123
11;2025-12-02;19;2183
11;2025-12-02;20;1382
11;2025-12-02;21;783
11;2025-12-02;22;373
11;2025-12-02;23;241
11;2025-12-03;0;62
11;2025-12-03;1;3
11;2025-12-03;2;0
11;2025-12-03;3;0
11;2025-12-03;4;1
11;2025-12-03;5;249
11;2025-12-03;6;1448
11;2025-12-03;7;2689
11;2025-12-03;8;3448
11;2025-12-03;9;2672
11;2025-12-03;10;2117
11;2025-12-03;11;1936
11;2025-12-03;12;1968
11;2025-12-03;13;2108
11;2025-12-03;14;2092
11;2025-12-03;15;2028
11;2025-12-03;16;2293
11;2025-12-03;17;2850
11;2025-12-03;18;3130
11;2025-12-03;19;2155
11;2025-12-03;20;1379
11;2025-12-03;21;785
11;2025-12-03;22;376
11;2025-12-03;23;244
11;2025-12-04;0;61
11;2025-12-04;1;3
11;2025-12-04;2;0
11;2025-12-04;3;0
11;2025-12-04;4;1
11;2025-12-04;5;249
11;2025-12-04;6;1448
11;2025-12-04;7;2686
11;2025-12-04;8;3452
11;2025-12-04;9;2666
11;2025-12-04;10;2113
11;2025-12-04;11;1926
11;2025-12-04;12;1962
11;2025-12-04;13;2111
11;2025-12-04;14;2076
11;2025-12-04;15;2018
11;2025-12-04;16;2290
11;2025-12-04;17;2844
11;2025-12-04;18;3129
11;2025-12-04;19;2182
11;2025-12-04;20;1384
11;2025-12-04;21;787
11;2025-12-04;22;376
11;2025-12-04;23;245
11;2025-12-05;0;61
11;2025-12-05;1;3
11;2025-12-05;2;0
11;2025-12-05;3;0
11;2025-12-05;4;1
11;2025-12-05;5;248
11;2025-12-05;6;1448
11;2025-12-05;7;2672
11;2025-12-05;8;3375
11;2025-12-05;9;2653
11;2025-12-05;10;2106
11;2025-12-05;11;1929
11;2025-12-05;12;1967
11;2025-12-05;13;2113
11;2025-12-05;14;2095
11;2025-12-05;15;2033
11;2025-12-05;16;2298
11;2025-12-05;17;2854
11;2025-12-05;18;2912
11;2025-12-05;19;2119
11;2025-12-05;20;1369
11;2025-12-05;21;780
11;2025-12-05;22;375
11;2025-12-05;23;244
11;2025-12-06;0;114
11;2025-12-06;1;1
11;2025-12-06;2;0
11;2025-12-06;3;0
11;2025-12-06;4;0
11;2025-12-06;5;178
11;2025-12-06;6;960
11;2025-12-06;7;841
11;2025-12-06;8;1194
11;2025-12-06;9;1331
11;2025-12-06;10;1527
11;2025-12-06;11;1855
11;2025-12-06;12;2087
11;2025-12-06;13;1993
11;2025-12-06;14;2230
11;2025-12-06;15;2061
11;2025-12-06;16;1953
11;2025-12-06;17;2046
11;2025-12-06;18;1621
11;2025-12-06;19;1562
11;2025-12-06;20;1061
11;2025-12-06;21;747
11;2025-12-06;22;448
11;2025-12-06;23;287
11;2025-12-07;0;122
11;2025-12-07;1;18
11;2025-12-07;2;0
11;2025-12-07;3;0
11;2025-12-07;4;0
11;2025-12-07;5;122
11;2025-12-07;6;544
11;2025-12-07;7;570
11;2025-12-07;8;835
11;2025-12-07;9;1082
11;2025-12-07;10;1135
11;2025-12-07;11;1645
11;2025-12-07;12;1714
11;2025-12-07;13;1710
11;2025-12-07;14;1793
11;2025-12-07;15;1818
11;2025-12-07;16;1640
11;2025-12-07;17;1807
11;2025-12-07;18;1409
11;2025-12-07;19;1145
11;2025-12-07;20;857
11;2025-12-07;21;613
11;2025-12-07;22;367
11;2025-12-07;23;247
11;2025-12-08;0;61
11;2025-12-08;1;3
11;2025-12-08;2;0
11;2025-12-08;3;0
11;2025-12-08;4;1
11;2025-12-08;5;246
11;2025-12-08;6;1432
11;2025-12-08;7;2653
11;2025-12-08;8;3418
11;2025-12-08;9;2618
11;2025-12-08;10;2066
11;2025-12-08;11;1884
11;2025-12-08;12;1922
11;2025-12-08;13;2053
11;2025-12-08;14;2029
11;2025-12-08;15;1981
11;2025-12-08;16;2243
11;2025-12-08;17;2796
11;2025-12-08;18;3099
11;2025-12-08;19;2134
11;2025-12-08;20;1360
11;2025-12-08;21;771
11;2025-12-08;22;367
11;2025-12-08;23;237
11;2025-12-09;0;61
11;2025-12-09;1;3
11;2025-12-09;2;0
11;2025-12-09;3;0
11;2025-12-09;4;1
11;2025-12-09;5;246
11;2025-12-09;6;1435
11;2025-12-09;7;2645
11;2025-12-09;8;3387
11;2025-12-09;9;2618
11;2025-12-09;10;2086
11;2025-12-09;11;1884
11;2025-12-09;12;1910
11;2025-12-09;13;2050
11;2025-12-09;14;2019
11;2025-12-09;15;1977
11;2025-12-09;16;2246
11;2025-12-09;17;2779
11;2025-12-09;18;3066
11;2025-12-09;19;2150
11;2025-12-09;20;1363
11;2025-12-09;21;773
11;2025-12-09;22;368
11;2025-12-09;23;237
11;2025-12-10;0;61
11;2025-12-10;1;3
11;2025-12-10;2;0
11;2025-12-10;3;0
11;2025-12-10;4;1
11;2025-12-10;5;248
11;2025-12-10;6;1430
11;2025-12-10;7;2655
11;2025-12-10;8;3392
11;2025-12-10;9;2623
11;2025-12-10;10;2080
11;2025-12-10;11;1893
11;2025-12-10;12;1930
11;2025-12-10;13;2067
11;2025-12-10;14;2052
11;2025-12-10;15;1990
11;2025-12-10;16;2248
11;2025-12-10;17;2795
11;2025-12-10;18;3099
11;2025-12-10;19;2141
11;2025-12-10;20;1387
11;2025-12-10;21;788
11;2025-12-10;22;377
11;2025-12-10;23;245
11;2025-12-11;0;61
11;2025-12-11;1;3
11;2025-12-11;2;0
11;2025-12-11;3;0
11;2025-12-11;4;1
11;2025-12-11;5;248
11;2025-12-11;6;1438
11;2025-12-11;7;2666
11;2025-12-11;8;3427
11;2025-12-11;9;2639
11;2025-12-11;10;2091
11;2025-12-11;11;1896
11;2025-12-11;12;1931
11;2025-12-11;13;2079
11;2025-12-11;14;2042
11;2025-12-11;15;1991
11;2025-12-11;16;2261
11;2025-12-11;17;2817
11;2025-12-11;18;3116
11;2025-12-11;19;2179
11;2025-12-11;20;1373
11;2025-12-11;21;780
11;2025-12-11;22;373
11;2025-12-11;23;242
11;2025-12-12;0;61
11;2025-12-12;1;3
11;2025-12-12;2;0
11;2025-12-12;3;0
11;2025-12-12;4;1
11;2025-12-12;5;245
11;2025-12-12;6;1432
11;2025-12-12;7;2629
11;2025-12-12;8;3311
11;2025-12-12;9;2606
11;2025-12-12;10;2063
11;2025-12-12;11;1863
11;2025-12-12;12;1896
11;2025-12-12;13;2033
11;2025-12-12;14;2016
11;2025-12-12;15;1950
11;2025-12-12;16;2209
11;2025-12-12;17;2713
11;2025-12-12;18;2821
11;2025-12-12;19;2054
11;2025-12-12;20;1372
11;2025-12-12;21;780
11;2025-12-12;22;373
11;2025-12-12;23;242
11;2025-12-13;0;112
11;2025-12-13;1;1
11;2025-12-13;2;0
11;2025-12-13;3;0
11;2025-12-13;4;0
11;2025-12-13;5;174
11;2025-12-13;6;938
11;2025-12-13;7;820
11;2025-12-13;8;1152
11;2025-12-13;9;1287
11;2025-12-13;10;1451
11;2025-12-13;11;1714
11;2025-12-13;12;1878
11;2025-12-13;13;1810
11;2025-12-13;14;1986
11;2025-12-13;15;1865
11;2025-12-13;16;1772
11;2025-12-13;17;1868
11;2025-12-13;18;1540
11;2025-12-13;19;1507
11;2025-12-13;20;1046
11;2025-12-13;21;735
11;2025-12-13;22;442
11;2025-12-13;23;283
11;2025-12-14;0;118
11;2025-12-14;1;18
11;2025-12-14;2;0
11;2025-12-14;3;0
11;2025-12-14;4;0
11;2025-12-14;5;119
11;2025-12-14;6;532
11;2025-12-14;7;555
11;2025-12-14;8;811
11;2025-12-14;9;1046
11;2025-12-14;10;1093
11;2025-12-14;11;1554
11;2025-12-14;12;1579
11;2025-12-14;13;1573
11;2025-12-14;14;1621
11;2025-12-14;15;1644
11;2025-12-14;16;1564
11;2025-12-14;17;1684
11;2025-12-14;18;1361
11;2025-12-14;19;1123
11;2025-12-14;20;845
11;2025-12-14;21;604
11;2025-12-14;22;362
11;2025-12-14;23;243
11;2025-12-15;0;60
11;2025-12-15;1;3
11;2025-12-15;2;0
11;2025-12-15;3;0
11;2025-12-15;4;1
11;2025-12-15;5;243
11;2025-12-15;6;1416
11;2025-12-15;7;2617
11;2025-12-15;8;3360
11;2025-12-15;9;2575
11;2025-12-15;10;2035
11;2025-12-15;11;1854
11;2025-12-15;12;1893
11;2025-12-15;13;2023
11;2025-12-15;14;1998
11;2025-12-15;15;1947
11;2025-12-15;16;2207
11;2025-12-15;17;2748
11;2025-12-15;18;3061
11;2025-12-15;19;2123
11;2025-12-15;20;1362
11;2025-12-15;21;770
11;2025-12-15;22;367
11;2025-12-15;23;236
11;2025-12-16;0;61
11;2025-12-16;1;3
11;2025-12-16;2;0
11;2025-12-16;3;0
11;2025-12-16;4;1
11;2025-12-16;5;247
11;2025-12-16;6;1442
11;2025-12-16;7;2656
11;2025-12-16;8;3399
11;2025-12-16;9;2628
11;2025-12-16;10;2095
11;2025-12-16;11;1887
11;2025-12-16;12;1927
11;2025-12-16;13;2064
11;2025-12-16;14;2031
11;2025-12-16;15;1980
11;2025-12-16;16;2242
11;2025-12-16;17;2788
11;2025-12-16;18;3080
11;2025-12-16;19;2161
11;2025-12-16;20;1383
11;2025-12-16;21;782
11;2025-12-16;22;373
11;2025-12-16;23;241
11;2025-12-17;0;61
11;2025-12-17;1;3
11;2025-12-17;2;0
11;2025-12-17;3;0
11;2025-12-17;4;1
11;2025-12-17;5;247
11;2025-12-17;6;1438
11;2025-12-17;7;2668
11;2025-12-17;8;3412
11;2025-12-17;9;2647
11;2025-12-17;10;2097
11;2025-12-17;11;1916
11;2025-12-17;12;1947
11;2025-12-17;13;2088
11;2025-12-17;14;2072
11;2025-12-17;15;2009
11;2025-12-17;16;2269
11;2025-12-17;17;2823
11;2025-12-17;18;3096
11;2025-12-17;19;2149
11;2025-12-17;20;1388
11;2025-12-17;21;790
11;2025-12-17;22;378
11;2025-12-17;23;246
11;2025-12-18;0;61
11;2025-12-18;1;3
11;2025-12-18;2;0
11;2025-12-18;3;0
11;2025-12-18;4;1
11;2025-12-18;5;249
11;2025-12-18;6;1446
11;2025-12-18;7;2675
11;2025-12-18;8;3430
11;2025-12-18;9;2658
11;2025-12-18;10;2098
11;2025-12-18;11;1913
11;2025-12-18;12;1948
11;2025-12-18;13;2103
11;2025-12-18;14;2066
11;2025-12-18;15;2010
11;2025-12-18;16;2282
11;2025-12-18;17;2830
11;2025-12-18;18;3113
11;2025-12-18;19;2190
11;2025-12-18;20;1399
11;2025-12-18;21;793
11;2025-12-18;22;379
11;2025-12-18;23;247
11;2025-12-19;0;61
11;2025-12-19;1;3
11;2025-12-19;2;0
11;2025-12-19;3;0
11;2025-12-19;4;1
11;2025-12-19;5;246
11;2025-12-19;6;1441
11;2025-12-19;7;2656
11;2025-12-19;8;3339
11;2025-12-19;9;2638
11;2025-12-19;10;2093
11;2025-12-19;11;1897
11;2025-12-19;12;1933
11;2025-12-19;13;2072
11;2025-12-19;14;2053
11;2025-12-19;15;1991
11;2025-12-19;16;2252
11;2025-12-19;17;2797
11;2025-12-19;18;2840
11;2025-12-19;19;2099
11;2025-12-19;20;1377
11;2025-12-19;21;783
11;2025-12-19;22;376
11;2025-12-19;23;244
11;2025-12-20;0;114
11;2025-12-20;1;1
11;2025-12-20;2;0
11;2025-12-20;3;0
11;2025-12-20;4;0
11;2025-12-20;5;177
11;2025-12-20;6;956
11;2025-12-20;7;835
11;2025-12-20;8;1183
11;2025-12-20;9;1320
11;2025-12-20;10;1513
11;2025-12-20;11;1836
11;2025-12-20;12;2064
11;2025-12-20;13;1972
11;2025-12-20;14;2200
11;2025-12-20;15;2041
11;2025-12-20;16;1929
11;2025-12-20;17;2023
11;2025-12-20;18;1605
11;2025-12-20;19;1549
11;2025-12-20;20;1050
11;2025-12-20;21;739
11;2025-12-20;22;444
11;2025-12-20;23;285
11;2025-12-21;0;119
11;2025-12-21;1;18
11;2025-12-21;2;0
11;2025-12-21;3;0
11;2025-12-21;4;0
11;2025-12-21;5;120
11;2025-12-21;6;523
11;2025-12-21;7;559
11;2025-12-21;8;822
11;2025-12-21;9;1065
11;2025-12-21;10;1114
11;2025-12-21;11;1582
11;2025-12-21;12;1638
11;2025-12-21;13;1643
11;2025-12-21;14;1705
11;2025-12-21;15;1729
11;2025-12-21;16;1594
11;2025-12-21;17;1723
11;2025-12-21;18;1383
11;2025-12-21;19;1127
11;2025-12-21;20;844
11;2025-12-21;21;609
11;2025-12-21;22;363
11;2025-12-21;23;244
11;2025-12-22;0;60
11;2025-12-22;1;3
11;2025-12-22;2;0
11;2025-12-22;3;0
11;2025-12-22;4;1
11;2025-12-22;5;244
11;2025-12-22;6;1426
11;2025-12-22;7;2636
11;2025-12-22;8;3384
11;2025-12-22;9;2588
11;2025-12-22;10;2047
11;2025-12-22;11;1858
11;2025-12-22;12;1888
11;2025-12-22;13;2009
11;2025-12-22;14;1977
11;2025-12-22;15;1936
11;2025-12-22;16;2184
11;2025-12-22;17;2726
11;2025-12-22;18;3043
11;2025-12-22;19;2109
11;2025-12-22;20;1359
11;2025-12-22;21;773
11;2025-12-22;22;368
11;2025-12-22;23;237
11;2025-12-23;0;61
11;2025-12-23;1;3
11;2025-12-23;2;0
11;2025-12-23;3;0
11;2025-12-23;4;1
11;2025-12-23;5;245
11;2025-12-23;6;1427
11;2025-12-23;7;2610
11;2025-12-23;8;3326
11;2025-12-23;9;2582
11;2025-12-23;10;2068
11;2025-12-23;11;1879
11;2025-12-23;12;1910
11;2025-12-23;13;2047
11;2025-12-23;14;2020
11;2025-12-23;15;1971
11;2025-12-23;16;2235
11;2025-12-23;17;2776
11;2025-12-23;18;3054
11;2025-12-23;19;2155
11;2025-12-23;20;1375
11;2025-12-23;21;778
11;2025-12-23;22;371
11;2025-12-23;23;240
11;2025-12-24;0;61
11;2025-12-24;1;3
11;2025-12-24;2;0
11;2025-12-24;3;0
11;2025-12-24;4;1
11;2025-12-24;5;245
11;2025-12-24;6;1422
11;2025-12-24;7;2631
11;2025-12-24;8;3363
11;2025-12-24;9;2606
11;2025-12-24;10;2063
11;2025-12-24;11;1881
11;2025-12-24;12;1913
11;2025-12-24;13;2039
11;2025-12-24;14;2024
11;2025-12-24;15;1967
11;2025-12-24;16;2225
11;2025-12-24;17;2770
11;2025-12-24;18;3052
11;2025-12-24;19;2112
11;2025-12-24;20;1366
11;2025-12-24;21;778
11;2025-12-24;22;372
11;2025-12-24;23;242
11;2025-12-25;0;61
11;2025-12-25;1;3
11;2025-12-25;2;0
11;2025-12-25;3;0
11;2025-12-25;4;1
11;2025-12-25;5;248
11;2025-12-25;6;1443
11;2025-12-25;7;2663
11;2025-12-25;8;3418
11;2025-12-25;9;2630
11;2025-12-25;10;2085
11;2025-12-25;11;1891
11;2025-12-25;12;1931
11;2025-12-25;13;2075
11;2025-12-25;14;2032
11;2025-12-25;15;1976
11;2025-12-25;16;2243
11;2025-12-25;17;2771
11;2025-12-25;18;3065
11;2025-12-25;19;2151
11;2025-12-25;20;1388
11;2025-12-25;21;789
11;2025-12-25;22;378
11;2025-12-25;23;246
11;2025-12-26;0;60
11;2025-12-26;1;3
11;2025-12-26;2;0
11;2025-12-26;3;0
11;2025-12-26;4;1
11;2025-12-26;5;242
11;2025-12-26;6;1408
11;2025-12-26;7;2564
11;2025-12-26;8;3212
11;2025-12-26;9;2506
11;2025-12-26;10;1993
11;2025-12-26;11;1798
11;2025-12-26;12;1828
11;2025-12-26;13;1954
11;2025-12-26;14;1937
11;2025-12-26;15;1881
11;2025-12-26;16;2113
11;2025-12-26;17;2626
11;2025-12-26;18;2798
11;2025-12-26;19;2021
11;2025-12-26;20;1343
11;2025-12-26;21;767
11;2025-12-26;22;368
11;2025-12-26;23;240
11;2025-12-27;0;107
11;2025-12-27;1;1
11;2025-12-27;2;0
11;2025-12-27;3;0
11;2025-12-27;4;0
11;2025-12-27;5;167
11;2025-12-27;6;902
11;2025-12-27;7;790
11;2025-12-27;8;1125
11;2025-12-27;9;1258
11;2025-12-27;10;1434
11;2025-12-27;11;1705
11;2025-12-27;12;1889
11;2025-12-27;13;1816
11;2025-12-27;14;2011
11;2025-12-27;15;1871
11;2025-12-27;16;1779
11;2025-12-27;17;1864
11;2025-12-27;18;1508
11;2025-12-27;19;1474
11;2025-12-27;20;1015
11;2025-12-27;21;710
11;2025-12-27;22;418
11;2025-12-27;23;272
11;2025-12-28;0;114
11;2025-12-28;1;18
11;2025-12-28;2;0
11;2025-12-28;3;0
11;2025-12-28;4;0
11;2025-12-28;5;114
11;2025-12-28;6;508
11;2025-12-28;7;522
11;2025-12-28;8;764
11;2025-12-28;9;1002
11;2025-12-28;10;1052
11;2025-12-28;11;1466
11;2025-12-28;12;1513
11;2025-12-28;13;1508
11;2025-12-28;14;1566
11;2025-12-28;15;1586
11;2025-12-28;16;1485
11;2025-12-28;17;1591
11;2025-12-28;18;1308
11;2025-12-28;19;1068
11;2025-12-28;20;810
11;2025-12-28;21;579
11;2025-12-28;22;347
11;2025-12-28;23;233
11;2025-12-29;0;58
11;2025-12-29;1;3
11;2025-12-29;2;0
11;2025-12-29;3;0
11;2025-12-29;4;1
11;2025-12-29;5;236
11;2025-12-29;6;1378
11;2025-12-29;7;2538
11;2025-12-29;8;3261
11;2025-12-29;9;2483
11;2025-12-29;10;1977
11;2025-12-29;11;1797
11;2025-12-29;12;1836
11;2025-12-29;13;1962
11;2025-12-29;14;1936
11;2025-12-29;15;1887
11;2025-12-29;16;2125
11;2025-12-29;17;2655
11;2025-12-29;18;2970
11;2025-12-29;19;2055
11;2025-12-29;20;1323
11;2025-12-29;21;747
11;2025-12-29;22;356
11;2025-12-29;23;230
11;2025-12-30;0;59
11;2025-12-30;1;3
11;2025-12-30;2;0
11;2025-12-30;3;0
11;2025-12-30;4;1
11;2025-12-30;5;238
11;2025-12-30;6;1392
11;2025-12-30;7;2563
11;2025-12-30;8;3270
11;2025-12-30;9;2524
11;2025-12-30;10;2018
11;2025-12-30;11;1831
11;2025-12-30;12;1866
11;2025-12-30;13;1997
11;2025-12-30;14;1971
11;2025-12-30;15;1919
11;2025-12-30;16;2162
11;2025-12-30;17;2693
11;2025-12-30;18;2868
11;2025-12-30;19;2039
11;2025-12-30;20;1330
11;2025-12-30;21;754
11;2025-12-30;22;361
11;2025-12-30;23;232
11;2025-12-31;0;117
11;2025-12-31;1;18
11;2025-12-31;2;0
11;2025-12-31;3;0
11;2025-12-31;4;0
11;2025-12-31;5;118
11;2025-12-31;6;526
11;2025-12-31;7;555
11;2025-12-31;8;781
11;2025-12-31;9;1010
11;2025-12-31;10;1046
11;2025-12-31;11;1513
11;2025-12-31;12;1578
11;2025-12-31;13;1567
11;2025-12-31;14;1643
11;2025-12-31;15;1656
11;2025-12-31;16;1505
11;2025-12-31;17;1664
11;2025-12-31;18;1313
11;2025-12-31;19;1056
11;2025-12-31;20;830
11;2025-12-31;21;597
11;2025-12-31;22;359
11;2025-12-31;23;239
12;2025-11-01;0;52
12;2025-11-01;1;2
12;2025-11-01;2;0
12;2025-11-01;3;0
12;2025-11-01;4;6
12;2025-11-01;5;296
12;2025-11-01;6;1383
12;2025-11-01;7;2547
12;2025-11-01;8;3479
12;2025-11-01;9;2491
12;2025-11-01;10;1901
12;2025-11-01;11;1823
12;2025-11-01;12;1929
12;2025-11-01;13;1938
12;2025-11-01;14;1898
12;2025-11-01;15;1997
12;2025-11-01;16;2464
12;2025-11-01;17;2778
12;2025-11-01;18;2820
12;2025-11-01;19;2181
12;2025-11-01;20;1446
12;2025-11-01;21;903
12;2025-11-01;22;466
12;2025-11-01;23;240
12;2025-11-02;0;79
12;2025-11-02;1;3
12;2025-11-02;2;0
12;2025-11-02;3;0
12;2025-11-02;4;4
12;2025-11-02;5;141
12;2025-11-02;6;559
12;2025-11-02;7;749
12;2025-11-02;8;753
12;2025-11-02;9;968
12;2025-11-02;10;1143
12;2025-11-02;11;1241
12;2025-11-02;12;1316
12;2025-11-02;13;1522
12;2025-11-02;14;1488
12;2025-11-02;15;1475
12;2025-11-02;16;1448
12;2025-11-02;17;1523
12;2025-11-02;18;1264
12;2025-11-02;19;1016
12;2025-11-02;20;755
12;2025-11-02;21;579
12;2025-11-02;22;350
12;2025-11-02;23;193
12;2025-11-03;0;77
12;2025-11-03;1;3
12;2025-11-03;2;0
12;2025-11-03;3;0
12;2025-11-03;4;3
12;2025-11-03;5;138
12;2025-11-03;6;550
12;2025-11-03;7;756
12;2025-11-03;8;768
12;2025-11-03;9;963
12;2025-11-03;10;1114
12;2025-11-03;11;1185
12;2025-11-03;12;1248
12;2025-11-03;13;1457
12;2025-11-03;14;1414
12;2025-11-03;15;1400
12;2025-11-03;16;1410
12;2025-11-03;17;1494
12;2025-11-03;18;1255
12;2025-11-03;19;1000
12;2025-11-03;20;742
12;2025-11-03;21;563
12;2025-11-03;22;342
12;2025-11-03;23;188
12;2025-11-04;0;79
12;2025-11-04;1;3
12;2025-11-04;2;0
12;2025-11-04;3;0
12;2025-11-04;4;3
12;2025-11-04;5;140
12;2025-11-04;6;555
12;2025-11-04;7;737
12;2025-11-04;8;752
12;2025-11-04;9;938
12;2025-11-04;10;1102
12;2025-11-04;11;1177
12;2025-11-04;12;1252
12;2025-11-04;13;1451
12;2025-11-04;14;1436
12;2025-11-04;15;1430
12;2025-11-04;16;1406
12;2025-11-04;17;1470
12;2025-11-04;18;1245
12;2025-11-04;19;996
12;2025-11-04;20;755
12;2025-11-04;21;578
12;2025-11-04;22;349
12;2025-11-04;23;193
12;2025-11-05;0;56
12;2025-11-05;1;2
12;2025-11-05;2;0
12;2025-11-05;3;0
12;2025-11-05;4;6
12;2025-11-05;5;320
12;2025-11-05;6;1507
12;2025-11-05;7;2849
12;2025-11-05;8;3880
12;2025-11-05;9;2749
12;2025-11-05;10;2058
12;2025-11-05;11;1950
12;2025-11-05;12;2060
12;2025-11-05;13;2071
12;2025-11-05;14;2028
12;2025-11-05;15;2173
12;2025-11-05;16;2687
12;2025-11-05;17;3015
12;2025-11-05;18;3162
12;2025-11-05;19;2408
12;2025-11-05;20;1547
12;2025-11-05;21;967
12;2025-11-05;22;496
12;2025-11-05;23;256
12;2025-11-06;0;56
12;2025-11-06;1;2
12;2025-11-06;2;0
12;2025-11-06;3;0
12;2025-11-06;4;6
12;2025-11-06;5;318
12;2025-11-06;6;1498
12;2025-11-06;7;2832
12;2025-11-06;8;3879
12;2025-11-06;9;2731
12;2025-11-06;10;2045
12;2025-11-06;11;1931
12;2025-11-06;12;2063
12;2025-11-06;13;2071
12;2025-11-06;14;2024
12;2025-11-06;15;2146
12;2025-11-06;16;2660
12;2025-11-06;17;2989
12;2025-11-06;18;3116
12;2025-11-06;19;2369
12;2025-11-06;20;1522
12;2025-11-06;21;957
12;2025-11-06;22;491
12;2025-11-06;23;253
12;2025-11-07;0;57
12;2025-11-07;1;2
12;2025-11-07;2;0
12;2025-11-07;3;0
12;2025-11-07;4;6
12;2025-11-07;5;325
12;2025-11-07;6;1484
12;2025-11-07;7;2630
12;2025-11-07;8;3596
12;2025-11-07;9;2522
12;2025-11-07;10;1950
12;2025-11-07;11;1936
12;2025-11-07;12;1899
12;2025-11-07;13;1902
12;2025-11-07;14;1921
12;2025-11-07;15;2030
12;2025-11-07;16;2487
12;2025-11-07;17;2774
12;2025-11-07;18;2686
12;2025-11-07;19;2097
12;2025-11-07;20;1491
12;2025-11-07;21;971
12;2025-11-07;22;499
12;2025-11-07;23;258
12;2025-11-08;0;65
12;2025-11-08;1;2
12;2025-11-08;2;0
12;2025-11-08;3;0
12;2025-11-08;4;1
12;2025-11-08;5;222
12;2025-11-08;6;854
12;2025-11-08;7;969
12;2025-11-08;8;1161
12;2025-11-08;9;1372
12;2025-11-08;10;1485
12;2025-11-08;11;1540
12;2025-11-08;12;1537
12;2025-11-08;13;1712
12;2025-11-08;14;1629
12;2025-11-08;15;1582
12;2025-11-08;16;1658
12;2025-11-08;17;1578
12;2025-11-08;18;1602
12;2025-11-08;19;1323
12;2025-11-08;20;858
12;2025-11-08;21;737
12;2025-11-08;22;385
12;2025-11-08;23;281
12;2025-11-09;0;77
12;2025-11-09;1;3
12;2025-11-09;2;0
12;2025-11-09;3;0
12;2025-11-09;4;3
12;2025-11-09;5;139
12;2025-11-09;6;549
12;2025-11-09;7;744
12;2025-11-09;8;768
12;2025-11-09;9;981
12;2025-11-09;10;1158
12;2025-11-09;11;1251
12;2025-11-09;12;1327
12;2025-11-09;13;1530
12;2025-11-09;14;1495
12;2025-11-09;15;1481
12;2025-11-09;16;1462
12;2025-11-09;17;1533
12;2025-11-09;18;1273
12;2025-11-09;19;1031
12;2025-11-09;20;750
12;2025-11-09;21;571
12;2025-11-09;22;346
12;2025-11-09;23;193
12;2025-11-10;0;56
12;2025-11-10;1;2
12;2025-11-10;2;0
12;2025-11-10;3;0
12;2025-11-10;4;6
12;2025-11-10;5;317
12;2025-11-10;6;1495
12;2025-11-10;7;2835
12;2025-11-10;8;3927
12;2025-11-10;9;2717
12;2025-11-10;10;2016
12;2025-11-10;11;1926
12;2025-11-10;12;2043
12;2025-11-10;13;2050
12;2025-11-10;14;2007
12;2025-11-10;15;2145
12;2025-11-10;16;2664
12;2025-11-10;17;3002
12;2025-11-10;18;3166
12;2025-11-10;19;2407
12;2025-11-10;20;1546
12;2025-11-10;21;960
12;2025-11-10;22;491
12;2025-11-10;23;250
12;2025-11-11;0;57
12;2025-11-11;1;2
12;2025-11-11;2;0
12;2025-11-11;3;0
12;2025-11-11;4;6
12;2025-11-11;5;321
12;2025-11-11;6;1515
12;2025-11-11;7;2870
12;2025-11-11;8;3952
12;2025-11-11;9;2768
12;2025-11-11;10;2068
12;2025-11-11;11;2014
12;2025-11-11;12;2106
12;2025-11-11;13;2112
12;2025-11-11;14;2068
12;2025-11-11;15;2195
12;2025-11-11;16;2710
12;2025-11-11;17;3044
12;2025-11-11;18;3200
12;2025-11-11;19;2439
12;2025-11-11;20;1567
12;2025-11-11;21;976
12;2025-11-11;22;499
12;2025-11-11;23;254
12;2025-11-12;0;56
12;2025-11-12;1;2
12;2025-11-12;2;0
12;2025-11-12;3;0
12;2025-11-12;4;6
12;2025-11-12;5;320
12;2025-11-12;6;1507
12;2025-11-12;7;2850
12;2025-11-12;8;3926
12;2025-11-12;9;2751
12;2025-11-12;10;2064
12;2025-11-12;11;1955
12;2025-11-12;12;2070
12;2025-11-12;13;2077
12;2025-11-12;14;2029
12;2025-11-12;15;2174
12;2025-11-12;16;2683
12;2025-11-12;17;3013
12;2025-11-12;18;3165
12;2025-11-12;19;2411
12;2025-11-12;20;1549
12;2025-11-12;21;969
12;2025-11-12;22;497
12;2025-11-12;23;256
12;2025-11-13;0;56
12;2025-11-13;1;2
12;2025-11-13;2;0
12;2025-11-13;3;0
12;2025-11-13;4;6
12;2025-11-13;5;319
12;2025-11-13;6;1506
12;2025-11-13;7;2854
12;2025-11-13;8;3941
12;2025-11-13;9;2758
12;2025-11-13;10;2066
12;2025-11-13;11;1966
12;2025-11-13;12;2087
12;2025-11-13;13;2092
12;2025-11-13;14;2037
12;2025-11-13;15;2173
12;2025-11-13;16;2684
12;2025-11-13;17;3009
12;2025-11-13;18;3156
12;2025-11-13;19;2397
12;2025-11-13;20;1544
12;2025-11-13;21;964
12;2025-11-13;22;495
12;2025-11-13;23;255
12;2025-11-14;0;56
12;2025-11-14;1;2
12;2025-11-14;2;0
12;2025-11-14;3;0
12;2025-11-14;4;6
12;2025-11-14;5;316
12;2025-11-14;6;1489
12;2025-11-14;7;2801
12;2025-11-14;8;3738
12;2025-11-14;9;2700
12;2025-11-14;10;2031
12;2025-11-14;11;1948
12;2025-11-14;12;2061
12;2025-11-14;13;2067
12;2025-11-14;14;2029
12;2025-11-14;15;2166
12;2025-11-14;16;2661
12;2025-11-14;17;2983
12;2025-11-14;18;2975
12;2025-11-14;19;2331
12;2025-11-14;20;1522
12;2025-11-14;21;957
12;2025-11-14;22;493
12;2025-11-14;23;255
12;2025-11-15;0;63
12;2025-11-15;1;2
12;2025-11-15;2;0
12;2025-11-15;3;0
12;2025-11-15;4;1
12;2025-11-15;5;215
12;2025-11-15;6;827
12;2025-11-15;7;932
12;2025-11-15;8;1108
12;2025-11-15;9;1315
12;2025-11-15;10;1411
12;2025-11-15;11;1431
12;2025-11-15;12;1437
12;2025-11-15;13;1586
12;2025-11-15;14;1504
12;2025-11-15;15;1464
12;2025-11-15;16;1528
12;2025-11-15;17;1451
12;2025-11-15;18;1488
12;2025-11-15;19;1276
12;2025-11-15;20;840
12;2025-11-15;21;728
12;2025-11-15;22;379
12;2025-11-15;23;277
12;2025-11-16;0;77
12;2025-11-16;1;3
12;2025-11-16;2;0
12;2025-11-16;3;0
12;2025-11-16;4;3
12;2025-11-16;5;138
12;2025-11-16;6;545
12;2025-11-16;7;737
12;2025-11-16;8;759
12;2025-11-16;9;969
12;2025-11-16;10;1146
12;2025-11-16;11;1238
12;2025-11-16;12;1315
12;2025-11-16;13;1520
12;2025-11-16;14;1476
12;2025-11-16;15;1467
12;2025-11-16;16;1440
12;2025-11-16;17;1508
12;2025-11-16;18;1258
12;2025-11-16;19;1031
12;2025-11-16;20;757
12;2025-11-16;21;576
12;2025-11-16;22;348
12;2025-11-16;23;192
12;2025-11-17;0;56
12;2025-11-17;1;2
12;2025-11-17;2;0
12;2025-11-17;3;0
12;2025-11-17;4;6
12;2025-11-17;5;315
12;2025-11-17;6;1488
12;2025-11-17;7;2808
12;2025-11-17;8;3868
12;2025-11-17;9;2667
12;2025-11-17;10;1989
12;2025-11-17;11;1893
12;2025-11-17;12;2011
12;2025-11-17;13;2018
12;2025-11-17;14;1975
12;2025-11-17;15;2111
12;2025-11-17;16;2617
12;2025-11-17;17;2955
12;2025-11-17;18;3130
12;2025-11-17;19;2397
12;2025-11-17;20;1554
12;2025-11-17;21;964
12;2025-11-17;22;493
12;2025-11-17;23;251
12;2025-11-18;0;55
12;2025-11-18;1;2
12;2025-11-18;2;0
12;2025-11-18;3;0
12;2025-11-18;4;6
12;2025-11-18;5;309
12;2025-11-18;6;1451
12;2025-11-18;7;2732
12;2025-11-18;8;3743
12;2025-11-18;9;2610
12;2025-11-18;10;1941
12;2025-11-18;11;1888
12;2025-11-18;12;1969
12;2025-11-18;13;1973
12;2025-11-18;14;1935
12;2025-11-18;15;2056
12;2025-11-18;16;2538
12;2025-11-18;17;2862
12;2025-11-18;18;3016
12;2025-11-18;19;2295
12;2025-11-18;20;1491
12;2025-11-18;21;930
12;2025-11-18;22;477
12;2025-11-18;23;243
12;2025-11-19;0;56
12;2025-11-19;1;2
12;2025-11-19;2;0
12;2025-11-19;3;0
12;2025-11-19;4;6
12;2025-11-19;5;320
12;2025-11-19;6;1512
12;2025-11-19;7;2861
12;2025-11-19;8;3932
12;2025-11-19;9;2763
12;2025-11-19;10;2063
12;2025-11-19;11;1966
12;2025-11-19;12;2084
12;2025-11-19;13;2092
12;2025-11-19;14;2041
12;2025-11-19;15;2187
12;2025-11-19;16;2700
12;2025-11-19;17;3026
12;2025-11-19;18;3181
12;2025-11-19;19;2445
12;2025-11-19;20;1581
12;2025-11-19;21;988
12;2025-11-19;22;506
12;2025-11-19;23;260
12;2025-11-20;0;56
12;2025-11-20;1;2
12;2025-11-20;2;0
12;2025-11-20;3;0
12;2025-11-20;4;6
12;2025-11-20;5;320
12;2025-11-20;6;1509
12;2025-11-20;7;2847
12;2025-11-20;8;3909
12;2025-11-20;9;2751
12;2025-11-20;10;2067
12;2025-11-20;11;1966
12;2025-11-20;12;2090
12;2025-11-20;13;2097
12;2025-11-20;14;2041
12;2025-11-20;15;2177
12;2025-11-20;16;2689
12;2025-11-20;17;3011
12;2025-11-20;18;3166
12;2025-11-20;19;2420
12;2025-11-20;20;1559
12;2025-11-20;21;973
12;2025-11-20;22;499
12;2025-11-20;23;257
12;2025-11-21;0;56
12;2025-11-21;1;2
12;2025-11-21;2;0
12;2025-11-21;3;0
12;2025-11-21;4;6
12;2025-11-21;5;319
12;2025-11-21;6;1504
12;2025-11-21;7;2841
12;2025-11-21;8;3816
12;2025-11-21;9;2736
12;2025-11-21;10;2048
12;2025-11-21;11;1944
12;2025-11-21;12;2057
12;2025-11-21;13;2069
12;2025-11-21;14;2026
12;2025-11-21;15;2163
12;2025-11-21;16;2660
12;2025-11-21;17;2975
12;2025-11-21;18;2983
12;2025-11-21;19;2343
12;2025-11-21;20;1553
12;2025-11-21;21;978
12;2025-11-21;22;502
12;2025-11-21;23;259
12;2025-11-22;0;65
12;2025-11-22;1;2
12;2025-11-22;2;0
12;2025-11-22;3;0
12;2025-11-22;4;1
12;2025-11-22;5;219
12;2025-11-22;6;845
12;2025-11-22;7;971
12;2025-11-22;8;1160
12;2025-11-22;9;1371
12;2025-11-22;10;1487
12;2025-11-22;11;1516
12;2025-11-22;12;1528
12;2025-11-22;13;1676
12;2025-11-22;14;1598
12;2025-11-22;15;1547
12;2025-11-22;16;1620
12;2025-11-22;17;1540
12;2025-11-22;18;1574
12;2025-11-22;19;1323
12;2025-11-22;20;860
12;2025-11-22;21;723
12;2025-11-22;22;382
12;2025-11-22;23;278
12;2025-11-23;0;76
12;2025-11-23;1;3
12;2025-11-23;2;0
12;2025-11-23;3;0
12;2025-11-23;4;3
12;2025-11-23;5;137
12;2025-11-23;6;543
12;2025-11-23;7;734
12;2025-11-23;8;758
12;2025-11-23;9;966
12;2025-11-23;10;1140
12;2025-11-23;11;1236
12;2025-11-23;12;1311
12;2025-11-23;13;1518
12;2025-11-23;14;1477
12;2025-11-23;15;1466
12;2025-11-23;16;1441
12;2025-11-23;17;1514
12;2025-11-23;18;1260
12;2025-11-23;19;1028
12;2025-11-23;20;753
12;2025-11-23;21;573
12;2025-11-23;22;345
12;2025-11-23;23;191
12;2025-11-24;0;55
12;2025-11-24;1;2
12;2025-11-24;2;0
12;2025-11-24;3;0
12;2025-11-24;4;6
12;2025-11-24;5;314
12;2025-11-24;6;1477
12;2025-11-24;7;2788
12;2025-11-24;8;3855
12;2025-11-24;9;2662
12;2025-11-24;10;1967
12;2025-11-24;11;1865
12;2025-11-24;12;1980
12;2025-11-24;13;1982
12;2025-11-24;14;1939
12;2025-11-24;15;2076
12;2025-11-24;16;2567
12;2025-11-24;17;2900
12;2025-11-24;18;3080
12;2025-11-24;19;2338
12;2025-11-24;20;1509
12;2025-11-24;21;938
12;2025-11-24;22;481
12;2025-11-24;23;244
12;2025-11-25;0;56
12;2025-11-25;1;2
12;2025-11-25;2;0
12;2025-11-25;3;0
12;2025-11-25;4;6
12;2025-11-25;5;320
12;2025-11-25;6;1511
12;2025-11-25;7;2859
12;2025-11-25;8;3930
12;2025-11-25;9;2754
12;2025-11-25;10;2058
12;2025-11-25;11;1999
12;2025-11-25;12;2094
12;2025-11-25;13;2104
12;2025-11-25;14;2061
12;2025-11-25;15;2186
12;2025-11-25;16;2695
12;2025-11-25;17;3023
12;2025-11-25;18;3179
12;2025-11-25;19;2441
12;2025-11-25;20;1580
12;2025-11-25;21;983
12;2025-11-25;22;502
12;2025-11-25;23;256
12;2025-11-26;0;56
12;2025-11-26;1;2
12;2025-11-26;2;0
12;2025-11-26;3;0
12;2025-11-26;4;6
12;2025-11-26;5;320
12;2025-11-26;6;1496
12;2025-11-26;7;2830
12;2025-11-26;8;3908
12;2025-11-26;9;2717
12;2025-11-26;10;2046
12;2025-11-26;11;1933
12;2025-11-26;12;2041
12;2025-11-26;13;2051
12;2025-11-26;14;1995
12;2025-11-26;15;2143
12;2025-11-26;16;2643
12;2025-11-26;17;2976
12;2025-11-26;18;3152
12;2025-11-26;19;2418
12;2025-11-26;20;1569
12;2025-11-26;21;982
12;2025-11-26;22;503
12;2025-11-26;23;259
12;2025-11-27;0;56
12;2025-11-27;1;2
12;2025-11-27;2;0
12;2025-11-27;3;0
12;2025-11-27;4;6
12;2025-11-27;5;320
12;2025-11-27;6;1509
12;2025-11-27;7;2855
12;2025-11-27;8;3952
12;2025-11-27;9;2756
12;2025-11-27;10;2065
12;2025-11-27;11;1950
12;2025-11-27;12;2077
12;2025-11-27;13;2083
12;2025-11-27;14;2029
12;2025-11-27;15;2168
12;2025-11-27;16;2678
12;2025-11-27;17;3011
12;2025-11-27;18;3161
12;2025-11-27;19;2401
12;2025-11-27;20;1548
12;2025-11-27;21;966
12;2025-11-27;22;496
12;2025-11-27;23;256
12;2025-11-28;0;56
12;2025-11-28;1;2
12;2025-11-28;2;0
12;2025-11-28;3;0
12;2025-11-28;4;6
12;2025-11-28;5;319
12;2025-11-28;6;1500
12;2025-11-28;7;2810
12;2025-11-28;8;3855
12;2025-11-28;9;2711
12;2025-11-28;10;2031
12;2025-11-28;11;1925
12;2025-11-28;12;2031
12;2025-11-28;13;2048
12;2025-11-28;14;2004
12;2025-11-28;15;2142
12;2025-11-28;16;2635
12;2025-11-28;17;2970
12;2025-11-28;18;2975
12;2025-11-28;19;2298
12;2025-11-28;20;1509
12;2025-11-28;21;962
12;2025-11-28;22;494
12;2025-11-28;23;256
12;2025-11-29;0;65
12;2025-11-29;1;2
12;2025-11-29;2;0
12;2025-11-29;3;0
12;2025-11-29;4;1
12;2025-11-29;5;224
12;2025-11-29;6;864
12;2025-11-29;7;982
12;2025-11-29;8;1176
12;2025-11-29;9;1391
12;2025-11-29;10;1507
12;2025-11-29;11;1555
12;2025-11-29;12;1569
12;2025-11-29;13;1743
12;2025-11-29;14;1648
12;2025-11-29;15;1594
12;2025-11-29;16;1677
12;2025-11-29;17;1594
12;2025-11-29;18;1626
12;2025-11-29;19;1341
12;2025-11-29;20;871
12;2025-11-29;21;748
12;2025-11-29;22;390
12;2025-11-29;23;284
12;2025-11-30;0;76
12;2025-11-30;1;3
12;2025-11-30;2;0
12;2025-11-30;3;0
12;2025-11-30;4;3
12;2025-11-30;5;138
12;2025-11-30;6;546
12;2025-11-30;7;739
12;2025-11-30;8;763
12;2025-11-30;9;978
12;2025-11-30;10;1156
12;2025-11-30;11;1249
12;2025-11-30;12;1326
12;2025-11-30;13;1536
12;2025-11-30;14;1494
12;2025-11-30;15;1481
12;2025-11-30;16;1453
12;2025-11-30;17;1532
12;2025-11-30;18;1272
12;2025-11-30;19;1030
12;2025-11-30;20;749
12;2025-11-30;21;570
12;2025-11-30;22;345
12;2025-11-30;23;192
12;2025-12-01;0;55
12;2025-12-01;1;2
12;2025-12-01;2;0
12;2025-12-01;3;0
12;2025-12-01;4;6
12;2025-12-01;5;315
12;2025-12-01;6;1485
12;2025-12-01;7;2818
12;2025-12-01;8;3899
12;2025-12-01;9;2700
12;2025-12-01;10;2004
12;2025-12-01;11;1913
12;2025-12-01;12;2027
12;2025-12-01;13;2034
12;2025-12-01;14;1992
12;2025-12-01;15;2128
12;2025-12-01;16;2640
12;2025-12-01;17;2973
12;2025-12-01;18;3142
12;2025-12-01;19;2389
12;2025-12-01;20;1534
12;2025-12-01;21;954
12;2025-12-01;22;489
12;2025-12-01;23;249
12;2025-12-02;0;56
12;2025-12-02;1;2
12;2025-12-02;2;0
12;2025-12-02;3;0
12;2025-12-02;4;6
12;2025-12-02;5;319
12;2025-12-02;6;1505
12;2025-12-02;7;2843
12;2025-12-02;8;3922
12;2025-12-02;9;2743
12;2025-12-02;10;2051
12;2025-12-02;11;1995
12;2025-12-02;12;2086
12;2025-12-02;13;2092
12;2025-12-02;14;2050
12;2025-12-02;15;2178
12;2025-12-02;16;2684
12;2025-12-02;17;3012
12;2025-12-02;18;3167
12;2025-12-02;19;2418
12;2025-12-02;20;1553
12;2025-12-02;21;968
12;2025-12-02;22;495
12;2025-12-02;23;253
12;2025-12-03;0;56
12;2025-12-03;1;2
12;2025-12-03;2;0
12;2025-12-03;3;0
12;2025-12-03;4;6
12;2025-12-03;5;320
12;2025-12-03;6;1507
12;2025-12-03;7;2854
12;2025-12-03;8;3926
12;2025-12-03;9;2760
12;2025-12-03;10;2070
12;2025-12-03;11;1974
12;2025-12-03;12;2083
12;2025-12-03;13;2090
12;2025-12-03;14;2036
12;2025-12-03;15;2184
12;2025-12-03;16;2696
12;2025-12-03;17;3020
12;2025-12-03;18;3174
12;2025-12-03;19;2421
12;2025-12-03;20;1554
12;2025-12-03;21;971
12;2025-12-03;22;498
12;2025-12-03;23;257
12;2025-12-04;0;56
12;2025-12-04;1;2
12;2025-12-04;2;0
12;2025-12-04;3;0
12;2025-12-04;4;6
12;2025-12-04;5;320
12;2025-12-04;6;1507
12;2025-12-04;7;2854
12;2025-12-04;8;3930
12;2025-12-04;9;2752
12;2025-12-04;10;2066
12;2025-12-04;11;1964
12;2025-12-04;12;2087
12;2025-12-04;13;2098
12;2025-12-04;14;2045
12;2025-12-04;15;2181
12;2025-12-04;16;2692
12;2025-12-04;17;3021
12;2025-12-04;18;3175
12;2025-12-04;19;2418
12;2025-12-04;20;1556
12;2025-12-04;21;972
12;2025-12-04;22;499
12;2025-12-04;23;258
12;2025-12-05;0;55
12;2025-12-05;1;2
12;2025-12-05;2;0
12;2025-12-05;3;0
12;2025-12-05;4;6
12;2025-12-05;5;318
12;2025-12-05;6;1498
12;2025-12-05;7;2835
12;2025-12-05;8;3841
12;2025-12-05;9;2736
12;2025-12-05;10;2047
12;2025-12-05;11;1968
12;2025-12-05;12;2082
12;2025-12-05;13;2098
12;2025-12-05;14;2054
12;2025-12-05;15;2198
12;2025-12-05;16;2696
12;2025-12-05;17;3028
12;2025-12-05;18;3020
12;2025-12-05;19;2347
12;2025-12-05;20;1532
12;2025-12-05;21;964
12;2025-12-05;22;496
12;2025-12-05;23;257
12;2025-12-06;0;66
12;2025-12-06;1;2
12;2025-12-06;2;0
12;2025-12-06;3;0
12;2025-12-06;4;1
12;2025-12-06;5;227
12;2025-12-06;6;875
12;2025-12-06;7;991
12;2025-12-06;8;1190
12;2025-12-06;9;1410
12;2025-12-06;10;1530
12;2025-12-06;11;1579
12;2025-12-06;12;1590
12;2025-12-06;13;1772
12;2025-12-06;14;1675
12;2025-12-06;15;1624
12;2025-12-06;16;1700
12;2025-12-06;17;1615
12;2025-12-06;18;1647
12;2025-12-06;19;1357
12;2025-12-06;20;881
12;2025-12-06;21;757
12;2025-12-06;22;395
12;2025-12-06;23;287
12;2025-12-07;0;78
12;2025-12-07;1;3
12;2025-12-07;2;0
12;2025-12-07;3;0
12;2025-12-07;4;3
12;2025-12-07;5;140
12;2025-12-07;6;558
12;2025-12-07;7;754
12;2025-12-07;8;778
12;2025-12-07;9;995
12;2025-12-07;10;1178
12;2025-12-07;11;1274
12;2025-12-07;12;1352
12;2025-12-07;13;1566
12;2025-12-07;14;1525
12;2025-12-07;15;1515
12;2025-12-07;16;1485
12;2025-12-07;17;1564
12;2025-12-07;18;1298
12;2025-12-07;19;1051
12;2025-12-07;20;765
12;2025-12-07;21;582
12;2025-12-07;22;352
12;2025-12-07;23;196
12;2025-12-08;0;55
12;2025-12-08;1;2
12;2025-12-08;2;0
12;2025-12-08;3;0
12;2025-12-08;4;6
12;2025-12-08;5;315
12;2025-12-08;6;1484
12;2025-12-08;7;2816
12;2025-12-08;8;3896
12;2025-12-08;9;2698
12;2025-12-08;10;2003
12;2025-12-08;11;1911
12;2025-12-08;12;2024
12;2025-12-08;13;2030
12;2025-12-08;14;1988
12;2025-12-08;15;2127
12;2025-12-08;16;2638
12;2025-12-08;17;2967
12;2025-12-08;18;3135
12;2025-12-08;19;2385
12;2025-12-08;20;1534
12;2025-12-08;21;953
12;2025-12-08;22;488
12;2025-12-08;23;249
12;2025-12-09;0;55
12;2025-12-09;1;2
12;2025-12-09;2;0
12;2025-12-09;3;0
12;2025-12-09;4;6
12;2025-12-09;5;315
12;2025-12-09;6;1487
12;2025-12-09;7;2802
12;2025-12-09;8;3850
12;2025-12-09;9;2696
12;2025-12-09;10;2017
12;2025-12-09;11;1952
12;2025-12-09;12;2037
12;2025-12-09;13;2044
12;2025-12-09;14;2006
12;2025-12-09;15;2134
12;2025-12-09;16;2633
12;2025-12-09;17;2944
12;2025-12-09;18;3101
12;2025-12-09;19;2382
12;2025-12-09;20;1536
12;2025-12-09;21;955
12;2025-12-09;22;489
12;2025-12-09;23;250
12;2025-12-10;0;55
12;2025-12-10;1;2
12;2025-12-10;2;0
12;2025-12-10;3;0
12;2025-12-10;4;6
12;2025-12-10;5;318
12;2025-12-10;6;1488
12;2025-12-10;7;2815
12;2025-12-10;8;3874
12;2025-12-10;9;2707
12;2025-12-10;10;2032
12;2025-12-10;11;1932
12;2025-12-10;12;2042
12;2025-12-10;13;2049
12;2025-12-10;14;1998
12;2025-12-10;15;2142
12;2025-12-10;16;2641
12;2025-12-10;17;2966
12;2025-12-10;18;3130
12;2025-12-10;19;2406
12;2025-12-10;20;1562
12;2025-12-10;21;976
12;2025-12-10;22;500
12;2025-12-10;23;258
12;2025-12-11;0;55
12;2025-12-11;1;2
12;2025-12-11;2;0
12;2025-12-11;3;0
12;2025-12-11;4;6
12;2025-12-11;5;318
12;2025-12-11;6;1498
12;2025-12-11;7;2830
12;2025-12-11;8;3916
12;2025-12-11;9;2727
12;2025-12-11;10;2047
12;2025-12-11;11;1931
12;2025-12-11;12;2058
12;2025-12-11;13;2069
12;2025-12-11;14;2014
12;2025-12-11;15;2152
12;2025-12-11;16;2660
12;2025-12-11;17;2994
12;2025-12-11;18;3152
12;2025-12-11;19;2414
12;2025-12-11;20;1545
12;2025-12-11;21;963
12;2025-12-11;22;494
12;2025-12-11;23;255
12;2025-12-12;0;55
12;2025-12-12;1;2
12;2025-12-12;2;0
12;2025-12-12;3;0
12;2025-12-12;4;6
12;2025-12-12;5;315
12;2025-12-12;6;1484
12;2025-12-12;7;2786
12;2025-12-12;8;3793
12;2025-12-12;9;2685
12;2025-12-12;10;2006
12;2025-12-12;11;1902
12;2025-12-12;12;2007
12;2025-12-12;13;2019
12;2025-12-12;14;1977
12;2025-12-12;15;2110
12;2025-12-12;16;2591
12;2025-12-12;17;2874
12;2025-12-12;18;2900
12;2025-12-12;19;2277
12;2025-12-12;20;1526
12;2025-12-12;21;965
12;2025-12-12;22;494
12;2025-12-12;23;255
12;2025-12-13;0;65
12;2025-12-13;1;2
12;2025-12-13;2;0
12;2025-12-13;3;0
12;2025-12-13;4;1
12;2025-12-13;5;222
12;2025-12-13;6;854
12;2025-12-13;7;966
12;2025-12-13;8;1148
12;2025-12-13;9;1351
12;2025-12-13;10;1452
12;2025-12-13;11;1493
12;2025-12-13;12;1503
12;2025-12-13;13;1636
12;2025-12-13;14;1568
12;2025-12-13;15;1519
12;2025-12-13;16;1591
12;2025-12-13;17;1524
12;2025-12-13;18;1564
12;2025-12-13;19;1317
12;2025-12-13;20;869
12;2025-12-13;21;745
12;2025-12-13;22;390
12;2025-12-13;23;283
12;2025-12-14;0;76
12;2025-12-14;1;3
12;2025-12-14;2;0
12;2025-12-14;3;0
12;2025-12-14;4;3
12;2025-12-14;5;136
12;2025-12-14;6;544
12;2025-12-14;7;736
12;2025-12-14;8;756
12;2025-12-14;9;962
12;2025-12-14;10;1131
12;2025-12-14;11;1222
12;2025-12-14;12;1275
12;2025-12-14;13;1449
12;2025-12-14;14;1421
12;2025-12-14;15;1412
12;2025-12-14;16;1418
12;2025-12-14;17;1483
12;2025-12-14;18;1254
12;2025-12-14;19;1029
12;2025-12-14;20;755
12;2025-12-14;21;574
12;2025-12-14;22;347
12;2025-12-14;23;192
12;2025-12-15;0;54
12;2025-12-15;1;2
12;2025-12-15;2;0
12;2025-12-15;3;0
12;2025-12-15;4;6
12;2025-12-15;5;311
12;2025-12-15;6;1468
12;2025-12-15;7;2775
12;2025-12-15;8;3832
12;2025-12-15;9;2654
12;2025-12-15;10;1972
12;2025-12-15;11;1883
12;2025-12-15;12;1995
12;2025-12-15;13;2001
12;2025-12-15;14;1957
12;2025-12-15;15;2091
12;2025-12-15;16;2591
12;2025-12-15;17;2919
12;2025-12-15;18;3095
12;2025-12-15;19;2370
12;2025-12-15;20;1536
12;2025-12-15;21;954
12;2025-12-15;22;488
12;2025-12-15;23;249
12;2025-12-16;0;55
12;2025-12-16;1;2
12;2025-12-16;2;0
12;2025-12-16;3;0
12;2025-12-16;4;6
12;2025-12-16;5;316
12;2025-12-16;6;1492
12;2025-12-16;7;2817
12;2025-12-16;8;3871
12;2025-12-16;9;2708
12;2025-12-16;10;2023
12;2025-12-16;11;1954
12;2025-12-16;12;2049
12;2025-12-16;13;2054
12;2025-12-16;14;2009
12;2025-12-16;15;2138
12;2025-12-16;16;2629
12;2025-12-16;17;2958
12;2025-12-16;18;3111
12;2025-12-16;19;2393
12;2025-12-16;20;1554
12;2025-12-16;21;968
12;2025-12-16;22;495
12;2025-12-16;23;253
12;2025-12-17;0;55
12;2025-12-17;1;2
12;2025-12-17;2;0
12;2025-12-17;3;0
12;2025-12-17;4;6
12;2025-12-17;5;317
12;2025-12-17;6;1495
12;2025-12-17;7;2830
12;2025-12-17;8;3887
12;2025-12-17;9;2733
12;2025-12-17;10;2051
12;2025-12-17;11;1955
12;2025-12-17;12;2062
12;2025-12-17;13;2071
12;2025-12-17;14;2016
12;2025-12-17;15;2162
12;2025-12-17;16;2667
12;2025-12-17;17;2986
12;2025-12-17;18;3138
12;2025-12-17;19;2414
12;2025-12-17;20;1565
12;2025-12-17;21;977
12;2025-12-17;22;501
12;2025-12-17;23;259
12;2025-12-18;0;56
12;2025-12-18;1;2
12;2025-12-18;2;0
12;2025-12-18;3;0
12;2025-12-18;4;6
12;2025-12-18;5;319
12;2025-12-18;6;1505
12;2025-12-18;7;2841
12;2025-12-18;8;3903
12;2025-12-18;9;2744
12;2025-12-18;10;2052
12;2025-12-18;11;1949
12;2025-12-18;12;2074
12;2025-12-18;13;2091
12;2025-12-18;14;2036
12;2025-12-18;15;2172
12;2025-12-18;16;2683
12;2025-12-18;17;3003
12;2025-12-18;18;3157
12;2025-12-18;19;2427
12;2025-12-18;20;1575
12;2025-12-18;21;982
12;2025-12-18;22;503
12;2025-12-18;23;260
12;2025-12-19;0;55
12;2025-12-19;1;2
12;2025-12-19;2;0
12;2025-12-19;3;0
12;2025-12-19;4;6
12;2025-12-19;5;316
12;2025-12-19;6;1491
12;2025-12-19;7;2818
12;2025-12-19;8;3802
12;2025-12-19;9;2721
12;2025-12-19;10;2034
12;2025-12-19;11;1935
12;2025-12-19;12;2047
12;2025-12-19;13;2058
12;2025-12-19;14;2013
12;2025-12-19;15;2153
12;2025-12-19;16;2640
12;2025-12-19;17;2958
12;2025-12-19;18;2943
12;2025-12-19;19;2323
12;2025-12-19;20;1541
12;2025-12-19;21;969
12;2025-12-19;22;498
12;2025-12-19;23;257
12;2025-12-20;0;66
12;2025-12-20;1;2
12;2025-12-20;2;0
12;2025-12-20;3;0
12;2025-12-20;4;1
12;2025-12-20;5;226
12;2025-12-20;6;869
12;2025-12-20;7;985
12;2025-12-20;8;1178
12;2025-12-20;9;1398
12;2025-12-20;10;1516
12;2025-12-20;11;1563
12;2025-12-20;12;1574
12;2025-12-20;13;1753
12;2025-12-20;14;1656
12;2025-12-20;15;1608
12;2025-12-20;16;1680
12;2025-12-20;17;1596
12;2025-12-20;18;1631
12;2025-12-20;19;1344
12;2025-12-20;20;872
12;2025-12-20;21;749
12;2025-12-20;22;392
12;2025-12-20;23;285
12;2025-12-21;0;77
12;2025-12-21;1;3
12;2025-12-21;2;0
12;2025-12-21;3;0
12;2025-12-21;4;3
12;2025-12-21;5;138
12;2025-12-21;6;536
12;2025-12-21;7;739
12;2025-12-21;8;768
12;2025-12-21;9;980
12;2025-12-21;10;1155
12;2025-12-21;11;1244
12;2025-12-21;12;1318
12;2025-12-21;13;1517
12;2025-12-21;14;1475
12;2025-12-21;15;1467
12;2025-12-21;16;1445
12;2025-12-21;17;1516
12;2025-12-21;18;1275
12;2025-12-21;19;1034
12;2025-12-21;20;753
12;2025-12-21;21;578
12;2025-12-21;22;348
12;2025-12-21;23;194
12;2025-12-22;0;55
12;2025-12-22;1;2
12;2025-12-22;2;0
12;2025-12-22;3;0
12;2025-12-22;4;6
12;2025-12-22;5;313
12;2025-12-22;6;1477
12;2025-12-22;7;2795
12;2025-12-22;8;3869
12;2025-12-22;9;2667
12;2025-12-22;10;1985
12;2025-12-22;11;1886
12;2025-12-22;12;1990
12;2025-12-22;13;1990
12;2025-12-22;14;1946
12;2025-12-22;15;2080
12;2025-12-22;16;2564
12;2025-12-22;17;2892
12;2025-12-22;18;3071
12;2025-12-22;19;2357
12;2025-12-22;20;1531
12;2025-12-22;21;956
12;2025-12-22;22;490
12;2025-12-22;23;249
12;2025-12-23;0;55
12;2025-12-23;1;2
12;2025-12-23;2;0
12;2025-12-23;3;0
12;2025-12-23;4;6
12;2025-12-23;5;315
12;2025-12-23;6;1472
12;2025-12-23;7;2767
12;2025-12-23;8;3797
12;2025-12-23;9;2662
12;2025-12-23;10;2005
12;2025-12-23;11;1945
12;2025-12-23;12;2035
12;2025-12-23;13;2040
12;2025-12-23;14;2005
12;2025-12-23;15;2127
12;2025-12-23;16;2619
12;2025-12-23;17;2940
12;2025-12-23;18;3095
12;2025-12-23;19;2386
12;2025-12-23;20;1547
12;2025-12-23;21;964
12;2025-12-23;22;492
12;2025-12-23;23;252
12;2025-12-24;0;55
12;2025-12-24;1;2
12;2025-12-24;2;0
12;2025-12-24;3;0
12;2025-12-24;4;6
12;2025-12-24;5;314
12;2025-12-24;6;1482
12;2025-12-24;7;2792
12;2025-12-24;8;3827
12;2025-12-24;9;2689
12;2025-12-24;10;2016
12;2025-12-24;11;1918
12;2025-12-24;12;2025
12;2025-12-24;13;2025
12;2025-12-24;14;1976
12;2025-12-24;15;2118
12;2025-12-24;16;2612
12;2025-12-24;17;2938
12;2025-12-24;18;3087
12;2025-12-24;19;2373
12;2025-12-24;20;1539
12;2025-12-24;21;963
12;2025-12-24;22;494
12;2025-12-24;23;255
12;2025-12-25;0;56
12;2025-12-25;1;2
12;2025-12-25;2;0
12;2025-12-25;3;0
12;2025-12-25;4;6
12;2025-12-25;5;319
12;2025-12-25;6;1503
12;2025-12-25;7;2824
12;2025-12-25;8;3891
12;2025-12-25;9;2713
12;2025-12-25;10;2036
12;2025-12-25;11;1930
12;2025-12-25;12;2053
12;2025-12-25;13;2062
12;2025-12-25;14;2003
12;2025-12-25;15;2134
12;2025-12-25;16;2634
12;2025-12-25;17;2939
12;2025-12-25;18;3098
12;2025-12-25;19;2384
12;2025-12-25;20;1556
12;2025-12-25;21;977
12;2025-12-25;22;501
12;2025-12-25;23;259
12;2025-12-26;0;54
12;2025-12-26;1;2
12;2025-12-26;2;0
12;2025-12-26;3;0
12;2025-12-26;4;6
12;2025-12-26;5;310
12;2025-12-26;6;1461
12;2025-12-26;7;2713
12;2025-12-26;8;3676
12;2025-12-26;9;2592
12;2025-12-26;10;1942
12;2025-12-26;11;1826
12;2025-12-26;12;1934
12;2025-12-26;13;1939
12;2025-12-26;14;1905
12;2025-12-26;15;2020
12;2025-12-26;16;2482
12;2025-12-26;17;2785
12;2025-12-26;18;2861
12;2025-12-26;19;2244
12;2025-12-26;20;1494
12;2025-12-26;21;949
12;2025-12-26;22;488
12;2025-12-26;23;252
12;2025-12-27;0;62
12;2025-12-27;1;2
12;2025-12-27;2;0
12;2025-12-27;3;0
12;2025-12-27;4;1
12;2025-12-27;5;213
12;2025-12-27;6;822
12;2025-12-27;7;931
12;2025-12-27;8;1120
12;2025-12-27;9;1331
12;2025-12-27;10;1437
12;2025-12-27;11;1477
12;2025-12-27;12;1487
12;2025-12-27;13;1629
12;2025-12-27;14;1555
12;2025-12-27;15;1503
12;2025-12-27;16;1575
12;2025-12-27;17;1499
12;2025-12-27;18;1531
12;2025-12-27;19;1286
12;2025-12-27;20;842
12;2025-12-27;21;720
12;2025-12-27;22;368
12;2025-12-27;23;273
12;2025-12-28;0;72
12;2025-12-28;1;3
12;2025-12-28;2;0
12;2025-12-28;3;0
12;2025-12-28;4;3
12;2025-12-28;5;132
12;2025-12-28;6;521
12;2025-12-28;7;691
12;2025-12-28;8;712
12;2025-12-28;9;922
12;2025-12-28;10;1092
12;2025-12-28;11;1170
12;2025-12-28;12;1241
12;2025-12-28;13;1404
12;2025-12-28;14;1377
12;2025-12-28;15;1368
12;2025-12-28;16;1357
12;2025-12-28;17;1413
12;2025-12-28;18;1205
12;2025-12-28;19;983
12;2025-12-28;20;724
12;2025-12-28;21;551
12;2025-12-28;22;333
12;2025-12-28;23;185
12;2025-12-29;0;53
12;2025-12-29;1;2
12;2025-12-29;2;0
12;2025-12-29;3;0
12;2025-12-29;4;6
12;2025-12-29;5;302
12;2025-12-29;6;1427
12;2025-12-29;7;2688
12;2025-12-29;8;3732
12;2025-12-29;9;2571
12;2025-12-29;10;1915
12;2025-12-29;11;1825
12;2025-12-29;12;1933
12;2025-12-29;13;1939
12;2025-12-29;14;1896
12;2025-12-29;15;2020
12;2025-12-29;16;2501
12;2025-12-29;17;2824
12;2025-12-29;18;2993
12;2025-12-29;19;2286
12;2025-12-29;20;1491
12;2025-12-29;21;926
12;2025-12-29;22;473
12;2025-12-29;23;241
12;2025-12-30;0;53
12;2025-12-30;1;2
12;2025-12-30;2;0
12;2025-12-30;3;0
12;2025-12-30;4;6
12;2025-12-30;5;305
12;2025-12-30;6;1442
12;2025-12-30;7;2717
12;2025-12-30;8;3730
12;2025-12-30;9;2610
12;2025-12-30;10;1958
12;2025-12-30;11;1882
12;2025-12-30;12;1975
12;2025-12-30;13;1979
12;2025-12-30;14;1940
12;2025-12-30;15;2063
12;2025-12-30;16;2543
12;2025-12-30;17;2860
12;2025-12-30;18;2918
12;2025-12-30;19;2263
12;2025-12-30;20;1493
12;2025-12-30;21;934
12;2025-12-30;22;479
12;2025-12-30;23;244
12;2025-12-31;0;75
12;2025-12-31;1;3
12;2025-12-31;2;0
12;2025-12-31;3;0
12;2025-12-31;4;3
12;2025-12-31;5;135
12;2025-12-31;6;541
12;2025-12-31;7;728
12;2025-12-31;8;732
12;2025-12-31;9;925
12;2025-12-31;10;1081
12;2025-12-31;11;1165
12;2025-12-31;12;1236
12;2025-12-31;13;1429
12;2025-12-31;14;1386
12;2025-12-31;15;1368
12;2025-12-31;16;1367
12;2025-12-31;17;1430
12;2025-12-31;18;1208
12;2025-12-31;19;967
12;2025-12-31;20;742
12;2025-12-31;21;567
12;2025-12-31;22;343
12;2025-12-31;23;190
17;2025-11-01;0;112
17;2025-11-01;1;13
17;2025-11-01;2;0
17;2025-11-01;3;0
17;2025-11-01;4;23
17;2025-11-01;5;293
17;2025-11-01;6;1525
17;2025-11-01;7;4075
17;2025-11-01;8;5228
17;2025-11-01;9;3826
17;2025-11-01;10;2835
17;2025-11-01;11;2823
17;2025-11-01;12;2836
17;2025-11-01;13;2887
17;2025-11-01;14;3004
17;2025-11-01;15;3104
17;2025-11-01;16;3527
17;2025-11-01;17;4260
17;2025-11-01;18;4349
17;2025-11-01;19;2967
17;2025-11-01;20;2071
17;2025-11-01;21;1330
17;2025-11-01;22;651
17;2025-11-01;23;338
17;2025-11-02;0;201
17;2025-11-02;1;27
17;2025-11-02;2;0
17;2025-11-02;3;0
17;2025-11-02;4;2
17;2025-11-02;5;106
17;2025-11-02;6;479
17;2025-11-02;7;950
17;2025-11-02;8;1378
17;2025-11-02;9;1860
17;2025-11-02;10;2095
17;2025-11-02;11;2688
17;2025-11-02;12;2986
17;2025-11-02;13;3188
17;2025-11-02;14;3332
17;2025-11-02;15;3276
17;2025-11-02;16;3256
17;2025-11-02;17;3076
17;2025-11-02;18;2631
17;2025-11-02;19;2114
17;2025-11-02;20;1526
17;2025-11-02;21;1152
17;2025-11-02;22;729
17;2025-11-02;23;319
17;2025-11-03;0;196
17;2025-11-03;1;26
17;2025-11-03;2;0
17;2025-11-03;3;0
17;2025-11-03;4;2
17;2025-11-03;5;104
17;2025-11-03;6;472
17;2025-11-03;7;959
17;2025-11-03;8;1414
17;2025-11-03;9;1843
17;2025-11-03;10;2031
17;2025-11-03;11;2549
17;2025-11-03;12;2811
17;2025-11-03;13;3041
17;2025-11-03;14;3189
17;2025-11-03;15;3118
17;2025-11-03;16;3116
17;2025-11-03;17;2996
17;2025-11-03;18;2564
17;2025-11-03;19;2044
17;2025-11-03;20;1490
17;2025-11-03;21;1125
17;2025-11-03;22;712
17;2025-11-03;23;311
17;2025-11-04;0;201
17;2025-11-04;1;27
17;2025-11-04;2;0
17;2025-11-04;3;0
17;2025-11-04;4;2
17;2025-11-04;5;106
17;2025-11-04;6;477
17;2025-11-04;7;946
17;2025-11-04;8;1389
17;2025-11-04;9;1777
17;2025-11-04;10;1825
17;2025-11-04;11;2315
17;2025-11-04;12;2545
17;2025-11-04;13;2774
17;2025-11-04;14;2994
17;2025-11-04;15;2956
17;2025-11-04;16;2903
17;2025-11-04;17;2801
17;2025-11-04;18;2411
17;2025-11-04;19;1910
17;2025-11-04;20;1477
17;2025-11-04;21;1147
17;2025-11-04;22;727
17;2025-11-04;23;318
17;2025-11-05;0;120
17;2025-11-05;1;14
17;2025-11-05;2;0
17;2025-11-05;3;0
17;2025-11-05;4;26
17;2025-11-05;5;317
17;2025-11-05;6;1651
17;2025-11-05;7;4517
17;2025-11-05;8;5792
17;2025-11-05;9;4121
17;2025-11-05;10;3025
17;2025-11-05;11;2987
17;2025-11-05;12;2996
17;2025-11-05;13;3044
17;2025-11-05;14;3191
17;2025-11-05;15;3285
17;2025-11-05;16;3742
17;2025-11-05;17;4538
17;2025-11-05;18;4784
17;2025-11-05;19;3186
17;2025-11-05;20;2282
17;2025-11-05;21;1422
17;2025-11-05;22;690
17;2025-11-05;23;359
17;2025-11-06;0;119
17;2025-11-06;1;14
17;2025-11-06;2;0
17;2025-11-06;3;0
17;2025-11-06;4;26
17;2025-11-06;5;315
17;2025-11-06;6;1638
17;2025-11-06;7;4523
17;2025-11-06;8;5793
17;2025-11-06;9;4114
17;2025-11-06;10;3014
17;2025-11-06;11;2975
17;2025-11-06;12;2995
17;2025-11-06;13;3036
17;2025-11-06;14;3170
17;2025-11-06;15;3249
17;2025-11-06;16;3723
17;2025-11-06;17;4509
17;2025-11-06;18;4733
17;2025-11-06;19;3147
17;2025-11-06;20;2248
17;2025-11-06;21;1406
17;2025-11-06;22;685
17;2025-11-06;23;356
17;2025-11-07;0;122
17;2025-11-07;1;14
17;2025-11-07;2;0
17;2025-11-07;3;0
17;2025-11-07;4;26
17;2025-11-07;5;322
17;2025-11-07;6;1623
17;2025-11-07;7;4220
17;2025-11-07;8;5420
17;2025-11-07;9;3765
17;2025-11-07;10;2728
17;2025-11-07;11;2712
17;2025-11-07;12;2684
17;2025-11-07;13;2716
17;2025-11-07;14;2869
17;2025-11-07;15;3018
17;2025-11-07;16;3443
17;2025-11-07;17;4237
17;2025-11-07;18;4184
17;2025-11-07;19;2743
17;2025-11-07;20;2006
17;2025-11-07;21;1383
17;2025-11-07;22;698
17;2025-11-07;23;363
17;2025-11-08;0;201
17;2025-11-08;1;31
17;2025-11-08;2;0
17;2025-11-08;3;0
17;2025-11-08;4;5
17;2025-11-08;5;132
17;2025-11-08;6;615
17;2025-11-08;7;1374
17;2025-11-08;8;1933
17;2025-11-08;9;2550
17;2025-11-08;10;2593
17;2025-11-08;11;3044
17;2025-11-08;12;3315
17;2025-11-08;13;3548
17;2025-11-08;14;3644
17;2025-11-08;15;3662
17;2025-11-08;16;3642
17;2025-11-08;17;3458
17;2025-11-08;18;3075
17;2025-11-08;19;2429
17;2025-11-08;20;1836
17;2025-11-08;21;1362
17;2025-11-08;22;841
17;2025-11-08;23;464
17;2025-11-09;0;197
17;2025-11-09;1;26
17;2025-11-09;2;0
17;2025-11-09;3;0
17;2025-11-09;4;2
17;2025-11-09;5;104
17;2025-11-09;6;470
17;2025-11-09;7;939
17;2025-11-09;8;1401
17;2025-11-09;9;1858
17;2025-11-09;10;2092
17;2025-11-09;11;2678
17;2025-11-09;12;2959
17;2025-11-09;13;3176
17;2025-11-09;14;3295
17;2025-11-09;15;3238
17;2025-11-09;16;3246
17;2025-11-09;17;3052
17;2025-11-09;18;2616
17;2025-11-09;19;2093
17;2025-11-09;20;1508
17;2025-11-09;21;1137
17;2025-11-09;22;718
17;2025-11-09;23;318
17;2025-11-10;0;119
17;2025-11-10;1;14
17;2025-11-10;2;0
17;2025-11-10;3;0
17;2025-11-10;4;26
17;2025-11-10;5;314
17;2025-11-10;6;1634
17;2025-11-10;7;4502
17;2025-11-10;8;5782
17;2025-11-10;9;4096
17;2025-11-10;10;2992
17;2025-11-10;11;2967
17;2025-11-10;12;2979
17;2025-11-10;13;3030
17;2025-11-10;14;3162
17;2025-11-10;15;3257
17;2025-11-10;16;3722
17;2025-11-10;17;4531
17;2025-11-10;18;4799
17;2025-11-10;19;3186
17;2025-11-10;20;2214
17;2025-11-10;21;1411
17;2025-11-10;22;685
17;2025-11-10;23;352
17;2025-11-11;0;121
17;2025-11-11;1;14
17;2025-11-11;2;0
17;2025-11-11;3;0
17;2025-11-11;4;26
17;2025-11-11;5;318
17;2025-11-11;6;1658
17;2025-11-11;7;4548
17;2025-11-11;8;5821
17;2025-11-11;9;4153
17;2025-11-11;10;3050
17;2025-11-11;11;3037
17;2025-11-11;12;3046
17;2025-11-11;13;3088
17;2025-11-11;14;3223
17;2025-11-11;15;3314
17;2025-11-11;16;3776
17;2025-11-11;17;4584
17;2025-11-11;18;4843
17;2025-11-11;19;3225
17;2025-11-11;20;2307
17;2025-11-11;21;1435
17;2025-11-11;22;695
17;2025-11-11;23;358
17;2025-11-12;0;120
17;2025-11-12;1;14
17;2025-11-12;2;0
17;2025-11-12;3;0
17;2025-11-12;4;26
17;2025-11-12;5;316
17;2025-11-12;6;1648
17;2025-11-12;7;4518
17;2025-11-12;8;5774
17;2025-11-12;9;4125
17;2025-11-12;10;3032
17;2025-11-12;11;2997
17;2025-11-12;12;3011
17;2025-11-12;13;3051
17;2025-11-12;14;3190
17;2025-11-12;15;3282
17;2025-11-12;16;3740
17;2025-11-12;17;4527
17;2025-11-12;18;4788
17;2025-11-12;19;3192
17;2025-11-12;20;2284
17;2025-11-12;21;1426
17;2025-11-12;22;693
17;2025-11-12;23;361
17;2025-11-13;0;120
17;2025-11-13;1;14
17;2025-11-13;2;0
17;2025-11-13;3;0
17;2025-11-13;4;26
17;2025-11-13;5;316
17;2025-11-13;6;1650
17;2025-11-13;7;4524
17;2025-11-13;8;5809
17;2025-11-13;9;4134
17;2025-11-13;10;3034
17;2025-11-13;11;3012
17;2025-11-13;12;3022
17;2025-11-13;13;3059
17;2025-11-13;14;3188
17;2025-11-13;15;3283
17;2025-11-13;16;3738
17;2025-11-13;17;4520
17;2025-11-13;18;4770
17;2025-11-13;19;3169
17;2025-11-13;20;2278
17;2025-11-13;21;1418
17;2025-11-13;22;689
17;2025-11-13;23;359
17;2025-11-14;0;119
17;2025-11-14;1;14
17;2025-11-14;2;0
17;2025-11-14;3;0
17;2025-11-14;4;25
17;2025-11-14;5;313
17;2025-11-14;6;1632
17;2025-11-14;7;4443
17;2025-11-14;8;5576
17;2025-11-14;9;4052
17;2025-11-14;10;3001
17;2025-11-14;11;2985
17;2025-11-14;12;3000
17;2025-11-14;13;3029
17;2025-11-14;14;3172
17;2025-11-14;15;3280
17;2025-11-14;16;3721
17;2025-11-14;17;4455
17;2025-11-14;18;4512
17;2025-11-14;19;3090
17;2025-11-14;20;2247
17;2025-11-14;21;1408
17;2025-11-14;22;689
17;2025-11-14;23;358
17;2025-11-15;0;194
17;2025-11-15;1;30
17;2025-11-15;2;0
17;2025-11-15;3;0
17;2025-11-15;4;5
17;2025-11-15;5;128
17;2025-11-15;6;595
17;2025-11-15;7;1316
17;2025-11-15;8;1746
17;2025-11-15;9;2254
17;2025-11-15;10;2307
17;2025-11-15;11;2646
17;2025-11-15;12;2906
17;2025-11-15;13;3138
17;2025-11-15;14;3178
17;2025-11-15;15;3187
17;2025-11-15;16;3156
17;2025-11-15;17;3012
17;2025-11-15;18;2721
17;2025-11-15;19;2169
17;2025-11-15;20;1682
17;2025-11-15;21;1340
17;2025-11-15;22;832
17;2025-11-15;23;457
17;2025-11-16;0;196
17;2025-11-16;1;26
17;2025-11-16;2;0
17;2025-11-16;3;0
17;2025-11-16;4;2
17;2025-11-16;5;104
17;2025-11-16;6;467
17;2025-11-16;7;929
17;2025-11-16;8;1380
17;2025-11-16;9;1830
17;2025-11-16;10;2065
17;2025-11-16;11;2642
17;2025-11-16;12;2923
17;2025-11-16;13;3145
17;2025-11-16;14;3285
17;2025-11-16;15;3228
17;2025-11-16;16;3188
17;2025-11-16;17;2992
17;2025-11-16;18;2577
17;2025-11-16;19;2082
17;2025-11-16;20;1514
17;2025-11-16;21;1147
17;2025-11-16;22;723
17;2025-11-16;23;317
17;2025-11-17;0;118
17;2025-11-17;1;14
17;2025-11-17;2;0
17;2025-11-17;3;0
17;2025-11-17;4;25
17;2025-11-17;5;312
17;2025-11-17;6;1626
17;2025-11-17;7;4468
17;2025-11-17;8;5675
17;2025-11-17;9;4027
17;2025-11-17;10;2946
17;2025-11-17;11;2910
17;2025-11-17;12;2922
17;2025-11-17;13;2967
17;2025-11-17;14;3096
17;2025-11-17;15;3197
17;2025-11-17;16;3658
17;2025-11-17;17;4469
17;2025-11-17;18;4758
17;2025-11-17;19;3175
17;2025-11-17;20;2226
17;2025-11-17;21;1419
17;2025-11-17;22;686
17;2025-11-17;23;353
17;2025-11-18;0;116
17;2025-11-18;1;13
17;2025-11-18;2;0
17;2025-11-18;3;0
17;2025-11-18;4;25
17;2025-11-18;5;306
17;2025-11-18;6;1590
17;2025-11-18;7;4365
17;2025-11-18;8;5592
17;2025-11-18;9;3948
17;2025-11-18;10;2874
17;2025-11-18;11;2851
17;2025-11-18;12;2859
17;2025-11-18;13;2891
17;2025-11-18;14;3015
17;2025-11-18;15;3116
17;2025-11-18;16;3553
17;2025-11-18;17;4319
17;2025-11-18;18;4587
17;2025-11-18;19;3042
17;2025-11-18;20;2199
17;2025-11-18;21;1368
17;2025-11-18;22;664
17;2025-11-18;23;342
17;2025-11-19;0;120
17;2025-11-19;1;14
17;2025-11-19;2;0
17;2025-11-19;3;0
17;2025-11-19;4;26
17;2025-11-19;5;317
17;2025-11-19;6;1655
17;2025-11-19;7;4534
17;2025-11-19;8;5782
17;2025-11-19;9;4137
17;2025-11-19;10;3023
17;2025-11-19;11;3003
17;2025-11-19;12;3026
17;2025-11-19;13;3067
17;2025-11-19;14;3203
17;2025-11-19;15;3295
17;2025-11-19;16;3754
17;2025-11-19;17;4554
17;2025-11-19;18;4810
17;2025-11-19;19;3230
17;2025-11-19;20;2329
17;2025-11-19;21;1454
17;2025-11-19;22;704
17;2025-11-19;23;365
17;2025-11-20;0;120
17;2025-11-20;1;14
17;2025-11-20;2;0
17;2025-11-20;3;0
17;2025-11-20;4;26
17;2025-11-20;5;317
17;2025-11-20;6;1648
17;2025-11-20;7;4510
17;2025-11-20;8;5753
17;2025-11-20;9;4119
17;2025-11-20;10;3029
17;2025-11-20;11;3008
17;2025-11-20;12;3017
17;2025-11-20;13;3057
17;2025-11-20;14;3186
17;2025-11-20;15;3282
17;2025-11-20;16;3740
17;2025-11-20;17;4537
17;2025-11-20;18;4794
17;2025-11-20;19;3198
17;2025-11-20;20;2294
17;2025-11-20;21;1431
17;2025-11-20;22;695
17;2025-11-20;23;361
17;2025-11-21;0;119
17;2025-11-21;1;14
17;2025-11-21;2;0
17;2025-11-21;3;0
17;2025-11-21;4;26
17;2025-11-21;5;316
17;2025-11-21;6;1646
17;2025-11-21;7;4499
17;2025-11-21;8;5655
17;2025-11-21;9;4108
17;2025-11-21;10;3023
17;2025-11-21;11;2975
17;2025-11-21;12;2991
17;2025-11-21;13;3037
17;2025-11-21;14;3179
17;2025-11-21;15;3271
17;2025-11-21;16;3717
17;2025-11-21;17;4471
17;2025-11-21;18;4530
17;2025-11-21;19;3100
17;2025-11-21;20;2269
17;2025-11-21;21;1440
17;2025-11-21;22;700
17;2025-11-21;23;364
17;2025-11-22;0;202
17;2025-11-22;1;31
17;2025-11-22;2;0
17;2025-11-22;3;0
17;2025-11-22;4;5
17;2025-11-22;5;130
17;2025-11-22;6;608
17;2025-11-22;7;1371
17;2025-11-22;8;1845
17;2025-11-22;9;2387
17;2025-11-22;10;2443
17;2025-11-22;11;2841
17;2025-11-22;12;3119
17;2025-11-22;13;3335
17;2025-11-22;14;3401
17;2025-11-22;15;3391
17;2025-11-22;16;3371
17;2025-11-22;17;3204
17;2025-11-22;18;2880
17;2025-11-22;19;2252
17;2025-11-22;20;1734
17;2025-11-22;21;1336
17;2025-11-22;22;837
17;2025-11-22;23;459
17;2025-11-23;0;194
17;2025-11-23;1;26
17;2025-11-23;2;0
17;2025-11-23;3;0
17;2025-11-23;4;2
17;2025-11-23;5;103
17;2025-11-23;6;465
17;2025-11-23;7;927
17;2025-11-23;8;1381
17;2025-11-23;9;1829
17;2025-11-23;10;2063
17;2025-11-23;11;2617
17;2025-11-23;12;2890
17;2025-11-23;13;3105
17;2025-11-23;14;3253
17;2025-11-23;15;3191
17;2025-11-23;16;3154
17;2025-11-23;17;2979
17;2025-11-23;18;2561
17;2025-11-23;19;2068
17;2025-11-23;20;1513
17;2025-11-23;21;1143
17;2025-11-23;22;717
17;2025-11-23;23;315
17;2025-11-24;0;117
17;2025-11-24;1;14
17;2025-11-24;2;0
17;2025-11-24;3;0
17;2025-11-24;4;25
17;2025-11-24;5;310
17;2025-11-24;6;1616
17;2025-11-24;7;4432
17;2025-11-24;8;5669
17;2025-11-24;9;4015
17;2025-11-24;10;2919
17;2025-11-24;11;2876
17;2025-11-24;12;2885
17;2025-11-24;13;2932
17;2025-11-24;14;3058
17;2025-11-24;15;3156
17;2025-11-24;16;3584
17;2025-11-24;17;4375
17;2025-11-24;18;4671
17;2025-11-24;19;3090
17;2025-11-24;20;2160
17;2025-11-24;21;1379
17;2025-11-24;22;669
17;2025-11-24;23;344
17;2025-11-25;0;120
17;2025-11-25;1;14
17;2025-11-25;2;0
17;2025-11-25;3;0
17;2025-11-25;4;26
17;2025-11-25;5;316
17;2025-11-25;6;1652
17;2025-11-25;7;4530
17;2025-11-25;8;5786
17;2025-11-25;9;4132
17;2025-11-25;10;3033
17;2025-11-25;11;3011
17;2025-11-25;12;3025
17;2025-11-25;13;3072
17;2025-11-25;14;3208
17;2025-11-25;15;3298
17;2025-11-25;16;3751
17;2025-11-25;17;4555
17;2025-11-25;18;4813
17;2025-11-25;19;3224
17;2025-11-25;20;2325
17;2025-11-25;21;1448
17;2025-11-25;22;699
17;2025-11-25;23;361
17;2025-11-26;0;120
17;2025-11-26;1;14
17;2025-11-26;2;0
17;2025-11-26;3;0
17;2025-11-26;4;26
17;2025-11-26;5;316
17;2025-11-26;6;1636
17;2025-11-26;7;4495
17;2025-11-26;8;5754
17;2025-11-26;9;4079
17;2025-11-26;10;3003
17;2025-11-26;11;2961
17;2025-11-26;12;2968
17;2025-11-26;13;3018
17;2025-11-26;14;3140
17;2025-11-26;15;3231
17;2025-11-26;16;3685
17;2025-11-26;17;4479
17;2025-11-26;18;4779
17;2025-11-26;19;3200
17;2025-11-26;20;2310
17;2025-11-26;21;1446
17;2025-11-26;22;700
17;2025-11-26;23;364
17;2025-11-27;0;120
17;2025-11-27;1;14
17;2025-11-27;2;0
17;2025-11-27;3;0
17;2025-11-27;4;26
17;2025-11-27;5;317
17;2025-11-27;6;1650
17;2025-11-27;7;4537
17;2025-11-27;8;5811
17;2025-11-27;9;4133
17;2025-11-27;10;3033
17;2025-11-27;11;2998
17;2025-11-27;12;3003
17;2025-11-27;13;3044
17;2025-11-27;14;3173
17;2025-11-27;15;3271
17;2025-11-27;16;3732
17;2025-11-27;17;4528
17;2025-11-27;18;4782
17;2025-11-27;19;3181
17;2025-11-27;20;2278
17;2025-11-27;21;1421
17;2025-11-27;22;691
17;2025-11-27;23;360
17;2025-11-28;0;120
17;2025-11-28;1;14
17;2025-11-28;2;0
17;2025-11-28;3;0
17;2025-11-28;4;26
17;2025-11-28;5;316
17;2025-11-28;6;1628
17;2025-11-28;7;4478
17;2025-11-28;8;5712
17;2025-11-28;9;4075
17;2025-11-28;10;3007
17;2025-11-28;11;2957
17;2025-11-28;12;2957
17;2025-11-28;13;3013
17;2025-11-28;14;3152
17;2025-11-28;15;3244
17;2025-11-28;16;3689
17;2025-11-28;17;4462
17;2025-11-28;18;4517
17;2025-11-28;19;3043
17;2025-11-28;20;2204
17;2025-11-28;21;1415
17;2025-11-28;22;692
17;2025-11-28;23;360
17;2025-11-29;0;203
17;2025-11-29;1;31
17;2025-11-29;2;0
17;2025-11-29;3;0
17;2025-11-29;4;5
17;2025-11-29;5;133
17;2025-11-29;6;623
17;2025-11-29;7;1386
17;2025-11-29;8;1961
17;2025-11-29;9;2604
17;2025-11-29;10;2659
17;2025-11-29;11;3136
17;2025-11-29;12;3463
17;2025-11-29;13;3696
17;2025-11-29;14;3771
17;2025-11-29;15;3761
17;2025-11-29;16;3753
17;2025-11-29;17;3557
17;2025-11-29;18;3171
17;2025-11-29;19;2482
17;2025-11-29;20;1863
17;2025-11-29;21;1384
17;2025-11-29;22;853
17;2025-11-29;23;470
17;2025-11-30;0;195
17;2025-11-30;1;26
17;2025-11-30;2;0
17;2025-11-30;3;0
17;2025-11-30;4;2
17;2025-11-30;5;104
17;2025-11-30;6;467
17;2025-11-30;7;932
17;2025-11-30;8;1392
17;2025-11-30;9;1853
17;2025-11-30;10;2000
17;2025-11-30;11;2530
17;2025-11-30;12;2790
17;2025-11-30;13;2998
17;2025-11-30;14;3134
17;2025-11-30;15;3068
17;2025-11-30;16;3032
17;2025-11-30;17;2875
17;2025-11-30;18;2471
17;2025-11-30;19;1981
17;2025-11-30;20;1507
17;2025-11-30;21;1135
17;2025-11-30;22;716
17;2025-11-30;23;317
17;2025-12-01;0;119
17;2025-12-01;1;14
17;2025-12-01;2;0
17;2025-12-01;3;0
17;2025-12-01;4;26
17;2025-12-01;5;313
17;2025-12-01;6;1624
17;2025-12-01;7;4473
17;2025-12-01;8;5738
17;2025-12-01;9;4068
17;2025-12-01;10;2971
17;2025-12-01;11;2943
17;2025-12-01;12;2953
17;2025-12-01;13;3003
17;2025-12-01;14;3135
17;2025-12-01;15;3229
17;2025-12-01;16;3686
17;2025-12-01;17;4490
17;2025-12-01;18;4763
17;2025-12-01;19;3161
17;2025-12-01;20;2196
17;2025-12-01;21;1399
17;2025-12-01;22;679
17;2025-12-01;23;350
17;2025-12-02;0;120
17;2025-12-02;1;14
17;2025-12-02;2;0
17;2025-12-02;3;0
17;2025-12-02;4;26
17;2025-12-02;5;315
17;2025-12-02;6;1646
17;2025-12-02;7;4504
17;2025-12-02;8;5777
17;2025-12-02;9;4111
17;2025-12-02;10;3021
17;2025-12-02;11;3004
17;2025-12-02;12;3014
17;2025-12-02;13;3056
17;2025-12-02;14;3189
17;2025-12-02;15;3285
17;2025-12-02;16;3736
17;2025-12-02;17;4537
17;2025-12-02;18;4795
17;2025-12-02;19;3194
17;2025-12-02;20;2287
17;2025-12-02;21;1423
17;2025-12-02;22;690
17;2025-12-02;23;356
17;2025-12-03;0;121
17;2025-12-03;1;14
17;2025-12-03;2;0
17;2025-12-03;3;0
17;2025-12-03;4;26
17;2025-12-03;5;316
17;2025-12-03;6;1650
17;2025-12-03;7;4520
17;2025-12-03;8;5776
17;2025-12-03;9;4132
17;2025-12-03;10;3034
17;2025-12-03;11;3015
17;2025-12-03;12;3025
17;2025-12-03;13;3066
17;2025-12-03;14;3196
17;2025-12-03;15;3291
17;2025-12-03;16;3749
17;2025-12-03;17;4545
17;2025-12-03;18;4800
17;2025-12-03;19;3198
17;2025-12-03;20;2290
17;2025-12-03;21;1428
17;2025-12-03;22;694
17;2025-12-03;23;361
17;2025-12-04;0;121
17;2025-12-04;1;14
17;2025-12-04;2;0
17;2025-12-04;3;0
17;2025-12-04;4;26
17;2025-12-04;5;316
17;2025-12-04;6;1648
17;2025-12-04;7;4522
17;2025-12-04;8;5780
17;2025-12-04;9;4123
17;2025-12-04;10;3030
17;2025-12-04;11;3009
17;2025-12-04;12;3020
17;2025-12-04;13;3066
17;2025-12-04;14;3196
17;2025-12-04;15;3292
17;2025-12-04;16;3748
17;2025-12-04;17;4542
17;2025-12-04;18;4797
17;2025-12-04;19;3197
17;2025-12-04;20;2290
17;2025-12-04;21;1431
17;2025-12-04;22;695
17;2025-12-04;23;362
17;2025-12-05;0;120
17;2025-12-05;1;14
17;2025-12-05;2;0
17;2025-12-05;3;0
17;2025-12-05;4;26
17;2025-12-05;5;314
17;2025-12-05;6;1639
17;2025-12-05;7;4498
17;2025-12-05;8;5695
17;2025-12-05;9;4106
17;2025-12-05;10;3024
17;2025-12-05;11;3018
17;2025-12-05;12;3030
17;2025-12-05;13;3083
17;2025-12-05;14;3228
17;2025-12-05;15;3328
17;2025-12-05;16;3769
17;2025-12-05;17;4551
17;2025-12-05;18;4574
17;2025-12-05;19;3105
17;2025-12-05;20;2258
17;2025-12-05;21;1418
17;2025-12-05;22;694
17;2025-12-05;23;360
17;2025-12-06;0;205
17;2025-12-06;1;31
17;2025-12-06;2;0
17;2025-12-06;3;0
17;2025-12-06;4;5
17;2025-12-06;5;134
17;2025-12-06;6;630
17;2025-12-06;7;1403
17;2025-12-06;8;1990
17;2025-12-06;9;2639
17;2025-12-06;10;2700
17;2025-12-06;11;3190
17;2025-12-06;12;3516
17;2025-12-06;13;3763
17;2025-12-06;14;3836
17;2025-12-06;15;3834
17;2025-12-06;16;3807
17;2025-12-06;17;3606
17;2025-12-06;18;3215
17;2025-12-06;19;2515
17;2025-12-06;20;1886
17;2025-12-06;21;1401
17;2025-12-06;22;863
17;2025-12-06;23;475
17;2025-12-07;0;199
17;2025-12-07;1;26
17;2025-12-07;2;0
17;2025-12-07;3;0
17;2025-12-07;4;2
17;2025-12-07;5;107
17;2025-12-07;6;478
17;2025-12-07;7;951
17;2025-12-07;8;1421
17;2025-12-07;9;1888
17;2025-12-07;10;2131
17;2025-12-07;11;2727
17;2025-12-07;12;3012
17;2025-12-07;13;3245
17;2025-12-07;14;3397
17;2025-12-07;15;3338
17;2025-12-07;16;3292
17;2025-12-07;17;3107
17;2025-12-07;18;2664
17;2025-12-07;19;2135
17;2025-12-07;20;1539
17;2025-12-07;21;1160
17;2025-12-07;22;731
17;2025-12-07;23;324
17;2025-12-08;0;119
17;2025-12-08;1;14
17;2025-12-08;2;0
17;2025-12-08;3;0
17;2025-12-08;4;26
17;2025-12-08;5;313
17;2025-12-08;6;1623
17;2025-12-08;7;4470
17;2025-12-08;8;5734
17;2025-12-08;9;4066
17;2025-12-08;10;2969
17;2025-12-08;11;2940
17;2025-12-08;12;2948
17;2025-12-08;13;2996
17;2025-12-08;14;3129
17;2025-12-08;15;3227
17;2025-12-08;16;3683
17;2025-12-08;17;4479
17;2025-12-08;18;4753
17;2025-12-08;19;3155
17;2025-12-08;20;2196
17;2025-12-08;21;1399
17;2025-12-08;22;678
17;2025-12-08;23;350
17;2025-12-09;0;119
17;2025-12-09;1;14
17;2025-12-09;2;0
17;2025-12-09;3;0
17;2025-12-09;4;26
17;2025-12-09;5;313
17;2025-12-09;6;1628
17;2025-12-09;7;4445
17;2025-12-09;8;5669
17;2025-12-09;9;4044
17;2025-12-09;10;2969
17;2025-12-09;11;2931
17;2025-12-09;12;2933
17;2025-12-09;13;2970
17;2025-12-09;14;3102
17;2025-12-09;15;3214
17;2025-12-09;16;3669
17;2025-12-09;17;4435
17;2025-12-09;18;4705
17;2025-12-09;19;3144
17;2025-12-09;20;2262
17;2025-12-09;21;1406
17;2025-12-09;22;680
17;2025-12-09;23;351
17;2025-12-10;0;120
17;2025-12-10;1;14
17;2025-12-10;2;0
17;2025-12-10;3;0
17;2025-12-10;4;26
17;2025-12-10;5;314
17;2025-12-10;6;1631
17;2025-12-10;7;4479
17;2025-12-10;8;5716
17;2025-12-10;9;4068
17;2025-12-10;10;2981
17;2025-12-10;11;2950
17;2025-12-10;12;2965
17;2025-12-10;13;3006
17;2025-12-10;14;3136
17;2025-12-10;15;3226
17;2025-12-10;16;3679
17;2025-12-10;17;4472
17;2025-12-10;18;4749
17;2025-12-10;19;3180
17;2025-12-10;20;2302
17;2025-12-10;21;1436
17;2025-12-10;22;696
17;2025-12-10;23;362
17;2025-12-11;0;120
17;2025-12-11;1;14
17;2025-12-11;2;0
17;2025-12-11;3;0
17;2025-12-11;4;26
17;2025-12-11;5;314
17;2025-12-11;6;1640
17;2025-12-11;7;4499
17;2025-12-11;8;5750
17;2025-12-11;9;4078
17;2025-12-11;10;3000
17;2025-12-11;11;2960
17;2025-12-11;12;2972
17;2025-12-11;13;3014
17;2025-12-11;14;3136
17;2025-12-11;15;3249
17;2025-12-11;16;3707
17;2025-12-11;17;4500
17;2025-12-11;18;4764
17;2025-12-11;19;3198
17;2025-12-11;20;2273
17;2025-12-11;21;1417
17;2025-12-11;22;688
17;2025-12-11;23;358
17;2025-12-12;0;119
17;2025-12-12;1;14
17;2025-12-12;2;0
17;2025-12-12;3;0
17;2025-12-12;4;26
17;2025-12-12;5;313
17;2025-12-12;6;1613
17;2025-12-12;7;4431
17;2025-12-12;8;5624
17;2025-12-12;9;4039
17;2025-12-12;10;2965
17;2025-12-12;11;2918
17;2025-12-12;12;2922
17;2025-12-12;13;2967
17;2025-12-12;14;3106
17;2025-12-12;15;3191
17;2025-12-12;16;3617
17;2025-12-12;17;4306
17;2025-12-12;18;4419
17;2025-12-12;19;3003
17;2025-12-12;20;2229
17;2025-12-12;21;1417
17;2025-12-12;22;689
17;2025-12-12;23;358
17;2025-12-13;0;201
17;2025-12-13;1;31
17;2025-12-13;2;0
17;2025-12-13;3;0
17;2025-12-13;4;5
17;2025-12-13;5;131
17;2025-12-13;6;616
17;2025-12-13;7;1366
17;2025-12-13;8;1853
17;2025-12-13;9;2437
17;2025-12-13;10;2456
17;2025-12-13;11;2856
17;2025-12-13;12;3132
17;2025-12-13;13;3319
17;2025-12-13;14;3383
17;2025-12-13;15;3376
17;2025-12-13;16;3358
17;2025-12-13;17;3237
17;2025-12-13;18;2924
17;2025-12-13;19;2309
17;2025-12-13;20;1776
17;2025-12-13;21;1373
17;2025-12-13;22;854
17;2025-12-13;23;467
17;2025-12-14;0;192
17;2025-12-14;1;25
17;2025-12-14;2;0
17;2025-12-14;3;0
17;2025-12-14;4;2
17;2025-12-14;5;104
17;2025-12-14;6;466
17;2025-12-14;7;928
17;2025-12-14;8;1368
17;2025-12-14;9;1780
17;2025-12-14;10;2001
17;2025-12-14;11;2534
17;2025-12-14;12;2660
17;2025-12-14;13;2832
17;2025-12-14;14;2971
17;2025-12-14;15;2915
17;2025-12-14;16;3037
17;2025-12-14;17;2872
17;2025-12-14;18;2494
17;2025-12-14;19;2016
17;2025-12-14;20;1504
17;2025-12-14;21;1142
17;2025-12-14;22;721
17;2025-12-14;23;319
17;2025-12-15;0;117
17;2025-12-15;1;14
17;2025-12-15;2;0
17;2025-12-15;3;0
17;2025-12-15;4;25
17;2025-12-15;5;309
17;2025-12-15;6;1605
17;2025-12-15;7;4403
17;2025-12-15;8;5642
17;2025-12-15;9;3999
17;2025-12-15;10;2920
17;2025-12-15;11;2891
17;2025-12-15;12;2900
17;2025-12-15;13;2948
17;2025-12-15;14;3077
17;2025-12-15;15;3170
17;2025-12-15;16;3618
17;2025-12-15;17;4413
17;2025-12-15;18;4697
17;2025-12-15;19;3133
17;2025-12-15;20;2198
17;2025-12-15;21;1400
17;2025-12-15;22;678
17;2025-12-15;23;349
17;2025-12-16;0;119
17;2025-12-16;1;14
17;2025-12-16;2;0
17;2025-12-16;3;0
17;2025-12-16;4;26
17;2025-12-16;5;314
17;2025-12-16;6;1633
17;2025-12-16;7;4469
17;2025-12-16;8;5702
17;2025-12-16;9;4060
17;2025-12-16;10;2981
17;2025-12-16;11;2945
17;2025-12-16;12;2958
17;2025-12-16;13;2998
17;2025-12-16;14;3131
17;2025-12-16;15;3224
17;2025-12-16;16;3666
17;2025-12-16;17;4462
17;2025-12-16;18;4727
17;2025-12-16;19;3163
17;2025-12-16;20;2289
17;2025-12-16;21;1424
17;2025-12-16;22;689
17;2025-12-16;23;356
17;2025-12-17;0;120
17;2025-12-17;1;14
17;2025-12-17;2;0
17;2025-12-17;3;0
17;2025-12-17;4;26
17;2025-12-17;5;314
17;2025-12-17;6;1638
17;2025-12-17;7;4475
17;2025-12-17;8;5717
17;2025-12-17;9;4084
17;2025-12-17;10;3000
17;2025-12-17;11;2976
17;2025-12-17;12;2986
17;2025-12-17;13;3028
17;2025-12-17;14;3158
17;2025-12-17;15;3250
17;2025-12-17;16;3702
17;2025-12-17;17;4493
17;2025-12-17;18;4744
17;2025-12-17;19;3182
17;2025-12-17;20;2304
17;2025-12-17;21;1439
17;2025-12-17;22;698
17;2025-12-17;23;363
17;2025-12-18;0;121
17;2025-12-18;1;14
17;2025-12-18;2;0
17;2025-12-18;3;0
17;2025-12-18;4;26
17;2025-12-18;5;316
17;2025-12-18;6;1645
17;2025-12-18;7;4504
17;2025-12-18;8;5736
17;2025-12-18;9;4111
17;2025-12-18;10;3007
17;2025-12-18;11;2980
17;2025-12-18;12;2996
17;2025-12-18;13;3051
17;2025-12-18;14;3180
17;2025-12-18;15;3275
17;2025-12-18;16;3733
17;2025-12-18;17;4514
17;2025-12-18;18;4773
17;2025-12-18;19;3206
17;2025-12-18;20;2317
17;2025-12-18;21;1445
17;2025-12-18;22;701
17;2025-12-18;23;365
17;2025-12-19;0;119
17;2025-12-19;1;14
17;2025-12-19;2;0
17;2025-12-19;3;0
17;2025-12-19;4;26
17;2025-12-19;5;314
17;2025-12-19;6;1631
17;2025-12-19;7;4459
17;2025-12-19;8;5640
17;2025-12-19;9;4070
17;2025-12-19;10;2994
17;2025-12-19;11;2953
17;2025-12-19;12;2965
17;2025-12-19;13;3009
17;2025-12-19;14;3150
17;2025-12-19;15;3246
17;2025-12-19;16;3678
17;2025-12-19;17;4450
17;2025-12-19;18;4460
17;2025-12-19;19;3064
17;2025-12-19;20;2251
17;2025-12-19;21;1427
17;2025-12-19;22;695
17;2025-12-19;23;361
17;2025-12-20;0;204
17;2025-12-20;1;31
17;2025-12-20;2;0
17;2025-12-20;3;0
17;2025-12-20;4;5
17;2025-12-20;5;133
17;2025-12-20;6;627
17;2025-12-20;7;1393
17;2025-12-20;8;1969
17;2025-12-20;9;2614
17;2025-12-20;10;2674
17;2025-12-20;11;3151
17;2025-12-20;12;3472
17;2025-12-20;13;3705
17;2025-12-20;14;3778
17;2025-12-20;15;3791
17;2025-12-20;16;3745
17;2025-12-20;17;3559
17;2025-12-20;18;3177
17;2025-12-20;19;2492
17;2025-12-20;20;1867
17;2025-12-20;21;1387
17;2025-12-20;22;856
17;2025-12-20;23;472
17;2025-12-21;0;195
17;2025-12-21;1;26
17;2025-12-21;2;0
17;2025-12-21;3;0
17;2025-12-21;4;2
17;2025-12-21;5;105
17;2025-12-21;6;459
17;2025-12-21;7;933
17;2025-12-21;8;1396
17;2025-12-21;9;1818
17;2025-12-21;10;1954
17;2025-12-21;11;2462
17;2025-12-21;12;2702
17;2025-12-21;13;2910
17;2025-12-21;14;3039
17;2025-12-21;15;2992
17;2025-12-21;16;2956
17;2025-12-21;17;2798
17;2025-12-21;18;2421
17;2025-12-21;19;1943
17;2025-12-21;20;1507
17;2025-12-21;21;1153
17;2025-12-21;22;723
17;2025-12-21;23;321
17;2025-12-22;0;118
17;2025-12-22;1;14
17;2025-12-22;2;0
17;2025-12-22;3;0
17;2025-12-22;4;25
17;2025-12-22;5;311
17;2025-12-22;6;1616
17;2025-12-22;7;4450
17;2025-12-22;8;5706
17;2025-12-22;9;4025
17;2025-12-22;10;2943
17;2025-12-22;11;2902
17;2025-12-22;12;2901
17;2025-12-22;13;2925
17;2025-12-22;14;3041
17;2025-12-22;15;3148
17;2025-12-22;16;3588
17;2025-12-22;17;4382
17;2025-12-22;18;4683
17;2025-12-22;19;3112
17;2025-12-22;20;2192
17;2025-12-22;21;1408
17;2025-12-22;22;681
17;2025-12-22;23;350
17;2025-12-23;0;119
17;2025-12-23;1;14
17;2025-12-23;2;0
17;2025-12-23;3;0
17;2025-12-23;4;26
17;2025-12-23;5;313
17;2025-12-23;6;1610
17;2025-12-23;7;4392
17;2025-12-23;8;5587
17;2025-12-23;9;4000
17;2025-12-23;10;2948
17;2025-12-23;11;2927
17;2025-12-23;12;2935
17;2025-12-23;13;2970
17;2025-12-23;14;3109
17;2025-12-23;15;3204
17;2025-12-23;16;3644
17;2025-12-23;17;4427
17;2025-12-23;18;4690
17;2025-12-23;19;3151
17;2025-12-23;20;2278
17;2025-12-23;21;1416
17;2025-12-23;22;685
17;2025-12-23;23;354
17;2025-12-24;0;119
17;2025-12-24;1;14
17;2025-12-24;2;0
17;2025-12-24;3;0
17;2025-12-24;4;25
17;2025-12-24;5;312
17;2025-12-24;6;1620
17;2025-12-24;7;4414
17;2025-12-24;8;5635
17;2025-12-24;9;4028
17;2025-12-24;10;2955
17;2025-12-24;11;2926
17;2025-12-24;12;2939
17;2025-12-24;13;2962
17;2025-12-24;14;3088
17;2025-12-24;15;3188
17;2025-12-24;16;3635
17;2025-12-24;17;4420
17;2025-12-24;18;4677
17;2025-12-24;19;3134
17;2025-12-24;20;2269
17;2025-12-24;21;1416
17;2025-12-24;22;688
17;2025-12-24;23;358
17;2025-12-25;0;120
17;2025-12-25;1;14
17;2025-12-25;2;0
17;2025-12-25;3;0
17;2025-12-25;4;26
17;2025-12-25;5;315
17;2025-12-25;6;1645
17;2025-12-25;7;4475
17;2025-12-25;8;5699
17;2025-12-25;9;4069
17;2025-12-25;10;2984
17;2025-12-25;11;2951
17;2025-12-25;12;2963
17;2025-12-25;13;3005
17;2025-12-25;14;3121
17;2025-12-25;15;3214
17;2025-12-25;16;3665
17;2025-12-25;17;4420
17;2025-12-25;18;4702
17;2025-12-25;19;3144
17;2025-12-25;20;2292
17;2025-12-25;21;1426
17;2025-12-25;22;698
17;2025-12-25;23;363
17;2025-12-26;0;117
17;2025-12-26;1;13
17;2025-12-26;2;0
17;2025-12-26;3;0
17;2025-12-26;4;25
17;2025-12-26;5;308
17;2025-12-26;6;1587
17;2025-12-26;7;4299
17;2025-12-26;8;5441
17;2025-12-26;9;3885
17;2025-12-26;10;2854
17;2025-12-26;11;2795
17;2025-12-26;12;2801
17;2025-12-26;13;2840
17;2025-12-26;14;2967
17;2025-12-26;15;3054
17;2025-12-26;16;3471
17;2025-12-26;17;4193
17;2025-12-26;18;4367
17;2025-12-26;19;2969
17;2025-12-26;20;2162
17;2025-12-26;21;1399
17;2025-12-26;22;680
17;2025-12-26;23;354
17;2025-12-27;0;193
17;2025-12-27;1;30
17;2025-12-27;2;0
17;2025-12-27;3;0
17;2025-12-27;4;5
17;2025-12-27;5;126
17;2025-12-27;6;592
17;2025-12-27;7;1320
17;2025-12-27;8;1838
17;2025-12-27;9;2426
17;2025-12-27;10;2472
17;2025-12-27;11;2886
17;2025-12-27;12;3161
17;2025-12-27;13;3372
17;2025-12-27;14;3450
17;2025-12-27;15;3439
17;2025-12-27;16;3421
17;2025-12-27;17;3252
17;2025-12-27;18;2922
17;2025-12-27;19;2297
17;2025-12-27;20;1751
17;2025-12-27;21;1330
17;2025-12-27;22;806
17;2025-12-27;23;450
17;2025-12-28;0;187
17;2025-12-28;1;25
17;2025-12-28;2;0
17;2025-12-28;3;0
17;2025-12-28;4;2
17;2025-12-28;5;99
17;2025-12-28;6;446
17;2025-12-28;7;872
17;2025-12-28;8;1288
17;2025-12-28;9;1668
17;2025-12-28;10;1878
17;2025-12-28;11;2361
17;2025-12-28;12;2601
17;2025-12-28;13;2792
17;2025-12-28;14;2939
17;2025-12-28;15;2884
17;2025-12-28;16;2850
17;2025-12-28;17;2698
17;2025-12-28;18;2336
17;2025-12-28;19;1882
17;2025-12-28;20;1423
17;2025-12-28;21;1097
17;2025-12-28;22;692
17;2025-12-28;23;306
17;2025-12-29;0;114
17;2025-12-29;1;13
17;2025-12-29;2;0
17;2025-12-29;3;0
17;2025-12-29;4;24
17;2025-12-29;5;300
17;2025-12-29;6;1559
17;2025-12-29;7;4275
17;2025-12-29;8;5488
17;2025-12-29;9;3872
17;2025-12-29;10;2833
17;2025-12-29;11;2797
17;2025-12-29;12;2806
17;2025-12-29;13;2853
17;2025-12-29;14;2972
17;2025-12-29;15;3061
17;2025-12-29;16;3498
17;2025-12-29;17;4281
17;2025-12-29;18;4561
17;2025-12-29;19;3028
17;2025-12-29;20;2133
17;2025-12-29;21;1360
17;2025-12-29;22;658
17;2025-12-29;23;339
17;2025-12-30;0;116
17;2025-12-30;1;13
17;2025-12-30;2;0
17;2025-12-30;3;0
17;2025-12-30;4;25
17;2025-12-30;5;303
17;2025-12-30;6;1579
17;2025-12-30;7;4317
17;2025-12-30;8;5498
17;2025-12-30;9;3910
17;2025-12-30;10;2883
17;2025-12-30;11;2855
17;2025-12-30;12;2862
17;2025-12-30;13;2903
17;2025-12-30;14;3030
17;2025-12-30;15;3122
17;2025-12-30;16;3556
17;2025-12-30;17;4318
17;2025-12-30;18;4446
17;2025-12-30;19;2997
17;2025-12-30;20;2184
17;2025-12-30;21;1375
17;2025-12-30;22;667
17;2025-12-30;23;344
17;2025-12-31;0;192
17;2025-12-31;1;25
17;2025-12-31;2;0
17;2025-12-31;3;0
17;2025-12-31;4;2
17;2025-12-31;5;102
17;2025-12-31;6;463
17;2025-12-31;7;925
17;2025-12-31;8;1338
17;2025-12-31;9;1789
17;2025-12-31;10;1981
17;2025-12-31;11;2504
17;2025-12-31;12;2778
17;2025-12-31;13;2992
17;2025-12-31;14;3171
17;2025-12-31;15;3104
17;2025-12-31;16;3044
17;2025-12-31;17;2906
17;2025-12-31;18;2514
17;2025-12-31;19;2018
17;2025-12-31;20;1502
17;2025-12-31;21;1134
17;2025-12-31;22;714
17;2025-12-31;23;313
25;2025-11-01;0;4
25;2025-11-01;1;0
25;2025-11-01;2;0
25;2025-11-01;3;0
25;2025-11-01;4;0
25;2025-11-01;5;16
25;2025-11-01;6;252
25;2025-11-01;7;540
25;2025-11-01;8;927
25;2025-11-01;9;489
25;2025-11-01;10;361
25;2025-11-01;11;420
25;2025-11-01;12;411
25;2025-11-01;13;514
25;2025-11-01;14;454
25;2025-11-01;15;532
25;2025-11-01;16;641
25;2025-11-01;17;713
25;2025-11-01;18;685
25;2025-11-01;19;562
25;2025-11-01;20;292
25;2025-11-01;21;203
25;2025-11-01;22;83
25;2025-11-01;23;7
25;2025-11-02;0;16
25;2025-11-02;1;0
25;2025-11-02;2;0
25;2025-11-02;3;0
25;2025-11-02;4;0
25;2025-11-02;5;9
25;2025-11-02;6;106
25;2025-11-02;7;108
25;2025-11-02;8;220
25;2025-11-02;9;235
25;2025-11-02;10;231
25;2025-11-02;11;336
25;2025-11-02;12;397
25;2025-11-02;13;518
25;2025-11-02;14;633
25;2025-11-02;15;701
25;2025-11-02;16;599
25;2025-11-02;17;595
25;2025-11-02;18;454
25;2025-11-02;19;309
25;2025-11-02;20;231
25;2025-11-02;21;143
25;2025-11-02;22;91
25;2025-11-02;23;36
25;2025-11-03;0;15
25;2025-11-03;1;0
25;2025-11-03;2;0
25;2025-11-03;3;0
25;2025-11-03;4;0
25;2025-11-03;5;9
25;2025-11-03;6;104
25;2025-11-03;7;106
25;2025-11-03;8;218
25;2025-11-03;9;229
25;2025-11-03;10;224
25;2025-11-03;11;318
25;2025-11-03;12;378
25;2025-11-03;13;503
25;2025-11-03;14;615
25;2025-11-03;15;684
25;2025-11-03;16;580
25;2025-11-03;17;583
25;2025-11-03;18;435
25;2025-11-03;19;304
25;2025-11-03;20;225
25;2025-11-03;21;139
25;2025-11-03;22;89
25;2025-11-03;23;36
25;2025-11-04;0;16
25;2025-11-04;1;0
25;2025-11-04;2;0
25;2025-11-04;3;0
25;2025-11-04;4;0
25;2025-11-04;5;9
25;2025-11-04;6;106
25;2025-11-04;7;108
25;2025-11-04;8;223
25;2025-11-04;9;233
25;2025-11-04;10;229
25;2025-11-04;11;329
25;2025-11-04;12;385
25;2025-11-04;13;519
25;2025-11-04;14;645
25;2025-11-04;15;717
25;2025-11-04;16;602
25;2025-11-04;17;594
25;2025-11-04;18;446
25;2025-11-04;19;312
25;2025-11-04;20;231
25;2025-11-04;21;143
25;2025-11-04;22;91
25;2025-11-04;23;37
25;2025-11-05;0;4
25;2025-11-05;1;0
25;2025-11-05;2;0
25;2025-11-05;3;0
25;2025-11-05;4;0
25;2025-11-05;5;17
25;2025-11-05;6;273
25;2025-11-05;7;579
25;2025-11-05;8;1006
25;2025-11-05;9;522
25;2025-11-05;10;398
25;2025-11-05;11;456
25;2025-11-05;12;447
25;2025-11-05;13;563
25;2025-11-05;14;500
25;2025-11-05;15;584
25;2025-11-05;16;706
25;2025-11-05;17;796
25;2025-11-05;18;780
25;2025-11-05;19;610
25;2025-11-05;20;316
25;2025-11-05;21;218
25;2025-11-05;22;89
25;2025-11-05;23;8
25;2025-11-06;0;4
25;2025-11-06;1;0
25;2025-11-06;2;0
25;2025-11-06;3;0
25;2025-11-06;4;0
25;2025-11-06;5;17
25;2025-11-06;6;271
25;2025-11-06;7;573
25;2025-11-06;8;994
25;2025-11-06;9;520
25;2025-11-06;10;395
25;2025-11-06;11;454
25;2025-11-06;12;447
25;2025-11-06;13;560
25;2025-11-06;14;495
25;2025-11-06;15;572
25;2025-11-06;16;691
25;2025-11-06;17;786
25;2025-11-06;18;769
25;2025-11-06;19;600
25;2025-11-06;20;311
25;2025-11-06;21;216
25;2025-11-06;22;88
25;2025-11-06;23;8
25;2025-11-07;0;4
25;2025-11-07;1;0
25;2025-11-07;2;0
25;2025-11-07;3;0
25;2025-11-07;4;0
25;2025-11-07;5;18
25;2025-11-07;6;277
25;2025-11-07;7;585
25;2025-11-07;8;1009
25;2025-11-07;9;525
25;2025-11-07;10;407
25;2025-11-07;11;470
25;2025-11-07;12;459
25;2025-11-07;13;573
25;2025-11-07;14;507
25;2025-11-07;15;595
25;2025-11-07;16;711
25;2025-11-07;17;799
25;2025-11-07;18;744
25;2025-11-07;19;599
25;2025-11-07;20;316
25;2025-11-07;21;219
25;2025-11-07;22;90
25;2025-11-07;23;9
25;2025-11-08;0;0
25;2025-11-08;1;0
25;2025-11-08;2;0
25;2025-11-08;3;0
25;2025-11-08;4;0
25;2025-11-08;5;17
25;2025-11-08;6;139
25;2025-11-08;7;142
25;2025-11-08;8;335
25;2025-11-08;9;316
25;2025-11-08;10;309
25;2025-11-08;11;380
25;2025-11-08;12;424
25;2025-11-08;13;673
25;2025-11-08;14;682
25;2025-11-08;15;807
25;2025-11-08;16;774
25;2025-11-08;17;628
25;2025-11-08;18;522
25;2025-11-08;19;433
25;2025-11-08;20;250
25;2025-11-08;21;183
25;2025-11-08;22;109
25;2025-11-08;23;40
25;2025-11-09;0;15
25;2025-11-09;1;0
25;2025-11-09;2;0
25;2025-11-09;3;0
25;2025-11-09;4;0
25;2025-11-09;5;9
25;2025-11-09;6;104
25;2025-11-09;7;107
25;2025-11-09;8;225
25;2025-11-09;9;237
25;2025-11-09;10;232
25;2025-11-09;11;340
25;2025-11-09;12;402
25;2025-11-09;13;526
25;2025-11-09;14;639
25;2025-11-09;15;709
25;2025-11-09;16;610
25;2025-11-09;17;603
25;2025-11-09;18;458
25;2025-11-09;19;315
25;2025-11-09;20;229
25;2025-11-09;21;141
25;2025-11-09;22;90
25;2025-11-09;23;36
25;2025-11-10;0;4
25;2025-11-10;1;0
25;2025-11-10;2;0
25;2025-11-10;3;0
25;2025-11-10;4;0
25;2025-11-10;5;17
25;2025-11-10;6;270
25;2025-11-10;7;574
25;2025-11-10;8;1010
25;2025-11-10;9;516
25;2025-11-10;10;392
25;2025-11-10;11;453
25;2025-11-10;12;444
25;2025-11-10;13;561
25;2025-11-10;14;495
25;2025-11-10;15;578
25;2025-11-10;16;699
25;2025-11-10;17;804
25;2025-11-10;18;790
25;2025-11-10;19;610
25;2025-11-10;20;315
25;2025-11-10;21;216
25;2025-11-10;22;87
25;2025-11-10;23;8
25;2025-11-11;0;4
25;2025-11-11;1;0
25;2025-11-11;2;0
25;2025-11-11;3;0
25;2025-11-11;4;0
25;2025-11-11;5;18
25;2025-11-11;6;274
25;2025-11-11;7;583
25;2025-11-11;8;1018
25;2025-11-11;9;526
25;2025-11-11;10;403
25;2025-11-11;11;465
25;2025-11-11;12;457
25;2025-11-11;13;572
25;2025-11-11;14;505
25;2025-11-11;15;589
25;2025-11-11;16;709
25;2025-11-11;17;810
25;2025-11-11;18;794
25;2025-11-11;19;619
25;2025-11-11;20;320
25;2025-11-11;21;220
25;2025-11-11;22;89
25;2025-11-11;23;9
25;2025-11-12;0;4
25;2025-11-12;1;0
25;2025-11-12;2;0
25;2025-11-12;3;0
25;2025-11-12;4;0
25;2025-11-12;5;17
25;2025-11-12;6;272
25;2025-11-12;7;575
25;2025-11-12;8;1006
25;2025-11-12;9;519
25;2025-11-12;10;398
25;2025-11-12;11;457
25;2025-11-12;12;447
25;2025-11-12;13;562
25;2025-11-12;14;497
25;2025-11-12;15;578
25;2025-11-12;16;698
25;2025-11-12;17;797
25;2025-11-12;18;783
25;2025-11-12;19;608
25;2025-11-12;20;316
25;2025-11-12;21;219
25;2025-11-12;22;89
25;2025-11-12;23;8
25;2025-11-13;0;4
25;2025-11-13;1;0
25;2025-11-13;2;0
25;2025-11-13;3;0
25;2025-11-13;4;0
25;2025-11-13;5;17
25;2025-11-13;6;273
25;2025-11-13;7;579
25;2025-11-13;8;1013
25;2025-11-13;9;526
25;2025-11-13;10;400
25;2025-11-13;11;463
25;2025-11-13;12;454
25;2025-11-13;13;567
25;2025-11-13;14;500
25;2025-11-13;15;582
25;2025-11-13;16;699
25;2025-11-13;17;797
25;2025-11-13;18;782
25;2025-11-13;19;608
25;2025-11-13;20;315
25;2025-11-13;21;218
25;2025-11-13;22;89
25;2025-11-13;23;8
25;2025-11-14;0;4
25;2025-11-14;1;0
25;2025-11-14;2;0
25;2025-11-14;3;0
25;2025-11-14;4;0
25;2025-11-14;5;17
25;2025-11-14;6;270
25;2025-11-14;7;568
25;2025-11-14;8;961
25;2025-11-14;9;512
25;2025-11-14;10;393
25;2025-11-14;11;456
25;2025-11-14;12;447
25;2025-11-14;13;558
25;2025-11-14;14;493
25;2025-11-14;15;579
25;2025-11-14;16;692
25;2025-11-14;17;761
25;2025-11-14;18;721
25;2025-11-14;19;594
25;2025-11-14;20;312
25;2025-11-14;21;216
25;2025-11-14;22;88
25;2025-11-14;23;8
25;2025-11-15;0;0
25;2025-11-15;1;0
25;2025-11-15;2;0
25;2025-11-15;3;0
25;2025-11-15;4;0
25;2025-11-15;5;17
25;2025-11-15;6;134
25;2025-11-15;7;136
25;2025-11-15;8;321
25;2025-11-15;9;302
25;2025-11-15;10;294
25;2025-11-15;11;357
25;2025-11-15;12;400
25;2025-11-15;13;644
25;2025-11-15;14;645
25;2025-11-15;15;773
25;2025-11-15;16;738
25;2025-11-15;17;585
25;2025-11-15;18;493
25;2025-11-15;19;416
25;2025-11-15;20;244
25;2025-11-15;21;179
25;2025-11-15;22;107
25;2025-11-15;23;39
25;2025-11-16;0;15
25;2025-11-16;1;0
25;2025-11-16;2;0
25;2025-11-16;3;0
25;2025-11-16;4;0
25;2025-11-16;5;9
25;2025-11-16;6;104
25;2025-11-16;7;106
25;2025-11-16;8;223
25;2025-11-16;9;235
25;2025-11-16;10;231
25;2025-11-16;11;338
25;2025-11-16;12;400
25;2025-11-16;13;525
25;2025-11-16;14;635
25;2025-11-16;15;709
25;2025-11-16;16;603
25;2025-11-16;17;595
25;2025-11-16;18;455
25;2025-11-16;19;315
25;2025-11-16;20;231
25;2025-11-16;21;142
25;2025-11-16;22;91
25;2025-11-16;23;36
25;2025-11-17;0;4
25;2025-11-17;1;0
25;2025-11-17;2;0
25;2025-11-17;3;0
25;2025-11-17;4;0
25;2025-11-17;5;17
25;2025-11-17;6;269
25;2025-11-17;7;563
25;2025-11-17;8;990
25;2025-11-17;9;505
25;2025-11-17;10;385
25;2025-11-17;11;442
25;2025-11-17;12;434
25;2025-11-17;13;546
25;2025-11-17;14;483
25;2025-11-17;15;563
25;2025-11-17;16;681
25;2025-11-17;17;783
25;2025-11-17;18;774
25;2025-11-17;19;605
25;2025-11-17;20;315
25;2025-11-17;21;217
25;2025-11-17;22;88
25;2025-11-17;23;8
25;2025-11-18;0;4
25;2025-11-18;1;0
25;2025-11-18;2;0
25;2025-11-18;3;0
25;2025-11-18;4;0
25;2025-11-18;5;17
25;2025-11-18;6;264
25;2025-11-18;7;551
25;2025-11-18;8;953
25;2025-11-18;9;492
25;2025-11-18;10;374
25;2025-11-18;11;434
25;2025-11-18;12;424
25;2025-11-18;13;531
25;2025-11-18;14;468
25;2025-11-18;15;547
25;2025-11-18;16;663
25;2025-11-18;17;753
25;2025-11-18;18;742
25;2025-11-18;19;581
25;2025-11-18;20;304
25;2025-11-18;21;209
25;2025-11-18;22;85
25;2025-11-18;23;8
25;2025-11-19;0;4
25;2025-11-19;1;0
25;2025-11-19;2;0
25;2025-11-19;3;0
25;2025-11-19;4;0
25;2025-11-19;5;17
25;2025-11-19;6;273
25;2025-11-19;7;580
25;2025-11-19;8;1012
25;2025-11-19;9;520
25;2025-11-19;10;396
25;2025-11-19;11;458
25;2025-11-19;12;450
25;2025-11-19;13;566
25;2025-11-19;14;499
25;2025-11-19;15;580
25;2025-11-19;16;701
25;2025-11-19;17;801
25;2025-11-19;18;786
25;2025-11-19;19;615
25;2025-11-19;20;322
25;2025-11-19;21;223
25;2025-11-19;22;90
25;2025-11-19;23;9
25;2025-11-20;0;4
25;2025-11-20;1;0
25;2025-11-20;2;0
25;2025-11-20;3;0
25;2025-11-20;4;0
25;2025-11-20;5;17
25;2025-11-20;6;273
25;2025-11-20;7;578
25;2025-11-20;8;1011
25;2025-11-20;9;525
25;2025-11-20;10;400
25;2025-11-20;11;462
25;2025-11-20;12;453
25;2025-11-20;13;567
25;2025-11-20;14;500
25;2025-11-20;15;582
25;2025-11-20;16;703
25;2025-11-20;17;805
25;2025-11-20;18;788
25;2025-11-20;19;614
25;2025-11-20;20;318
25;2025-11-20;21;220
25;2025-11-20;22;89
25;2025-11-20;23;8
25;2025-11-21;0;4
25;2025-11-21;1;0
25;2025-11-21;2;0
25;2025-11-21;3;0
25;2025-11-21;4;0
25;2025-11-21;5;17
25;2025-11-21;6;272
25;2025-11-21;7;574
25;2025-11-21;8;981
25;2025-11-21;9;517
25;2025-11-21;10;397
25;2025-11-21;11;459
25;2025-11-21;12;449
25;2025-11-21;13;563
25;2025-11-21;14;498
25;2025-11-21;15;581
25;2025-11-21;16;694
25;2025-11-21;17;773
25;2025-11-21;18;729
25;2025-11-21;19;599
25;2025-11-21;20;317
25;2025-11-21;21;220
25;2025-11-21;22;90
25;2025-11-21;23;9
25;2025-11-22;0;0
25;2025-11-22;1;0
25;2025-11-22;2;0
25;2025-11-22;3;0
25;2025-11-22;4;0
25;2025-11-22;5;17
25;2025-11-22;6;138
25;2025-11-22;7;142
25;2025-11-22;8;337
25;2025-11-22;9;317
25;2025-11-22;10;311
25;2025-11-22;11;379
25;2025-11-22;12;425
25;2025-11-22;13;676
25;2025-11-22;14;679
25;2025-11-22;15;810
25;2025-11-22;16;776
25;2025-11-22;17;618
25;2025-11-22;18;518
25;2025-11-22;19;433
25;2025-11-22;20;250
25;2025-11-22;21;179
25;2025-11-22;22;108
25;2025-11-22;23;39
25;2025-11-23;0;15
25;2025-11-23;1;0
25;2025-11-23;2;0
25;2025-11-23;3;0
25;2025-11-23;4;0
25;2025-11-23;5;9
25;2025-11-23;6;103
25;2025-11-23;7;105
25;2025-11-23;8;222
25;2025-11-23;9;234
25;2025-11-23;10;229
25;2025-11-23;11;336
25;2025-11-23;12;397
25;2025-11-23;13;521
25;2025-11-23;14;633
25;2025-11-23;15;703
25;2025-11-23;16;599
25;2025-11-23;17;594
25;2025-11-23;18;454
25;2025-11-23;19;314
25;2025-11-23;20;230
25;2025-11-23;21;142
25;2025-11-23;22;90
25;2025-11-23;23;36
25;2025-11-24;0;4
25;2025-11-24;1;0
25;2025-11-24;2;0
25;2025-11-24;3;0
25;2025-11-24;4;0
25;2025-11-24;5;17
25;2025-11-24;6;267
25;2025-11-24;7;560
25;2025-11-24;8;981
25;2025-11-24;9;502
25;2025-11-24;10;379
25;2025-11-24;11;436
25;2025-11-24;12;426
25;2025-11-24;13;539
25;2025-11-24;14;475
25;2025-11-24;15;556
25;2025-11-24;16;670
25;2025-11-24;17;771
25;2025-11-24;18;763
25;2025-11-24;19;590
25;2025-11-24;20;307
25;2025-11-24;21;211
25;2025-11-24;22;85
25;2025-11-24;23;8
25;2025-11-25;0;4
25;2025-11-25;1;0
25;2025-11-25;2;0
25;2025-11-25;3;0
25;2025-11-25;4;0
25;2025-11-25;5;17
25;2025-11-25;6;273
25;2025-11-25;7;576
25;2025-11-25;8;1007
25;2025-11-25;9;520
25;2025-11-25;10;398
25;2025-11-25;11;460
25;2025-11-25;12;451
25;2025-11-25;13;566
25;2025-11-25;14;499
25;2025-11-25;15;583
25;2025-11-25;16;701
25;2025-11-25;17;800
25;2025-11-25;18;785
25;2025-11-25;19;617
25;2025-11-25;20;321
25;2025-11-25;21;221
25;2025-11-25;22;90
25;2025-11-25;23;9
25;2025-11-26;0;4
25;2025-11-26;1;0
25;2025-11-26;2;0
25;2025-11-26;3;0
25;2025-11-26;4;0
25;2025-11-26;5;17
25;2025-11-26;6;272
25;2025-11-26;7;574
25;2025-11-26;8;1002
25;2025-11-26;9;516
25;2025-11-26;10;394
25;2025-11-26;11;452
25;2025-11-26;12;442
25;2025-11-26;13;556
25;2025-11-26;14;490
25;2025-11-26;15;571
25;2025-11-26;16;690
25;2025-11-26;17;790
25;2025-11-26;18;782
25;2025-11-26;19;609
25;2025-11-26;20;320
25;2025-11-26;21;221
25;2025-11-26;22;90
25;2025-11-26;23;9
25;2025-11-27;0;4
25;2025-11-27;1;0
25;2025-11-27;2;0
25;2025-11-27;3;0
25;2025-11-27;4;0
25;2025-11-27;5;17
25;2025-11-27;6;273
25;2025-11-27;7;580
25;2025-11-27;8;1015
25;2025-11-27;9;522
25;2025-11-27;10;397
25;2025-11-27;11;458
25;2025-11-27;12;448
25;2025-11-27;13;562
25;2025-11-27;14;496
25;2025-11-27;15;578
25;2025-11-27;16;697
25;2025-11-27;17;801
25;2025-11-27;18;784
25;2025-11-27;19;609
25;2025-11-27;20;316
25;2025-11-27;21;218
25;2025-11-27;22;89
25;2025-11-27;23;8
25;2025-11-28;0;4
25;2025-11-28;1;0
25;2025-11-28;2;0
25;2025-11-28;3;0
25;2025-11-28;4;0
25;2025-11-28;5;17
25;2025-11-28;6;271
25;2025-11-28;7;573
25;2025-11-28;8;995
25;2025-11-28;9;517
25;2025-11-28;10;398
25;2025-11-28;11;461
25;2025-11-28;12;448
25;2025-11-28;13;566
25;2025-11-28;14;500
25;2025-11-28;15;584
25;2025-11-28;16;702
25;2025-11-28;17;788
25;2025-11-28;18;742
25;2025-11-28;19;596
25;2025-11-28;20;312
25;2025-11-28;21;217
25;2025-11-28;22;89
25;2025-11-28;23;8
25;2025-11-29;0;0
25;2025-11-29;1;0
25;2025-11-29;2;0
25;2025-11-29;3;0
25;2025-11-29;4;0
25;2025-11-29;5;18
25;2025-11-29;6;141
25;2025-11-29;7;142
25;2025-11-29;8;338
25;2025-11-29;9;320
25;2025-11-29;10;313
25;2025-11-29;11;382
25;2025-11-29;12;430
25;2025-11-29;13;682
25;2025-11-29;14;687
25;2025-11-29;15;819
25;2025-11-29;16;787
25;2025-11-29;17;630
25;2025-11-29;18;526
25;2025-11-29;19;439
25;2025-11-29;20;253
25;2025-11-29;21;185
25;2025-11-29;22;111
25;2025-11-29;23;40
25;2025-11-30;0;15
25;2025-11-30;1;0
25;2025-11-30;2;0
25;2025-11-30;3;0
25;2025-11-30;4;0
25;2025-11-30;5;9
25;2025-11-30;6;104
25;2025-11-30;7;106
25;2025-11-30;8;224
25;2025-11-30;9;236
25;2025-11-30;10;232
25;2025-11-30;11;340
25;2025-11-30;12;402
25;2025-11-30;13;528
25;2025-11-30;14;639
25;2025-11-30;15;710
25;2025-11-30;16;605
25;2025-11-30;17;601
25;2025-11-30;18;457
25;2025-11-30;19;314
25;2025-11-30;20;229
25;2025-11-30;21;141
25;2025-11-30;22;90
25;2025-11-30;23;36
25;2025-12-01;0;4
25;2025-12-01;1;0
25;2025-12-01;2;0
25;2025-12-01;3;0
25;2025-12-01;4;0
25;2025-12-01;5;17
25;2025-12-01;6;269
25;2025-12-01;7;571
25;2025-12-01;8;1002
25;2025-12-01;9;513
25;2025-12-01;10;390
25;2025-12-01;11;450
25;2025-12-01;12;441
25;2025-12-01;13;557
25;2025-12-01;14;491
25;2025-12-01;15;574
25;2025-12-01;16;693
25;2025-12-01;17;796
25;2025-12-01;18;783
25;2025-12-01;19;606
25;2025-12-01;20;312
25;2025-12-01;21;215
25;2025-12-01;22;86
25;2025-12-01;23;8
25;2025-12-02;0;4
25;2025-12-02;1;0
25;2025-12-02;2;0
25;2025-12-02;3;0
25;2025-12-02;4;0
25;2025-12-02;5;17
25;2025-12-02;6;272
25;2025-12-02;7;578
25;2025-12-02;8;1012
25;2025-12-02;9;521
25;2025-12-02;10;399
25;2025-12-02;11;462
25;2025-12-02;12;452
25;2025-12-02;13;567
25;2025-12-02;14;500
25;2025-12-02;15;584
25;2025-12-02;16;703
25;2025-12-02;17;804
25;2025-12-02;18;787
25;2025-12-02;19;613
25;2025-12-02;20;317
25;2025-12-02;21;218
25;2025-12-02;22;88
25;2025-12-02;23;9
25;2025-12-03;0;4
25;2025-12-03;1;0
25;2025-12-03;2;0
25;2025-12-03;3;0
25;2025-12-03;4;0
25;2025-12-03;5;18
25;2025-12-03;6;273
25;2025-12-03;7;580
25;2025-12-03;8;1013
25;2025-12-03;9;523
25;2025-12-03;10;400
25;2025-12-03;11;463
25;2025-12-03;12;453
25;2025-12-03;13;568
25;2025-12-03;14;501
25;2025-12-03;15;583
25;2025-12-03;16;704
25;2025-12-03;17;805
25;2025-12-03;18;789
25;2025-12-03;19;611
25;2025-12-03;20;317
25;2025-12-03;21;219
25;2025-12-03;22;89
25;2025-12-03;23;9
25;2025-12-04;0;4
25;2025-12-04;1;0
25;2025-12-04;2;0
25;2025-12-04;3;0
25;2025-12-04;4;0
25;2025-12-04;5;18
25;2025-12-04;6;273
25;2025-12-04;7;580
25;2025-12-04;8;1013
25;2025-12-04;9;525
25;2025-12-04;10;400
25;2025-12-04;11;462
25;2025-12-04;12;453
25;2025-12-04;13;568
25;2025-12-04;14;501
25;2025-12-04;15;583
25;2025-12-04;16;702
25;2025-12-04;17;804
25;2025-12-04;18;788
25;2025-12-04;19;613
25;2025-12-04;20;317
25;2025-12-04;21;219
25;2025-12-04;22;89
25;2025-12-04;23;9
25;2025-12-05;0;4
25;2025-12-05;1;0
25;2025-12-05;2;0
25;2025-12-05;3;0
25;2025-12-05;4;0
25;2025-12-05;5;17
25;2025-12-05;6;272
25;2025-12-05;7;576
25;2025-12-05;8;990
25;2025-12-05;9;521
25;2025-12-05;10;399
25;2025-12-05;11;463
25;2025-12-05;12;453
25;2025-12-05;13;570
25;2025-12-05;14;504
25;2025-12-05;15;589
25;2025-12-05;16;705
25;2025-12-05;17;786
25;2025-12-05;18;736
25;2025-12-05;19;598
25;2025-12-05;20;314
25;2025-12-05;21;217
25;2025-12-05;22;88
25;2025-12-05;23;9
25;2025-12-06;0;0
25;2025-12-06;1;0
25;2025-12-06;2;0
25;2025-12-06;3;0
25;2025-12-06;4;0
25;2025-12-06;5;18
25;2025-12-06;6;142
25;2025-12-06;7;144
25;2025-12-06;8;342
25;2025-12-06;9;324
25;2025-12-06;10;317
25;2025-12-06;11;388
25;2025-12-06;12;437
25;2025-12-06;13;694
25;2025-12-06;14;698
25;2025-12-06;15;833
25;2025-12-06;16;798
25;2025-12-06;17;638
25;2025-12-06;18;532
25;2025-12-06;19;444
25;2025-12-06;20;257
25;2025-12-06;21;187
25;2025-12-06;22;112
25;2025-12-06;23;41
25;2025-12-07;0;15
25;2025-12-07;1;0
25;2025-12-07;2;0
25;2025-12-07;3;0
25;2025-12-07;4;0
25;2025-12-07;5;9
25;2025-12-07;6;106
25;2025-12-07;7;108
25;2025-12-07;8;228
25;2025-12-07;9;242
25;2025-12-07;10;236
25;2025-12-07;11;346
25;2025-12-07;12;409
25;2025-12-07;13;537
25;2025-12-07;14;652
25;2025-12-07;15;726
25;2025-12-07;16;617
25;2025-12-07;17;614
25;2025-12-07;18;467
25;2025-12-07;19;320
25;2025-12-07;20;233
25;2025-12-07;21;145
25;2025-12-07;22;92
25;2025-12-07;23;37
25;2025-12-08;0;4
25;2025-12-08;1;0
25;2025-12-08;2;0
25;2025-12-08;3;0
25;2025-12-08;4;0
25;2025-12-08;5;17
25;2025-12-08;6;269
25;2025-12-08;7;570
25;2025-12-08;8;1003
25;2025-12-08;9;513
25;2025-12-08;10;390
25;2025-12-08;11;449
25;2025-12-08;12;439
25;2025-12-08;13;554
25;2025-12-08;14;490
25;2025-12-08;15;574
25;2025-12-08;16;692
25;2025-12-08;17;793
25;2025-12-08;18;780
25;2025-12-08;19;605
25;2025-12-08;20;312
25;2025-12-08;21;215
25;2025-12-08;22;86
25;2025-12-08;23;8
25;2025-12-09;0;4
25;2025-12-09;1;0
25;2025-12-09;2;0
25;2025-12-09;3;0
25;2025-12-09;4;0
25;2025-12-09;5;17
25;2025-12-09;6;269
25;2025-12-09;7;564
25;2025-12-09;8;987
25;2025-12-09;9;508
25;2025-12-09;10;390
25;2025-12-09;11;449
25;2025-12-09;12;438
25;2025-12-09;13;550
25;2025-12-09;14;486
25;2025-12-09;15;567
25;2025-12-09;16;686
25;2025-12-09;17;781
25;2025-12-09;18;768
25;2025-12-09;19;602
25;2025-12-09;20;313
25;2025-12-09;21;216
25;2025-12-09;22;87
25;2025-12-09;23;8
25;2025-12-10;0;4
25;2025-12-10;1;0
25;2025-12-10;2;0
25;2025-12-10;3;0
25;2025-12-10;4;0
25;2025-12-10;5;17
25;2025-12-10;6;272
25;2025-12-10;7;569
25;2025-12-10;8;992
25;2025-12-10;9;512
25;2025-12-10;10;393
25;2025-12-10;11;453
25;2025-12-10;12;443
25;2025-12-10;13;555
25;2025-12-10;14;489
25;2025-12-10;15;568
25;2025-12-10;16;686
25;2025-12-10;17;787
25;2025-12-10;18;777
25;2025-12-10;19;604
25;2025-12-10;20;318
25;2025-12-10;21;219
25;2025-12-10;22;89
25;2025-12-10;23;9
25;2025-12-11;0;4
25;2025-12-11;1;0
25;2025-12-11;2;0
25;2025-12-11;3;0
25;2025-12-11;4;0
25;2025-12-11;5;17
25;2025-12-11;6;272
25;2025-12-11;7;569
25;2025-12-11;8;1002
25;2025-12-11;9;514
25;2025-12-11;10;392
25;2025-12-11;11;449
25;2025-12-11;12;442
25;2025-12-11;13;555
25;2025-12-11;14;489
25;2025-12-11;15;571
25;2025-12-11;16;688
25;2025-12-11;17;790
25;2025-12-11;18;777
25;2025-12-11;19;609
25;2025-12-11;20;315
25;2025-12-11;21;217
25;2025-12-11;22;88
25;2025-12-11;23;8
25;2025-12-12;0;4
25;2025-12-12;1;0
25;2025-12-12;2;0
25;2025-12-12;3;0
25;2025-12-12;4;0
25;2025-12-12;5;17
25;2025-12-12;6;269
25;2025-12-12;7;564
25;2025-12-12;8;973
25;2025-12-12;9;511
25;2025-12-12;10;391
25;2025-12-12;11;452
25;2025-12-12;12;441
25;2025-12-12;13;556
25;2025-12-12;14;490
25;2025-12-12;15;569
25;2025-12-12;16;680
25;2025-12-12;17;755
25;2025-12-12;18;723
25;2025-12-12;19;588
25;2025-12-12;20;314
25;2025-12-12;21;217
25;2025-12-12;22;88
25;2025-12-12;23;8
25;2025-12-13;0;0
25;2025-12-13;1;0
25;2025-12-13;2;0
25;2025-12-13;3;0
25;2025-12-13;4;0
25;2025-12-13;5;17
25;2025-12-13;6;139
25;2025-12-13;7;141
25;2025-12-13;8;332
25;2025-12-13;9;314
25;2025-12-13;10;307
25;2025-12-13;11;373
25;2025-12-13;12;418
25;2025-12-13;13;656
25;2025-12-13;14;659
25;2025-12-13;15;787
25;2025-12-13;16;754
25;2025-12-13;17;604
25;2025-12-13;18;515
25;2025-12-13;19;433
25;2025-12-13;20;253
25;2025-12-13;21;184
25;2025-12-13;22;110
25;2025-12-13;23;41
25;2025-12-14;0;15
25;2025-12-14;1;0
25;2025-12-14;2;0
25;2025-12-14;3;0
25;2025-12-14;4;0
25;2025-12-14;5;9
25;2025-12-14;6;103
25;2025-12-14;7;105
25;2025-12-14;8;220
25;2025-12-14;9;233
25;2025-12-14;10;229
25;2025-12-14;11;334
25;2025-12-14;12;391
25;2025-12-14;13;504
25;2025-12-14;14;614
25;2025-12-14;15;682
25;2025-12-14;16;594
25;2025-12-14;17;590
25;2025-12-14;18;453
25;2025-12-14;19;314
25;2025-12-14;20;231
25;2025-12-14;21;142
25;2025-12-14;22;91
25;2025-12-14;23;37
25;2025-12-15;0;4
25;2025-12-15;1;0
25;2025-12-15;2;0
25;2025-12-15;3;0
25;2025-12-15;4;0
25;2025-12-15;5;17
25;2025-12-15;6;266
25;2025-12-15;7;559
25;2025-12-15;8;976
25;2025-12-15;9;500
25;2025-12-15;10;380
25;2025-12-15;11;439
25;2025-12-15;12;430
25;2025-12-15;13;542
25;2025-12-15;14;478
25;2025-12-15;15;559
25;2025-12-15;16;675
25;2025-12-15;17;777
25;2025-12-15;18;768
25;2025-12-15;19;599
25;2025-12-15;20;312
25;2025-12-15;21;215
25;2025-12-15;22;86
25;2025-12-15;23;8
25;2025-12-16;0;4
25;2025-12-16;1;0
25;2025-12-16;2;0
25;2025-12-16;3;0
25;2025-12-16;4;0
25;2025-12-16;5;17
25;2025-12-16;6;270
25;2025-12-16;7;567
25;2025-12-16;8;992
25;2025-12-16;9;511
25;2025-12-16;10;391
25;2025-12-16;11;448
25;2025-12-16;12;440
25;2025-12-16;13;552
25;2025-12-16;14;487
25;2025-12-16;15;569
25;2025-12-16;16;683
25;2025-12-16;17;783
25;2025-12-16;18;771
25;2025-12-16;19;603
25;2025-12-16;20;316
25;2025-12-16;21;217
25;2025-12-16;22;88
25;2025-12-16;23;9
25;2025-12-17;0;4
25;2025-12-17;1;0
25;2025-12-17;2;0
25;2025-12-17;3;0
25;2025-12-17;4;0
25;2025-12-17;5;17
25;2025-12-17;6;271
25;2025-12-17;7;570
25;2025-12-17;8;995
25;2025-12-17;9;514
25;2025-12-17;10;395
25;2025-12-17;11;456
25;2025-12-17;12;446
25;2025-12-17;13;559
25;2025-12-17;14;493
25;2025-12-17;15;574
25;2025-12-17;16;693
25;2025-12-17;17;792
25;2025-12-17;18;778
25;2025-12-17;19;607
25;2025-12-17;20;318
25;2025-12-17;21;220
25;2025-12-17;22;89
25;2025-12-17;23;9
25;2025-12-18;0;4
25;2025-12-18;1;0
25;2025-12-18;2;0
25;2025-12-18;3;0
25;2025-12-18;4;0
25;2025-12-18;5;18
25;2025-12-18;6;273
25;2025-12-18;7;572
25;2025-12-18;8;999
25;2025-12-18;9;520
25;2025-12-18;10;395
25;2025-12-18;11;455
25;2025-12-18;12;445
25;2025-12-18;13;562
25;2025-12-18;14;496
25;2025-12-18;15;577
25;2025-12-18;16;695
25;2025-12-18;17;793
25;2025-12-18;18;780
25;2025-12-18;19;613
25;2025-12-18;20;320
25;2025-12-18;21;221
25;2025-12-18;22;90
25;2025-12-18;23;9
25;2025-12-19;0;4
25;2025-12-19;1;0
25;2025-12-19;2;0
25;2025-12-19;3;0
25;2025-12-19;4;0
25;2025-12-19;5;17
25;2025-12-19;6;270
25;2025-12-19;7;569
25;2025-12-19;8;973
25;2025-12-19;9;514
25;2025-12-19;10;394
25;2025-12-19;11;456
25;2025-12-19;12;446
25;2025-12-19;13;559
25;2025-12-19;14;494
25;2025-12-19;15;578
25;2025-12-19;16;692
25;2025-12-19;17;772
25;2025-12-19;18;722
25;2025-12-19;19;595
25;2025-12-19;20;315
25;2025-12-19;21;218
25;2025-12-19;22;89
25;2025-12-19;23;9
25;2025-12-20;0;0
25;2025-12-20;1;0
25;2025-12-20;2;0
25;2025-12-20;3;0
25;2025-12-20;4;0
25;2025-12-20;5;18
25;2025-12-20;6;141
25;2025-12-20;7;143
25;2025-12-20;8;339
25;2025-12-20;9;321
25;2025-12-20;10;314
25;2025-12-20;11;384
25;2025-12-20;12;431
25;2025-12-20;13;685
25;2025-12-20;14;689
25;2025-12-20;15;826
25;2025-12-20;16;787
25;2025-12-20;17;629
25;2025-12-20;18;527
25;2025-12-20;19;440
25;2025-12-20;20;254
25;2025-12-20;21;185
25;2025-12-20;22;111
25;2025-12-20;23;41
25;2025-12-21;0;15
25;2025-12-21;1;0
25;2025-12-21;2;0
25;2025-12-21;3;0
25;2025-12-21;4;0
25;2025-12-21;5;9
25;2025-12-21;6;102
25;2025-12-21;7;106
25;2025-12-21;8;224
25;2025-12-21;9;237
25;2025-12-21;10;232
25;2025-12-21;11;339
25;2025-12-21;12;399
25;2025-12-21;13;523
25;2025-12-21;14;634
25;2025-12-21;15;708
25;2025-12-21;16;602
25;2025-12-21;17;598
25;2025-12-21;18;458
25;2025-12-21;19;315
25;2025-12-21;20;230
25;2025-12-21;21;144
25;2025-12-21;22;91
25;2025-12-21;23;37
25;2025-12-22;0;4
25;2025-12-22;1;0
25;2025-12-22;2;0
25;2025-12-22;3;0
25;2025-12-22;4;0
25;2025-12-22;5;17
25;2025-12-22;6;267
25;2025-12-22;7;562
25;2025-12-22;8;989
25;2025-12-22;9;504
25;2025-12-22;10;383
25;2025-12-22;11;441
25;2025-12-22;12;429
25;2025-12-22;13;540
25;2025-12-22;14;474
25;2025-12-22;15;557
25;2025-12-22;16;671
25;2025-12-22;17;771
25;2025-12-22;18;767
25;2025-12-22;19;598
25;2025-12-22;20;312
25;2025-12-22;21;215
25;2025-12-22;22;87
25;2025-12-22;23;8
25;2025-12-23;0;4
25;2025-12-23;1;0
25;2025-12-23;2;0
25;2025-12-23;3;0
25;2025-12-23;4;0
25;2025-12-23;5;17
25;2025-12-23;6;269
25;2025-12-23;7;563
25;2025-12-23;8;980
25;2025-12-23;9;506
25;2025-12-23;10;388
25;2025-12-23;11;448
25;2025-12-23;12;439
25;2025-12-23;13;549
25;2025-12-23;14;484
25;2025-12-23;15;566
25;2025-12-23;16;680
25;2025-12-23;17;777
25;2025-12-23;18;765
25;2025-12-23;19;603
25;2025-12-23;20;315
25;2025-12-23;21;216
25;2025-12-23;22;88
25;2025-12-23;23;8
25;2025-12-24;0;4
25;2025-12-24;1;0
25;2025-12-24;2;0
25;2025-12-24;3;0
25;2025-12-24;4;0
25;2025-12-24;5;17
25;2025-12-24;6;268
25;2025-12-24;7;562
25;2025-12-24;8;980
25;2025-12-24;9;506
25;2025-12-24;10;388
25;2025-12-24;11;446
25;2025-12-24;12;437
25;2025-12-24;13;546
25;2025-12-24;14;482
25;2025-12-24;15;560
25;2025-12-24;16;676
25;2025-12-24;17;778
25;2025-12-24;18;764
25;2025-12-24;19;597
25;2025-12-24;20;313
25;2025-12-24;21;216
25;2025-12-24;22;88
25;2025-12-24;23;8
25;2025-12-25;0;4
25;2025-12-25;1;0
25;2025-12-25;2;0
25;2025-12-25;3;0
25;2025-12-25;4;0
25;2025-12-25;5;17
25;2025-12-25;6;272
25;2025-12-25;7;569
25;2025-12-25;8;999
25;2025-12-25;9;517
25;2025-12-25;10;393
25;2025-12-25;11;453
25;2025-12-25;12;443
25;2025-12-25;13;555
25;2025-12-25;14;487
25;2025-12-25;15;566
25;2025-12-25;16;684
25;2025-12-25;17;785
25;2025-12-25;18;775
25;2025-12-25;19;606
25;2025-12-25;20;318
25;2025-12-25;21;220
25;2025-12-25;22;89
25;2025-12-25;23;9
25;2025-12-26;0;4
25;2025-12-26;1;0
25;2025-12-26;2;0
25;2025-12-26;3;0
25;2025-12-26;4;0
25;2025-12-26;5;17
25;2025-12-26;6;266
25;2025-12-26;7;555
25;2025-12-26;8;947
25;2025-12-26;9;496
25;2025-12-26;10;376
25;2025-12-26;11;433
25;2025-12-26;12;422
25;2025-12-26;13;534
25;2025-12-26;14;471
25;2025-12-26;15;551
25;2025-12-26;16;658
25;2025-12-26;17;738
25;2025-12-26;18;715
25;2025-12-26;19;582
25;2025-12-26;20;307
25;2025-12-26;21;214
25;2025-12-26;22;87
25;2025-12-26;23;8
25;2025-12-27;0;0
25;2025-12-27;1;0
25;2025-12-27;2;0
25;2025-12-27;3;0
25;2025-12-27;4;0
25;2025-12-27;5;17
25;2025-12-27;6;133
25;2025-12-27;7;135
25;2025-12-27;8;322
25;2025-12-27;9;306
25;2025-12-27;10;299
25;2025-12-27;11;364
25;2025-12-27;12;410
25;2025-12-27;13;649
25;2025-12-27;14;654
25;2025-12-27;15;781
25;2025-12-27;16;748
25;2025-12-27;17;597
25;2025-12-27;18;501
25;2025-12-27;19;420
25;2025-12-27;20;244
25;2025-12-27;21;178
25;2025-12-27;22;104
25;2025-12-27;23;39
25;2025-12-28;0;15
25;2025-12-28;1;0
25;2025-12-28;2;0
25;2025-12-28;3;0
25;2025-12-28;4;0
25;2025-12-28;5;8
25;2025-12-28;6;99
25;2025-12-28;7;99
25;2025-12-28;8;208
25;2025-12-28;9;224
25;2025-12-28;10;220
25;2025-12-28;11;319
25;2025-12-28;12;377
25;2025-12-28;13;494
25;2025-12-28;14;600
25;2025-12-28;15;671
25;2025-12-28;16;573
25;2025-12-28;17;569
25;2025-12-28;18;436
25;2025-12-28;19;299
25;2025-12-28;20;221
25;2025-12-28;21;136
25;2025-12-28;22;87
25;2025-12-28;23;35
25;2025-12-29;0;4
25;2025-12-29;1;0
25;2025-12-29;2;0
25;2025-12-29;3;0
25;2025-12-29;4;0
25;2025-12-29;5;17
25;2025-12-29;6;257
25;2025-12-29;7;542
25;2025-12-29;8;954
25;2025-12-29;9;486
25;2025-12-29;10;370
25;2025-12-29;11;426
25;2025-12-29;12;417
25;2025-12-29;13;526
25;2025-12-29;14;464
25;2025-12-29;15;542
25;2025-12-29;16;656
25;2025-12-29;17;754
25;2025-12-29;18;746
25;2025-12-29;19;580
25;2025-12-29;20;303
25;2025-12-29;21;208
25;2025-12-29;22;84
25;2025-12-29;23;7
25;2025-12-30;0;4
25;2025-12-30;1;0
25;2025-12-30;2;0
25;2025-12-30;3;0
25;2025-12-30;4;0
25;2025-12-30;5;17
25;2025-12-30;6;260
25;2025-12-30;7;548
25;2025-12-30;8;956
25;2025-12-30;9;494
25;2025-12-30;10;377
25;2025-12-30;11;435
25;2025-12-30;12;426
25;2025-12-30;13;535
25;2025-12-30;14;473
25;2025-12-30;15;551
25;2025-12-30;16;663
25;2025-12-30;17;750
25;2025-12-30;18;717
25;2025-12-30;19;576
25;2025-12-30;20;304
25;2025-12-30;21;210
25;2025-12-30;22;85
25;2025-12-30;23;8
25;2025-12-31;0;15
25;2025-12-31;1;0
25;2025-12-31;2;0
25;2025-12-31;3;0
25;2025-12-31;4;0
25;2025-12-31;5;8
25;2025-12-31;6;102
25;2025-12-31;7;104
25;2025-12-31;8;211
25;2025-12-31;9;225
25;2025-12-31;10;220
25;2025-12-31;11;313
25;2025-12-31;12;370
25;2025-12-31;13;490
25;2025-12-31;14;600
25;2025-12-31;15;665
25;2025-12-31;16;563
25;2025-12-31;17;559
25;2025-12-31;18;426
25;2025-12-31;19;294
25;2025-12-31;20;226
25;2025-12-31;21;141
25;2025-12-31;22;89
25;2025-12-31;23;36
26;2025-11-01;0;30
26;2025-11-01;1;1
26;2025-11-01;2;0
26;2025-11-01;3;0
26;2025-11-01;4;2
26;2025-11-01;5;93
26;2025-11-01;6;456
26;2025-11-01;7;1154
26;2025-11-01;8;2201
26;2025-11-01;9;1497
26;2025-11-01;10;1175
26;2025-11-01;11;1068
26;2025-11-01;12;1112
26;2025-11-01;13;1114
26;2025-11-01;14;1271
26;2025-11-01;15;1350
26;2025-11-01;16;1431
26;2025-11-01;17;1658
26;2025-11-01;18;1713
26;2025-11-01;19;1180
26;2025-11-01;20;699
26;2025-11-01;21;466
26;2025-11-01;22;199
26;2025-11-01;23;120
26;2025-11-02;0;49
26;2025-11-02;1;5
26;2025-11-02;2;0
26;2025-11-02;3;0
26;2025-11-02;4;1
26;2025-11-02;5;21
26;2025-11-02;6;174
26;2025-11-02;7;278
26;2025-11-02;8;407
26;2025-11-02;9;571
26;2025-11-02;10;624
26;2025-11-02;11;836
26;2025-11-02;12;819
26;2025-11-02;13;871
26;2025-11-02;14;864
26;2025-11-02;15;789
26;2025-11-02;16;773
26;2025-11-02;17;777
26;2025-11-02;18;720
26;2025-11-02;19;533
26;2025-11-02;20;411
26;2025-11-02;21;282
26;2025-11-02;22;157
26;2025-11-02;23;95
26;2025-11-03;0;48
26;2025-11-03;1;5
26;2025-11-03;2;0
26;2025-11-03;3;0
26;2025-11-03;4;1
26;2025-11-03;5;20
26;2025-11-03;6;170
26;2025-11-03;7;272
26;2025-11-03;8;414
26;2025-11-03;9;558
26;2025-11-03;10;606
26;2025-11-03;11;805
26;2025-11-03;12;782
26;2025-11-03;13;846
26;2025-11-03;14;829
26;2025-11-03;15;754
26;2025-11-03;16;748
26;2025-11-03;17;759
26;2025-11-03;18;702
26;2025-11-03;19;526
26;2025-11-03;20;403
26;2025-11-03;21;272
26;2025-11-03;22;153
26;2025-11-03;23;92
26;2025-11-04;0;49
26;2025-11-04;1;5
26;2025-11-04;2;0
26;2025-11-04;3;0
26;2025-11-04;4;1
26;2025-11-04;5;21
26;2025-11-04;6;173
26;2025-11-04;7;277
26;2025-11-04;8;401
26;2025-11-04;9;561
26;2025-11-04;10;613
26;2025-11-04;11;816
26;2025-11-04;12;802
26;2025-11-04;13;874
26;2025-11-04;14;869
26;2025-11-04;15;789
26;2025-11-04;16;772
26;2025-11-04;17;771
26;2025-11-04;18;712
26;2025-11-04;19;536
26;2025-11-04;20;412
26;2025-11-04;21;280
26;2025-11-04;22;156
26;2025-11-04;23;94
26;2025-11-05;0;32
26;2025-11-05;1;1
26;2025-11-05;2;1
26;2025-11-05;3;0
26;2025-11-05;4;2
26;2025-11-05;5;100
26;2025-11-05;6;491
26;2025-11-05;7;1254
26;2025-11-05;8;2474
26;2025-11-05;9;1626
26;2025-11-05;10;1292
26;2025-11-05;11;1163
26;2025-11-05;12;1205
26;2025-11-05;13;1206
26;2025-11-05;14;1385
26;2025-11-05;15;1453
26;2025-11-05;16;1540
26;2025-11-05;17;1776
26;2025-11-05;18;1937
26;2025-11-05;19;1291
26;2025-11-05;20;758
26;2025-11-05;21;498
26;2025-11-05;22;212
26;2025-11-05;23;127
26;2025-11-06;0;32
26;2025-11-06;1;1
26;2025-11-06;2;1
26;2025-11-06;3;0
26;2025-11-06;4;2
26;2025-11-06;5;100
26;2025-11-06;6;489
26;2025-11-06;7;1243
26;2025-11-06;8;2445
26;2025-11-06;9;1611
26;2025-11-06;10;1282
26;2025-11-06;11;1156
26;2025-11-06;12;1202
26;2025-11-06;13;1203
26;2025-11-06;14;1376
26;2025-11-06;15;1431
26;2025-11-06;16;1519
26;2025-11-06;17;1755
26;2025-11-06;18;1903
26;2025-11-06;19;1268
26;2025-11-06;20;746
26;2025-11-06;21;493
26;2025-11-06;22;210
26;2025-11-06;23;126
26;2025-11-07;0;33
26;2025-11-07;1;1
26;2025-11-07;2;1
26;2025-11-07;3;0
26;2025-11-07;4;2
26;2025-11-07;5;102
26;2025-11-07;6;499
26;2025-11-07;7;1273
26;2025-11-07;8;2286
26;2025-11-07;9;1614
26;2025-11-07;10;1308
26;2025-11-07;11;1198
26;2025-11-07;12;1237
26;2025-11-07;13;1234
26;2025-11-07;14;1390
26;2025-11-07;15;1455
26;2025-11-07;16;1534
26;2025-11-07;17;1769
26;2025-11-07;18;1787
26;2025-11-07;19;1264
26;2025-11-07;20;758
26;2025-11-07;21;500
26;2025-11-07;22;214
26;2025-11-07;23;129
26;2025-11-08;0;54
26;2025-11-08;1;3
26;2025-11-08;2;0
26;2025-11-08;3;0
26;2025-11-08;4;2
26;2025-11-08;5;52
26;2025-11-08;6;259
26;2025-11-08;7;404
26;2025-11-08;8;687
26;2025-11-08;9;729
26;2025-11-08;10;831
26;2025-11-08;11;1031
26;2025-11-08;12;1066
26;2025-11-08;13;1050
26;2025-11-08;14;1147
26;2025-11-08;15;1038
26;2025-11-08;16;1081
26;2025-11-08;17;962
26;2025-11-08;18;907
26;2025-11-08;19;733
26;2025-11-08;20;502
26;2025-11-08;21;330
26;2025-11-08;22;193
26;2025-11-08;23;146
26;2025-11-09;0;48
26;2025-11-09;1;5
26;2025-11-09;2;0
26;2025-11-09;3;0
26;2025-11-09;4;1
26;2025-11-09;5;20
26;2025-11-09;6;171
26;2025-11-09;7;275
26;2025-11-09;8;416
26;2025-11-09;9;580
26;2025-11-09;10;632
26;2025-11-09;11;840
26;2025-11-09;12;825
26;2025-11-09;13;883
26;2025-11-09;14;868
26;2025-11-09;15;795
26;2025-11-09;16;782
26;2025-11-09;17;785
26;2025-11-09;18;726
26;2025-11-09;19;544
26;2025-11-09;20;409
26;2025-11-09;21;278
26;2025-11-09;22;155
26;2025-11-09;23;94
26;2025-11-10;0;32
26;2025-11-10;1;1
26;2025-11-10;2;1
26;2025-11-10;3;0
26;2025-11-10;4;2
26;2025-11-10;5;99
26;2025-11-10;6;487
26;2025-11-10;7;1242
26;2025-11-10;8;2485
26;2025-11-10;9;1614
26;2025-11-10;10;1278
26;2025-11-10;11;1157
26;2025-11-10;12;1210
26;2025-11-10;13;1204
26;2025-11-10;14;1369
26;2025-11-10;15;1436
26;2025-11-10;16;1529
26;2025-11-10;17;1775
26;2025-11-10;18;1971
26;2025-11-10;19;1289
26;2025-11-10;20;757
26;2025-11-10;21;495
26;2025-11-10;22;209
26;2025-11-10;23;125
26;2025-11-11;0;32
26;2025-11-11;1;1
26;2025-11-11;2;1
26;2025-11-11;3;0
26;2025-11-11;4;2
26;2025-11-11;5;101
26;2025-11-11;6;494
26;2025-11-11;7;1263
26;2025-11-11;8;2508
26;2025-11-11;9;1639
26;2025-11-11;10;1308
26;2025-11-11;11;1187
26;2025-11-11;12;1228
26;2025-11-11;13;1228
26;2025-11-11;14;1401
26;2025-11-11;15;1462
26;2025-11-11;16;1549
26;2025-11-11;17;1794
26;2025-11-11;18;1991
26;2025-11-11;19;1306
26;2025-11-11;20;767
26;2025-11-11;21;503
26;2025-11-11;22;213
26;2025-11-11;23;127
26;2025-11-12;0;32
26;2025-11-12;1;1
26;2025-11-12;2;1
26;2025-11-12;3;0
26;2025-11-12;4;2
26;2025-11-12;5;100
26;2025-11-12;6;491
26;2025-11-12;7;1248
26;2025-11-12;8;2495
26;2025-11-12;9;1628
26;2025-11-12;10;1291
26;2025-11-12;11;1163
26;2025-11-12;12;1211
26;2025-11-12;13;1204
26;2025-11-12;14;1383
26;2025-11-12;15;1450
26;2025-11-12;16;1536
26;2025-11-12;17;1772
26;2025-11-12;18;1964
26;2025-11-12;19;1292
26;2025-11-12;20;760
26;2025-11-12;21;499
26;2025-11-12;22;213
26;2025-11-12;23;128
26;2025-11-13;0;32
26;2025-11-13;1;1
26;2025-11-13;2;1
26;2025-11-13;3;0
26;2025-11-13;4;2
26;2025-11-13;5;100
26;2025-11-13;6;491
26;2025-11-13;7;1257
26;2025-11-13;8;2494
26;2025-11-13;9;1626
26;2025-11-13;10;1299
26;2025-11-13;11;1177
26;2025-11-13;12;1221
26;2025-11-13;13;1217
26;2025-11-13;14;1384
26;2025-11-13;15;1450
26;2025-11-13;16;1535
26;2025-11-13;17;1771
26;2025-11-13;18;1950
26;2025-11-13;19;1282
26;2025-11-13;20;756
26;2025-11-13;21;497
26;2025-11-13;22;212
26;2025-11-13;23;127
26;2025-11-14;0;32
26;2025-11-14;1;1
26;2025-11-14;2;1
26;2025-11-14;3;0
26;2025-11-14;4;2
26;2025-11-14;5;99
26;2025-11-14;6;486
26;2025-11-14;7;1227
26;2025-11-14;8;2372
26;2025-11-14;9;1597
26;2025-11-14;10;1271
26;2025-11-14;11;1159
26;2025-11-14;12;1200
26;2025-11-14;13;1193
26;2025-11-14;14;1366
26;2025-11-14;15;1442
26;2025-11-14;16;1525
26;2025-11-14;17;1741
26;2025-11-14;18;1777
26;2025-11-14;19;1251
26;2025-11-14;20;748
26;2025-11-14;21;493
26;2025-11-14;22;212
26;2025-11-14;23;127
26;2025-11-15;0;53
26;2025-11-15;1;3
26;2025-11-15;2;0
26;2025-11-15;3;0
26;2025-11-15;4;2
26;2025-11-15;5;50
26;2025-11-15;6;251
26;2025-11-15;7;392
26;2025-11-15;8;662
26;2025-11-15;9;697
26;2025-11-15;10;798
26;2025-11-15;11;964
26;2025-11-15;12;1016
26;2025-11-15;13;998
26;2025-11-15;14;1076
26;2025-11-15;15;979
26;2025-11-15;16;1011
26;2025-11-15;17;900
26;2025-11-15;18;858
26;2025-11-15;19;709
26;2025-11-15;20;492
26;2025-11-15;21;325
26;2025-11-15;22;190
26;2025-11-15;23;143
26;2025-11-16;0;48
26;2025-11-16;1;5
26;2025-11-16;2;0
26;2025-11-16;3;0
26;2025-11-16;4;1
26;2025-11-16;5;20
26;2025-11-16;6;170
26;2025-11-16;7;272
26;2025-11-16;8;412
26;2025-11-16;9;573
26;2025-11-16;10;627
26;2025-11-16;11;838
26;2025-11-16;12;824
26;2025-11-16;13;885
26;2025-11-16;14;865
26;2025-11-16;15;793
26;2025-11-16;16;777
26;2025-11-16;17;780
26;2025-11-16;18;721
26;2025-11-16;19;544
26;2025-11-16;20;412
26;2025-11-16;21;280
26;2025-11-16;22;156
26;2025-11-16;23;94
26;2025-11-17;0;32
26;2025-11-17;1;1
26;2025-11-17;2;0
26;2025-11-17;3;0
26;2025-11-17;4;2
26;2025-11-17;5;99
26;2025-11-17;6;484
26;2025-11-17;7;1218
26;2025-11-17;8;2457
26;2025-11-17;9;1584
26;2025-11-17;10;1251
26;2025-11-17;11;1128
26;2025-11-17;12;1174
26;2025-11-17;13;1170
26;2025-11-17;14;1342
26;2025-11-17;15;1413
26;2025-11-17;16;1502
26;2025-11-17;17;1745
26;2025-11-17;18;1947
26;2025-11-17;19;1284
26;2025-11-17;20;758
26;2025-11-17;21;496
26;2025-11-17;22;210
26;2025-11-17;23;125
26;2025-11-18;0;31
26;2025-11-18;1;1
26;2025-11-18;2;0
26;2025-11-18;3;0
26;2025-11-18;4;2
26;2025-11-18;5;97
26;2025-11-18;6;475
26;2025-11-18;7;1195
26;2025-11-18;8;2360
26;2025-11-18;9;1547
26;2025-11-18;10;1216
26;2025-11-18;11;1104
26;2025-11-18;12;1141
26;2025-11-18;13;1139
26;2025-11-18;14;1302
26;2025-11-18;15;1369
26;2025-11-18;16;1454
26;2025-11-18;17;1679
26;2025-11-18;18;1858
26;2025-11-18;19;1229
26;2025-11-18;20;730
26;2025-11-18;21;480
26;2025-11-18;22;203
26;2025-11-18;23;121
26;2025-11-19;0;32
26;2025-11-19;1;1
26;2025-11-19;2;1
26;2025-11-19;3;0
26;2025-11-19;4;2
26;2025-11-19;5;100
26;2025-11-19;6;492
26;2025-11-19;7;1257
26;2025-11-19;8;2500
26;2025-11-19;9;1635
26;2025-11-19;10;1285
26;2025-11-19;11;1167
26;2025-11-19;12;1218
26;2025-11-19;13;1214
26;2025-11-19;14;1391
26;2025-11-19;15;1458
26;2025-11-19;16;1545
26;2025-11-19;17;1785
26;2025-11-19;18;1976
26;2025-11-19;19;1310
26;2025-11-19;20;772
26;2025-11-19;21;509
26;2025-11-19;22;216
26;2025-11-19;23;130
26;2025-11-20;0;32
26;2025-11-20;1;1
26;2025-11-20;2;1
26;2025-11-20;3;0
26;2025-11-20;4;2
26;2025-11-20;5;100
26;2025-11-20;6;491
26;2025-11-20;7;1254
26;2025-11-20;8;2484
26;2025-11-20;9;1625
26;2025-11-20;10;1300
26;2025-11-20;11;1175
26;2025-11-20;12;1223
26;2025-11-20;13;1217
26;2025-11-20;14;1386
26;2025-11-20;15;1453
26;2025-11-20;16;1540
26;2025-11-20;17;1779
26;2025-11-20;18;1969
26;2025-11-20;19;1297
26;2025-11-20;20;763
26;2025-11-20;21;501
26;2025-11-20;22;213
26;2025-11-20;23;128
26;2025-11-21;0;32
26;2025-11-21;1;1
26;2025-11-21;2;1
26;2025-11-21;3;0
26;2025-11-21;4;2
26;2025-11-21;5;100
26;2025-11-21;6;490
26;2025-11-21;7;1245
26;2025-11-21;8;2422
26;2025-11-21;9;1622
26;2025-11-21;10;1287
26;2025-11-21;11;1167
26;2025-11-21;12;1213
26;2025-11-21;13;1207
26;2025-11-21;14;1386
26;2025-11-21;15;1454
26;2025-11-21;16;1539
26;2025-11-21;17;1766
26;2025-11-21;18;1801
26;2025-11-21;19;1272
26;2025-11-21;20;761
26;2025-11-21;21;503
26;2025-11-21;22;215
26;2025-11-21;23;129
26;2025-11-22;0;55
26;2025-11-22;1;3
26;2025-11-22;2;0
26;2025-11-22;3;0
26;2025-11-22;4;2
26;2025-11-22;5;51
26;2025-11-22;6;256
26;2025-11-22;7;407
26;2025-11-22;8;690
26;2025-11-22;9;730
26;2025-11-22;10;838
26;2025-11-22;11;1023
26;2025-11-22;12;1081
26;2025-11-22;13;1048
26;2025-11-22;14;1137
26;2025-11-22;15;1026
26;2025-11-22;16;1064
26;2025-11-22;17;951
26;2025-11-22;18;904
26;2025-11-22;19;733
26;2025-11-22;20;503
26;2025-11-22;21;323
26;2025-11-22;22;191
26;2025-11-22;23;144
26;2025-11-23;0;47
26;2025-11-23;1;5
26;2025-11-23;2;0
26;2025-11-23;3;0
26;2025-11-23;4;1
26;2025-11-23;5;20
26;2025-11-23;6;169
26;2025-11-23;7;271
26;2025-11-23;8;411
26;2025-11-23;9;570
26;2025-11-23;10;623
26;2025-11-23;11;833
26;2025-11-23;12;817
26;2025-11-23;13;880
26;2025-11-23;14;863
26;2025-11-23;15;788
26;2025-11-23;16;774
26;2025-11-23;17;777
26;2025-11-23;18;720
26;2025-11-23;19;542
26;2025-11-23;20;410
26;2025-11-23;21;279
26;2025-11-23;22;155
26;2025-11-23;23;93
26;2025-11-24;0;32
26;2025-11-24;1;1
26;2025-11-24;2;0
26;2025-11-24;3;0
26;2025-11-24;4;2
26;2025-11-24;5;98
26;2025-11-24;6;481
26;2025-11-24;7;1210
26;2025-11-24;8;2440
26;2025-11-24;9;1584
26;2025-11-24;10;1239
26;2025-11-24;11;1115
26;2025-11-24;12;1162
26;2025-11-24;13;1155
26;2025-11-24;14;1322
26;2025-11-24;15;1392
26;2025-11-24;16;1478
26;2025-11-24;17;1712
26;2025-11-24;18;1917
26;2025-11-24;19;1248
26;2025-11-24;20;738
26;2025-11-24;21;483
26;2025-11-24;22;205
26;2025-11-24;23;122
26;2025-11-25;0;32
26;2025-11-25;1;1
26;2025-11-25;2;1
26;2025-11-25;3;0
26;2025-11-25;4;2
26;2025-11-25;5;100
26;2025-11-25;6;492
26;2025-11-25;7;1251
26;2025-11-25;8;2496
26;2025-11-25;9;1633
26;2025-11-25;10;1293
26;2025-11-25;11;1172
26;2025-11-25;12;1217
26;2025-11-25;13;1216
26;2025-11-25;14;1392
26;2025-11-25;15;1458
26;2025-11-25;16;1541
26;2025-11-25;17;1784
26;2025-11-25;18;1979
26;2025-11-25;19;1308
26;2025-11-25;20;771
26;2025-11-25;21;507
26;2025-11-25;22;214
26;2025-11-25;23;128
26;2025-11-26;0;32
26;2025-11-26;1;1
26;2025-11-26;2;1
26;2025-11-26;3;0
26;2025-11-26;4;2
26;2025-11-26;5;100
26;2025-11-26;6;490
26;2025-11-26;7;1242
26;2025-11-26;8;2487
26;2025-11-26;9;1613
26;2025-11-26;10;1282
26;2025-11-26;11;1154
26;2025-11-26;12;1198
26;2025-11-26;13;1195
26;2025-11-26;14;1367
26;2025-11-26;15;1433
26;2025-11-26;16;1519
26;2025-11-26;17;1753
26;2025-11-26;18;1962
26;2025-11-26;19;1297
26;2025-11-26;20;768
26;2025-11-26;21;506
26;2025-11-26;22;215
26;2025-11-26;23;129
26;2025-11-27;0;32
26;2025-11-27;1;1
26;2025-11-27;2;1
26;2025-11-27;3;0
26;2025-11-27;4;2
26;2025-11-27;5;100
26;2025-11-27;6;491
26;2025-11-27;7;1258
26;2025-11-27;8;2508
26;2025-11-27;9;1628
26;2025-11-27;10;1291
26;2025-11-27;11;1166
26;2025-11-27;12;1211
26;2025-11-27;13;1208
26;2025-11-27;14;1378
26;2025-11-27;15;1447
26;2025-11-27;16;1533
26;2025-11-27;17;1775
26;2025-11-27;18;1964
26;2025-11-27;19;1286
26;2025-11-27;20;758
26;2025-11-27;21;498
26;2025-11-27;22;212
26;2025-11-27;23;128
26;2025-11-28;0;32
26;2025-11-28;1;1
26;2025-11-28;2;1
26;2025-11-28;3;0
26;2025-11-28;4;2
26;2025-11-28;5;100
26;2025-11-28;6;489
26;2025-11-28;7;1243
26;2025-11-28;8;2442
26;2025-11-28;9;1608
26;2025-11-28;10;1290
26;2025-11-28;11;1171
26;2025-11-28;12;1211
26;2025-11-28;13;1212
26;2025-11-28;14;1383
26;2025-11-28;15;1452
26;2025-11-28;16;1524
26;2025-11-28;17;1758
26;2025-11-28;18;1804
26;2025-11-28;19;1258
26;2025-11-28;20;749
26;2025-11-28;21;496
26;2025-11-28;22;212
26;2025-11-28;23;128
26;2025-11-29;0;55
26;2025-11-29;1;3
26;2025-11-29;2;0
26;2025-11-29;3;0
26;2025-11-29;4;2
26;2025-11-29;5;52
26;2025-11-29;6;262
26;2025-11-29;7;410
26;2025-11-29;8;695
26;2025-11-29;9;737
26;2025-11-29;10;842
26;2025-11-29;11;1039
26;2025-11-29;12;1103
26;2025-11-29;13;1064
26;2025-11-29;14;1155
26;2025-11-29;15;1040
26;2025-11-29;16;1086
26;2025-11-29;17;966
26;2025-11-29;18;916
26;2025-11-29;19;743
26;2025-11-29;20;509
26;2025-11-29;21;334
26;2025-11-29;22;195
26;2025-11-29;23;147
26;2025-11-30;0;47
26;2025-11-30;1;5
26;2025-11-30;2;0
26;2025-11-30;3;0
26;2025-11-30;4;1
26;2025-11-30;5;20
26;2025-11-30;6;170
26;2025-11-30;7;273
26;2025-11-30;8;414
26;2025-11-30;9;578
26;2025-11-30;10;632
26;2025-11-30;11;842
26;2025-11-30;12;825
26;2025-11-30;13;889
26;2025-11-30;14;870
26;2025-11-30;15;794
26;2025-11-30;16;777
26;2025-11-30;17;784
26;2025-11-30;18;726
26;2025-11-30;19;542
26;2025-11-30;20;408
26;2025-11-30;21;278
26;2025-11-30;22;155
26;2025-11-30;23;94
26;2025-12-01;0;32
26;2025-12-01;1;1
26;2025-12-01;2;1
26;2025-12-01;3;0
26;2025-12-01;4;2
26;2025-12-01;5;99
26;2025-12-01;6;485
26;2025-12-01;7;1234
26;2025-12-01;8;2468
26;2025-12-01;9;1603
26;2025-12-01;10;1270
26;2025-12-01;11;1150
26;2025-12-01;12;1199
26;2025-12-01;13;1194
26;2025-12-01;14;1359
26;2025-12-01;15;1425
26;2025-12-01;16;1515
26;2025-12-01;17;1757
26;2025-12-01;18;1954
26;2025-12-01;19;1279
26;2025-12-01;20;752
26;2025-12-01;21;492
26;2025-12-01;22;207
26;2025-12-01;23;125
26;2025-12-02;0;32
26;2025-12-02;1;1
26;2025-12-02;2;1
26;2025-12-02;3;0
26;2025-12-02;4;2
26;2025-12-02;5;100
26;2025-12-02;6;491
26;2025-12-02;7;1252
26;2025-12-02;8;2492
26;2025-12-02;9;1625
26;2025-12-02;10;1297
26;2025-12-02;11;1175
26;2025-12-02;12;1216
26;2025-12-02;13;1217
26;2025-12-02;14;1389
26;2025-12-02;15;1452
26;2025-12-02;16;1534
26;2025-12-02;17;1778
26;2025-12-02;18;1973
26;2025-12-02;19;1295
26;2025-12-02;20;762
26;2025-12-02;21;499
26;2025-12-02;22;211
26;2025-12-02;23;127
26;2025-12-03;0;32
26;2025-12-03;1;1
26;2025-12-03;2;1
26;2025-12-03;3;0
26;2025-12-03;4;2
26;2025-12-03;5;101
26;2025-12-03;6;492
26;2025-12-03;7;1256
26;2025-12-03;8;2496
26;2025-12-03;9;1632
26;2025-12-03;10;1296
26;2025-12-03;11;1180
26;2025-12-03;12;1219
26;2025-12-03;13;1217
26;2025-12-03;14;1387
26;2025-12-03;15;1456
26;2025-12-03;16;1541
26;2025-12-03;17;1782
26;2025-12-03;18;1973
26;2025-12-03;19;1296
26;2025-12-03;20;762
26;2025-12-03;21;500
26;2025-12-03;22;212
26;2025-12-03;23;129
26;2025-12-04;0;32
26;2025-12-04;1;1
26;2025-12-04;2;1
26;2025-12-04;3;0
26;2025-12-04;4;2
26;2025-12-04;5;101
26;2025-12-04;6;492
26;2025-12-04;7;1256
26;2025-12-04;8;2492
26;2025-12-04;9;1624
26;2025-12-04;10;1298
26;2025-12-04;11;1176
26;2025-12-04;12;1221
26;2025-12-04;13;1219
26;2025-12-04;14;1387
26;2025-12-04;15;1455
26;2025-12-04;16;1540
26;2025-12-04;17;1782
26;2025-12-04;18;1970
26;2025-12-04;19;1295
26;2025-12-04;20;762
26;2025-12-04;21;501
26;2025-12-04;22;212
26;2025-12-04;23;129
26;2025-12-05;0;32
26;2025-12-05;1;1
26;2025-12-05;2;1
26;2025-12-05;3;0
26;2025-12-05;4;2
26;2025-12-05;5;100
26;2025-12-05;6;489
26;2025-12-05;7;1247
26;2025-12-05;8;2434
26;2025-12-05;9;1620
26;2025-12-05;10;1290
26;2025-12-05;11;1178
26;2025-12-05;12;1224
26;2025-12-05;13;1220
26;2025-12-05;14;1393
26;2025-12-05;15;1464
26;2025-12-05;16;1545
26;2025-12-05;17;1783
26;2025-12-05;18;1821
26;2025-12-05;19;1263
26;2025-12-05;20;754
26;2025-12-05;21;497
26;2025-12-05;22;212
26;2025-12-05;23;129
26;2025-12-06;0;55
26;2025-12-06;1;3
26;2025-12-06;2;0
26;2025-12-06;3;0
26;2025-12-06;4;2
26;2025-12-06;5;52
26;2025-12-06;6;266
26;2025-12-06;7;415
26;2025-12-06;8;704
26;2025-12-06;9;747
26;2025-12-06;10;854
26;2025-12-06;11;1055
26;2025-12-06;12;1118
26;2025-12-06;13;1082
26;2025-12-06;14;1174
26;2025-12-06;15;1058
26;2025-12-06;16;1100
26;2025-12-06;17;978
26;2025-12-06;18;927
26;2025-12-06;19;752
26;2025-12-06;20;515
26;2025-12-06;21;337
26;2025-12-06;22;197
26;2025-12-06;23;149
26;2025-12-07;0;48
26;2025-12-07;1;5
26;2025-12-07;2;0
26;2025-12-07;3;0
26;2025-12-07;4;1
26;2025-12-07;5;20
26;2025-12-07;6;173
26;2025-12-07;7;278
26;2025-12-07;8;422
26;2025-12-07;9;588
26;2025-12-07;10;643
26;2025-12-07;11;858
26;2025-12-07;12;841
26;2025-12-07;13;906
26;2025-12-07;14;888
26;2025-12-07;15;812
26;2025-12-07;16;795
26;2025-12-07;17;800
26;2025-12-07;18;740
26;2025-12-07;19;553
26;2025-12-07;20;418
26;2025-12-07;21;283
26;2025-12-07;22;158
26;2025-12-07;23;96
26;2025-12-08;0;32
26;2025-12-08;1;1
26;2025-12-08;2;1
26;2025-12-08;3;0
26;2025-12-08;4;2
26;2025-12-08;5;99
26;2025-12-08;6;485
26;2025-12-08;7;1233
26;2025-12-08;8;2469
26;2025-12-08;9;1603
26;2025-12-08;10;1270
26;2025-12-08;11;1149
26;2025-12-08;12;1195
26;2025-12-08;13;1188
26;2025-12-08;14;1357
26;2025-12-08;15;1425
26;2025-12-08;16;1514
26;2025-12-08;17;1754
26;2025-12-08;18;1950
26;2025-12-08;19;1278
26;2025-12-08;20;752
26;2025-12-08;21;492
26;2025-12-08;22;207
26;2025-12-08;23;125
26;2025-12-09;0;32
26;2025-12-09;1;1
26;2025-12-09;2;1
26;2025-12-09;3;0
26;2025-12-09;4;2
26;2025-12-09;5;99
26;2025-12-09;6;485
26;2025-12-09;7;1221
26;2025-12-09;8;2450
26;2025-12-09;9;1598
26;2025-12-09;10;1263
26;2025-12-09;11;1141
26;2025-12-09;12;1175
26;2025-12-09;13;1174
26;2025-12-09;14;1348
26;2025-12-09;15;1422
26;2025-12-09;16;1507
26;2025-12-09;17;1738
26;2025-12-09;18;1936
26;2025-12-09;19;1272
26;2025-12-09;20;752
26;2025-12-09;21;493
26;2025-12-09;22;208
26;2025-12-09;23;125
26;2025-12-10;0;32
26;2025-12-10;1;1
26;2025-12-10;2;1
26;2025-12-10;3;0
26;2025-12-10;4;2
26;2025-12-10;5;100
26;2025-12-10;6;489
26;2025-12-10;7;1230
26;2025-12-10;8;2468
26;2025-12-10;9;1602
26;2025-12-10;10;1270
26;2025-12-10;11;1147
26;2025-12-10;12;1194
26;2025-12-10;13;1189
26;2025-12-10;14;1364
26;2025-12-10;15;1430
26;2025-12-10;16;1514
26;2025-12-10;17;1751
26;2025-12-10;18;1951
26;2025-12-10;19;1289
26;2025-12-10;20;764
26;2025-12-10;21;502
26;2025-12-10;22;213
26;2025-12-10;23;129
26;2025-12-11;0;32
26;2025-12-11;1;1
26;2025-12-11;2;1
26;2025-12-11;3;0
26;2025-12-11;4;2
26;2025-12-11;5;100
26;2025-12-11;6;489
26;2025-12-11;7;1233
26;2025-12-11;8;2490
26;2025-12-11;9;1608
26;2025-12-11;10;1273
26;2025-12-11;11;1147
26;2025-12-11;12;1191
26;2025-12-11;13;1191
26;2025-12-11;14;1362
26;2025-12-11;15;1436
26;2025-12-11;16;1521
26;2025-12-11;17;1765
26;2025-12-11;18;1956
26;2025-12-11;19;1292
26;2025-12-11;20;756
26;2025-12-11;21;496
26;2025-12-11;22;210
26;2025-12-11;23;128
26;2025-12-12;0;32
26;2025-12-12;1;1
26;2025-12-12;2;0
26;2025-12-12;3;0
26;2025-12-12;4;2
26;2025-12-12;5;99
26;2025-12-12;6;484
26;2025-12-12;7;1223
26;2025-12-12;8;2401
26;2025-12-12;9;1592
26;2025-12-12;10;1270
26;2025-12-12;11;1152
26;2025-12-12;12;1194
26;2025-12-12;13;1189
26;2025-12-12;14;1362
26;2025-12-12;15;1430
26;2025-12-12;16;1499
26;2025-12-12;17;1702
26;2025-12-12;18;1765
26;2025-12-12;19;1246
26;2025-12-12;20;753
26;2025-12-12;21;497
26;2025-12-12;22;211
26;2025-12-12;23;128
26;2025-12-13;0;54
26;2025-12-13;1;3
26;2025-12-13;2;0
26;2025-12-13;3;0
26;2025-12-13;4;2
26;2025-12-13;5;51
26;2025-12-13;6;260
26;2025-12-13;7;404
26;2025-12-13;8;681
26;2025-12-13;9;722
26;2025-12-13;10;820
26;2025-12-13;11;1006
26;2025-12-13;12;1050
26;2025-12-13;13;1024
26;2025-12-13;14;1102
26;2025-12-13;15;1007
26;2025-12-13;16;1036
26;2025-12-13;17;940
26;2025-12-13;18;899
26;2025-12-13;19;733
26;2025-12-13;20;508
26;2025-12-13;21;332
26;2025-12-13;22;195
26;2025-12-13;23;147
26;2025-12-14;0;46
26;2025-12-14;1;5
26;2025-12-14;2;0
26;2025-12-14;3;0
26;2025-12-14;4;1
26;2025-12-14;5;20
26;2025-12-14;6;170
26;2025-12-14;7;272
26;2025-12-14;8;410
26;2025-12-14;9;567
26;2025-12-14;10;619
26;2025-12-14;11;821
26;2025-12-14;12;793
26;2025-12-14;13;849
26;2025-12-14;14;833
26;2025-12-14;15;773
26;2025-12-14;16;771
26;2025-12-14;17;775
26;2025-12-14;18;720
26;2025-12-14;19;543
26;2025-12-14;20;411
26;2025-12-14;21;279
26;2025-12-14;22;156
26;2025-12-14;23;94
26;2025-12-15;0;32
26;2025-12-15;1;1
26;2025-12-15;2;0
26;2025-12-15;3;0
26;2025-12-15;4;2
26;2025-12-15;5;98
26;2025-12-15;6;479
26;2025-12-15;7;1210
26;2025-12-15;8;2430
26;2025-12-15;9;1578
26;2025-12-15;10;1245
26;2025-12-15;11;1122
26;2025-12-15;12;1169
26;2025-12-15;13;1164
26;2025-12-15;14;1335
26;2025-12-15;15;1400
26;2025-12-15;16;1488
26;2025-12-15;17;1729
26;2025-12-15;18;1928
26;2025-12-15;19;1270
26;2025-12-15;20;750
26;2025-12-15;21;491
26;2025-12-15;22;207
26;2025-12-15;23;125
26;2025-12-16;0;32
26;2025-12-16;1;1
26;2025-12-16;2;1
26;2025-12-16;3;0
26;2025-12-16;4;2
26;2025-12-16;5;100
26;2025-12-16;6;487
26;2025-12-16;7;1232
26;2025-12-16;8;2464
26;2025-12-16;9;1606
26;2025-12-16;10;1272
26;2025-12-16;11;1144
26;2025-12-16;12;1191
26;2025-12-16;13;1185
26;2025-12-16;14;1361
26;2025-12-16;15;1426
26;2025-12-16;16;1504
26;2025-12-16;17;1741
26;2025-12-16;18;1943
26;2025-12-16;19;1280
26;2025-12-16;20;759
26;2025-12-16;21;498
26;2025-12-16;22;211
26;2025-12-16;23;127
26;2025-12-17;0;32
26;2025-12-17;1;1
26;2025-12-17;2;1
26;2025-12-17;3;0
26;2025-12-17;4;2
26;2025-12-17;5;100
26;2025-12-17;6;488
26;2025-12-17;7;1238
26;2025-12-17;8;2475
26;2025-12-17;9;1616
26;2025-12-17;10;1280
26;2025-12-17;11;1162
26;2025-12-17;12;1204
26;2025-12-17;13;1199
26;2025-12-17;14;1375
26;2025-12-17;15;1443
26;2025-12-17;16;1527
26;2025-12-17;17;1766
26;2025-12-17;18;1956
26;2025-12-17;19;1294
26;2025-12-17;20;765
26;2025-12-17;21;503
26;2025-12-17;22;213
26;2025-12-17;23;130
26;2025-12-18;0;32
26;2025-12-18;1;1
26;2025-12-18;2;1
26;2025-12-18;3;0
26;2025-12-18;4;2
26;2025-12-18;5;100
26;2025-12-18;6;491
26;2025-12-18;7;1242
26;2025-12-18;8;2477
26;2025-12-18;9;1619
26;2025-12-18;10;1278
26;2025-12-18;11;1159
26;2025-12-18;12;1201
26;2025-12-18;13;1207
26;2025-12-18;14;1382
26;2025-12-18;15;1450
26;2025-12-18;16;1535
26;2025-12-18;17;1772
26;2025-12-18;18;1961
26;2025-12-18;19;1300
26;2025-12-18;20;768
26;2025-12-18;21;505
26;2025-12-18;22;214
26;2025-12-18;23;130
26;2025-12-19;0;32
26;2025-12-19;1;1
26;2025-12-19;2;1
26;2025-12-19;3;0
26;2025-12-19;4;2
26;2025-12-19;5;100
26;2025-12-19;6;487
26;2025-12-19;7;1233
26;2025-12-19;8;2418
26;2025-12-19;9;1612
26;2025-12-19;10;1278
26;2025-12-19;11;1162
26;2025-12-19;12;1207
26;2025-12-19;13;1200
26;2025-12-19;14;1378
26;2025-12-19;15;1448
26;2025-12-19;16;1527
26;2025-12-19;17;1764
26;2025-12-19;18;1783
26;2025-12-19;19;1262
26;2025-12-19;20;757
26;2025-12-19;21;499
26;2025-12-19;22;213
26;2025-12-19;23;129
26;2025-12-20;0;55
26;2025-12-20;1;3
26;2025-12-20;2;0
26;2025-12-20;3;0
26;2025-12-20;4;2
26;2025-12-20;5;52
26;2025-12-20;6;265
26;2025-12-20;7;412
26;2025-12-20;8;697
26;2025-12-20;9;738
26;2025-12-20;10;845
26;2025-12-20;11;1044
26;2025-12-20;12;1103
26;2025-12-20;13;1070
26;2025-12-20;14;1159
26;2025-12-20;15;1049
26;2025-12-20;16;1085
26;2025-12-20;17;968
26;2025-12-20;18;918
26;2025-12-20;19;745
26;2025-12-20;20;510
26;2025-12-20;21;334
26;2025-12-20;22;196
26;2025-12-20;23;149
26;2025-12-21;0;47
26;2025-12-21;1;5
26;2025-12-21;2;0
26;2025-12-21;3;0
26;2025-12-21;4;1
26;2025-12-21;5;20
26;2025-12-21;6;167
26;2025-12-21;7;273
26;2025-12-21;8;416
26;2025-12-21;9;578
26;2025-12-21;10;630
26;2025-12-21;11;834
26;2025-12-21;12;814
26;2025-12-21;13;882
26;2025-12-21;14;862
26;2025-12-21;15;793
26;2025-12-21;16;778
26;2025-12-21;17;782
26;2025-12-21;18;728
26;2025-12-21;19;544
26;2025-12-21;20;411
26;2025-12-21;21;281
26;2025-12-21;22;156
26;2025-12-21;23;95
26;2025-12-22;0;32
26;2025-12-22;1;1
26;2025-12-22;2;0
26;2025-12-22;3;0
26;2025-12-22;4;2
26;2025-12-22;5;99
26;2025-12-22;6;482
26;2025-12-22;7;1218
26;2025-12-22;8;2451
26;2025-12-22;9;1587
26;2025-12-22;10;1253
26;2025-12-22;11;1125
26;2025-12-22;12;1165
26;2025-12-22;13;1154
26;2025-12-22;14;1317
26;2025-12-22;15;1394
26;2025-12-22;16;1471
26;2025-12-22;17;1711
26;2025-12-22;18;1916
26;2025-12-22;19;1263
26;2025-12-22;20;750
26;2025-12-22;21;493
26;2025-12-22;22;208
26;2025-12-22;23;125
26;2025-12-23;0;32
26;2025-12-23;1;1
26;2025-12-23;2;0
26;2025-12-23;3;0
26;2025-12-23;4;2
26;2025-12-23;5;99
26;2025-12-23;6;485
26;2025-12-23;7;1215
26;2025-12-23;8;2409
26;2025-12-23;9;1577
26;2025-12-23;10;1254
26;2025-12-23;11;1139
26;2025-12-23;12;1178
26;2025-12-23;13;1173
26;2025-12-23;14;1349
26;2025-12-23;15;1417
26;2025-12-23;16;1498
26;2025-12-23;17;1734
26;2025-12-23;18;1928
26;2025-12-23;19;1279
26;2025-12-23;20;756
26;2025-12-23;21;496
26;2025-12-23;22;209
26;2025-12-23;23;126
26;2025-12-24;0;32
26;2025-12-24;1;1
26;2025-12-24;2;0
26;2025-12-24;3;0
26;2025-12-24;4;2
26;2025-12-24;5;99
26;2025-12-24;6;483
26;2025-12-24;7;1222
26;2025-12-24;8;2436
26;2025-12-24;9;1591
26;2025-12-24;10;1260
26;2025-12-24;11;1138
26;2025-12-24;12;1181
26;2025-12-24;13;1169
26;2025-12-24;14;1340
26;2025-12-24;15;1411
26;2025-12-24;16;1494
26;2025-12-24;17;1731
26;2025-12-24;18;1921
26;2025-12-24;19;1269
26;2025-12-24;20;753
26;2025-12-24;21;495
26;2025-12-24;22;210
26;2025-12-24;23;128
26;2025-12-25;0;32
26;2025-12-25;1;1
26;2025-12-25;2;1
26;2025-12-25;3;0
26;2025-12-25;4;2
26;2025-12-25;5;100
26;2025-12-25;6;490
26;2025-12-25;7;1235
26;2025-12-25;8;2480
26;2025-12-25;9;1603
26;2025-12-25;10;1273
26;2025-12-25;11;1147
26;2025-12-25;12;1195
26;2025-12-25;13;1190
26;2025-12-25;14;1359
26;2025-12-25;15;1426
26;2025-12-25;16;1510
26;2025-12-25;17;1741
26;2025-12-25;18;1932
26;2025-12-25;19;1281
26;2025-12-25;20;764
26;2025-12-25;21;502
26;2025-12-25;22;213
26;2025-12-25;23;130
26;2025-12-26;0;32
26;2025-12-26;1;1
26;2025-12-26;2;0
26;2025-12-26;3;0
26;2025-12-26;4;2
26;2025-12-26;5;98
26;2025-12-26;6;479
26;2025-12-26;7;1203
26;2025-12-26;8;2331
26;2025-12-26;9;1547
26;2025-12-26;10;1227
26;2025-12-26;11;1108
26;2025-12-26;12;1149
26;2025-12-26;13;1144
26;2025-12-26;14;1313
26;2025-12-26;15;1380
26;2025-12-26;16;1449
26;2025-12-26;17;1660
26;2025-12-26;18;1755
26;2025-12-26;19;1234
26;2025-12-26;20;737
26;2025-12-26;21;489
26;2025-12-26;22;208
26;2025-12-26;23;126
26;2025-12-27;0;52
26;2025-12-27;1;3
26;2025-12-27;2;0
26;2025-12-27;3;0
26;2025-12-27;4;2
26;2025-12-27;5;49
26;2025-12-27;6;250
26;2025-12-27;7;388
26;2025-12-27;8;663
26;2025-12-27;9;704
26;2025-12-27;10;804
26;2025-12-27;11;988
26;2025-12-27;12;1045
26;2025-12-27;13;1012
26;2025-12-27;14;1101
26;2025-12-27;15;993
26;2025-12-27;16;1030
26;2025-12-27;17;921
26;2025-12-27;18;874
26;2025-12-27;19;712
26;2025-12-27;20;492
26;2025-12-27;21;321
26;2025-12-27;22;184
26;2025-12-27;23;142
26;2025-12-28;0;45
26;2025-12-28;1;5
26;2025-12-28;2;0
26;2025-12-28;3;0
26;2025-12-28;4;1
26;2025-12-28;5;19
26;2025-12-28;6;162
26;2025-12-28;7;255
26;2025-12-28;8;385
26;2025-12-28;9;544
26;2025-12-28;10;597
26;2025-12-28;11;790
26;2025-12-28;12;774
26;2025-12-28;13;834
26;2025-12-28;14;815
26;2025-12-28;15;749
26;2025-12-28;16;741
26;2025-12-28;17;744
26;2025-12-28;18;692
26;2025-12-28;19;516
26;2025-12-28;20;394
26;2025-12-28;21;268
26;2025-12-28;22;149
26;2025-12-28;23;91
26;2025-12-29;0;31
26;2025-12-29;1;1
26;2025-12-29;2;0
26;2025-12-29;3;0
26;2025-12-29;4;2
26;2025-12-29;5;95
26;2025-12-29;6;465
26;2025-12-29;7;1177
26;2025-12-29;8;2367
26;2025-12-29;9;1533
26;2025-12-29;10;1210
26;2025-12-29;11;1087
26;2025-12-29;12;1135
26;2025-12-29;13;1130
26;2025-12-29;14;1296
26;2025-12-29;15;1358
26;2025-12-29;16;1444
26;2025-12-29;17;1677
26;2025-12-29;18;1873
26;2025-12-29;19;1231
26;2025-12-29;20;728
26;2025-12-29;21;477
26;2025-12-29;22;201
26;2025-12-29;23;120
26;2025-12-30;0;31
26;2025-12-30;1;1
26;2025-12-30;2;1
26;2025-12-30;3;0
26;2025-12-30;4;2
26;2025-12-30;5;96
26;2025-12-30;6;470
26;2025-12-30;7;1190
26;2025-12-30;8;2374
26;2025-12-30;9;1555
26;2025-12-30;10;1232
26;2025-12-30;11;1109
26;2025-12-30;12;1155
26;2025-12-30;13;1149
26;2025-12-30;14;1320
26;2025-12-30;15;1385
26;2025-12-30;16;1464
26;2025-12-30;17;1689
26;2025-12-30;18;1797
26;2025-12-30;19;1221
26;2025-12-30;20;730
26;2025-12-30;21;481
26;2025-12-30;22;204
26;2025-12-30;23;122
26;2025-12-31;0;46
26;2025-12-31;1;5
26;2025-12-31;2;0
26;2025-12-31;3;0
26;2025-12-31;4;1
26;2025-12-31;5;20
26;2025-12-31;6;167
26;2025-12-31;7;266
26;2025-12-31;8;395
26;2025-12-31;9;541
26;2025-12-31;10;588
26;2025-12-31;11;782
26;2025-12-31;12;772
26;2025-12-31;13;831
26;2025-12-31;14;809
26;2025-12-31;15;741
26;2025-12-31;16;730
26;2025-12-31;17;732
26;2025-12-31;18;688
26;2025-12-31;19;508
26;2025-12-31;20;403
26;2025-12-31;21;275
26;2025-12-31;22;153
26;2025-12-31;23;93
28;2025-11-01;0;3
28;2025-11-01;1;1
28;2025-11-01;2;0
28;2025-11-01;3;0
28;2025-11-01;4;2
28;2025-11-01;5;73
28;2025-11-01;6;257
28;2025-11-01;7;854
28;2025-11-01;8;1359
28;2025-11-01;9;870
28;2025-11-01;10;611
28;2025-11-01;11;567
28;2025-11-01;12;706
28;2025-11-01;13;683
28;2025-11-01;14;654
28;2025-11-01;15;690
28;2025-11-01;16;914
28;2025-11-01;17;1020
28;2025-11-01;18;956
28;2025-11-01;19;765
28;2025-11-01;20;504
28;2025-11-01;21;294
28;2025-11-01;22;110
28;2025-11-01;23;13
28;2025-11-02;0;0
28;2025-11-02;1;0
28;2025-11-02;2;0
28;2025-11-02;3;0
28;2025-11-02;4;0
28;2025-11-02;5;33
28;2025-11-02;6;87
28;2025-11-02;7;177
28;2025-11-02;8;277
28;2025-11-02;9;413
28;2025-11-02;10;431
28;2025-11-02;11;453
28;2025-11-02;12;464
28;2025-11-02;13;582
28;2025-11-02;14;537
28;2025-11-02;15;545
28;2025-11-02;16;475
28;2025-11-02;17;511
28;2025-11-02;18;433
28;2025-11-02;19;419
28;2025-11-02;20;294
28;2025-11-02;21;238
28;2025-11-02;22;107
28;2025-11-02;23;15
28;2025-11-03;0;0
28;2025-11-03;1;0
28;2025-11-03;2;0
28;2025-11-03;3;0
28;2025-11-03;4;0
28;2025-11-03;5;32
28;2025-11-03;6;85
28;2025-11-03;7;174
28;2025-11-03;8;275
28;2025-11-03;9;388
28;2025-11-03;10;418
28;2025-11-03;11;431
28;2025-11-03;12;440
28;2025-11-03;13;559
28;2025-11-03;14;513
28;2025-11-03;15;520
28;2025-11-03;16;450
28;2025-11-03;17;492
28;2025-11-03;18;409
28;2025-11-03;19;392
28;2025-11-03;20;287
28;2025-11-03;21;231
28;2025-11-03;22;104
28;2025-11-03;23;15
28;2025-11-04;0;0
28;2025-11-04;1;0
28;2025-11-04;2;0
28;2025-11-04;3;0
28;2025-11-04;4;0
28;2025-11-04;5;33
28;2025-11-04;6;86
28;2025-11-04;7;177
28;2025-11-04;8;277
28;2025-11-04;9;393
28;2025-11-04;10;421
28;2025-11-04;11;439
28;2025-11-04;12;450
28;2025-11-04;13;580
28;2025-11-04;14;536
28;2025-11-04;15;544
28;2025-11-04;16;468
28;2025-11-04;17;503
28;2025-11-04;18;417
28;2025-11-04;19;402
28;2025-11-04;20;294
28;2025-11-04;21;238
28;2025-11-04;22;106
28;2025-11-04;23;15
28;2025-11-05;0;4
28;2025-11-05;1;1
28;2025-11-05;2;0
28;2025-11-05;3;0
28;2025-11-05;4;2
28;2025-11-05;5;79
28;2025-11-05;6;278
28;2025-11-05;7;907
28;2025-11-05;8;1537
28;2025-11-05;9;956
28;2025-11-05;10;674
28;2025-11-05;11;617
28;2025-11-05;12;763
28;2025-11-05;13;743
28;2025-11-05;14;717
28;2025-11-05;15;757
28;2025-11-05;16;1000
28;2025-11-05;17;1124
28;2025-11-05;18;1073
28;2025-11-05;19;805
28;2025-11-05;20;544
28;2025-11-05;21;315
28;2025-11-05;22;116
28;2025-11-05;23;13
28;2025-11-06;0;4
28;2025-11-06;1;1
28;2025-11-06;2;0
28;2025-11-06;3;0
28;2025-11-06;4;2
28;2025-11-06;5;79
28;2025-11-06;6;276
28;2025-11-06;7;899
28;2025-11-06;8;1556
28;2025-11-06;9;947
28;2025-11-06;10;669
28;2025-11-06;11;614
28;2025-11-06;12;761
28;2025-11-06;13;739
28;2025-11-06;14;711
28;2025-11-06;15;742
28;2025-11-06;16;981
28;2025-11-06;17;1104
28;2025-11-06;18;1054
28;2025-11-06;19;792
28;2025-11-06;20;536
28;2025-11-06;21;312
28;2025-11-06;22;115
28;2025-11-06;23;13
28;2025-11-07;0;4
28;2025-11-07;1;1
28;2025-11-07;2;0
28;2025-11-07;3;0
28;2025-11-07;4;2
28;2025-11-07;5;80
28;2025-11-07;6;282
28;2025-11-07;7;917
28;2025-11-07;8;1535
28;2025-11-07;9;963
28;2025-11-07;10;687
28;2025-11-07;11;637
28;2025-11-07;12;781
28;2025-11-07;13;757
28;2025-11-07;14;727
28;2025-11-07;15;768
28;2025-11-07;16;1006
28;2025-11-07;17;1137
28;2025-11-07;18;1037
28;2025-11-07;19;790
28;2025-11-07;20;545
28;2025-11-07;21;316
28;2025-11-07;22;117
28;2025-11-07;23;13
28;2025-11-08;0;1
28;2025-11-08;1;0
28;2025-11-08;2;0
28;2025-11-08;3;0
28;2025-11-08;4;1
28;2025-11-08;5;43
28;2025-11-08;6;116
28;2025-11-08;7;265
28;2025-11-08;8;476
28;2025-11-08;9;525
28;2025-11-08;10;531
28;2025-11-08;11;531
28;2025-11-08;12;616
28;2025-11-08;13;612
28;2025-11-08;14;630
28;2025-11-08;15;648
28;2025-11-08;16;593
28;2025-11-08;17;590
28;2025-11-08;18;515
28;2025-11-08;19;413
28;2025-11-08;20;275
28;2025-11-08;21;245
28;2025-11-08;22;95
28;2025-11-08;23;9
28;2025-11-09;0;0
28;2025-11-09;1;0
28;2025-11-09;2;0
28;2025-11-09;3;0
28;2025-11-09;4;0
28;2025-11-09;5;32
28;2025-11-09;6;85
28;2025-11-09;7;175
28;2025-11-09;8;282
28;2025-11-09;9;419
28;2025-11-09;10;436
28;2025-11-09;11;458
28;2025-11-09;12;469
28;2025-11-09;13;590
28;2025-11-09;14;541
28;2025-11-09;15;549
28;2025-11-09;16;481
28;2025-11-09;17;518
28;2025-11-09;18;436
28;2025-11-09;19;419
28;2025-11-09;20;293
28;2025-11-09;21;237
28;2025-11-09;22;105
28;2025-11-09;23;15
28;2025-11-10;0;3
28;2025-11-10;1;1
28;2025-11-10;2;0
28;2025-11-10;3;0
28;2025-11-10;4;2
28;2025-11-10;5;78
28;2025-11-10;6;275
28;2025-11-10;7;902
28;2025-11-10;8;1524
28;2025-11-10;9;948
28;2025-11-10;10;666
28;2025-11-10;11;614
28;2025-11-10;12;764
28;2025-11-10;13;740
28;2025-11-10;14;711
28;2025-11-10;15;750
28;2025-11-10;16;988
28;2025-11-10;17;1118
28;2025-11-10;18;1076
28;2025-11-10;19;804
28;2025-11-10;20;543
28;2025-11-10;21;312
28;2025-11-10;22;115
28;2025-11-10;23;13
28;2025-11-11;0;4
28;2025-11-11;1;1
28;2025-11-11;2;0
28;2025-11-11;3;0
28;2025-11-11;4;2
28;2025-11-11;5;80
28;2025-11-11;6;279
28;2025-11-11;7;914
28;2025-11-11;8;1548
28;2025-11-11;9;963
28;2025-11-11;10;680
28;2025-11-11;11;631
28;2025-11-11;12;780
28;2025-11-11;13;755
28;2025-11-11;14;723
28;2025-11-11;15;760
28;2025-11-11;16;1004
28;2025-11-11;17;1132
28;2025-11-11;18;1086
28;2025-11-11;19;814
28;2025-11-11;20;551
28;2025-11-11;21;318
28;2025-11-11;22;117
28;2025-11-11;23;13
28;2025-11-12;0;4
28;2025-11-12;1;1
28;2025-11-12;2;0
28;2025-11-12;3;0
28;2025-11-12;4;2
28;2025-11-12;5;79
28;2025-11-12;6;278
28;2025-11-12;7;902
28;2025-11-12;8;1525
28;2025-11-12;9;951
28;2025-11-12;10;672
28;2025-11-12;11;618
28;2025-11-12;12;766
28;2025-11-12;13;742
28;2025-11-12;14;713
28;2025-11-12;15;750
28;2025-11-12;16;988
28;2025-11-12;17;1113
28;2025-11-12;18;1070
28;2025-11-12;19;803
28;2025-11-12;20;546
28;2025-11-12;21;316
28;2025-11-12;22;116
28;2025-11-12;23;13
28;2025-11-13;0;4
28;2025-11-13;1;1
28;2025-11-13;2;0
28;2025-11-13;3;0
28;2025-11-13;4;2
28;2025-11-13;5;79
28;2025-11-13;6;278
28;2025-11-13;7;908
28;2025-11-13;8;1550
28;2025-11-13;9;958
28;2025-11-13;10;676
28;2025-11-13;11;626
28;2025-11-13;12;772
28;2025-11-13;13;747
28;2025-11-13;14;717
28;2025-11-13;15;754
28;2025-11-13;16;991
28;2025-11-13;17;1114
28;2025-11-13;18;1070
28;2025-11-13;19;800
28;2025-11-13;20;543
28;2025-11-13;21;314
28;2025-11-13;22;116
28;2025-11-13;23;13
28;2025-11-14;0;3
28;2025-11-14;1;1
28;2025-11-14;2;0
28;2025-11-14;3;0
28;2025-11-14;4;2
28;2025-11-14;5;78
28;2025-11-14;6;275
28;2025-11-14;7;888
28;2025-11-14;8;1477
28;2025-11-14;9;937
28;2025-11-14;10;665
28;2025-11-14;11;616
28;2025-11-14;12;761
28;2025-11-14;13;735
28;2025-11-14;14;707
28;2025-11-14;15;748
28;2025-11-14;16;982
28;2025-11-14;17;1090
28;2025-11-14;18;1014
28;2025-11-14;19;783
28;2025-11-14;20;538
28;2025-11-14;21;312
28;2025-11-14;22;116
28;2025-11-14;23;13
28;2025-11-15;0;1
28;2025-11-15;1;0
28;2025-11-15;2;0
28;2025-11-15;3;0
28;2025-11-15;4;1
28;2025-11-15;5;41
28;2025-11-15;6;112
28;2025-11-15;7;257
28;2025-11-15;8;453
28;2025-11-15;9;504
28;2025-11-15;10;504
28;2025-11-15;11;499
28;2025-11-15;12;586
28;2025-11-15;13;582
28;2025-11-15;14;593
28;2025-11-15;15;607
28;2025-11-15;16;557
28;2025-11-15;17;551
28;2025-11-15;18;489
28;2025-11-15;19;393
28;2025-11-15;20;267
28;2025-11-15;21;241
28;2025-11-15;22;93
28;2025-11-15;23;9
28;2025-11-16;0;0
28;2025-11-16;1;0
28;2025-11-16;2;0
28;2025-11-16;3;0
28;2025-11-16;4;0
28;2025-11-16;5;32
28;2025-11-16;6;85
28;2025-11-16;7;174
28;2025-11-16;8;279
28;2025-11-16;9;415
28;2025-11-16;10;433
28;2025-11-16;11;455
28;2025-11-16;12;467
28;2025-11-16;13;587
28;2025-11-16;14;539
28;2025-11-16;15;548
28;2025-11-16;16;477
28;2025-11-16;17;513
28;2025-11-16;18;433
28;2025-11-16;19;419
28;2025-11-16;20;295
28;2025-11-16;21;239
28;2025-11-16;22;106
28;2025-11-16;23;15
28;2025-11-17;0;3
28;2025-11-17;1;1
28;2025-11-17;2;0
28;2025-11-17;3;0
28;2025-11-17;4;2
28;2025-11-17;5;78
28;2025-11-17;6;274
28;2025-11-17;7;883
28;2025-11-17;8;1498
28;2025-11-17;9;927
28;2025-11-17;10;651
28;2025-11-17;11;600
28;2025-11-17;12;746
28;2025-11-17;13;721
28;2025-11-17;14;693
28;2025-11-17;15;730
28;2025-11-17;16;961
28;2025-11-17;17;1088
28;2025-11-17;18;1056
28;2025-11-17;19;799
28;2025-11-17;20;544
28;2025-11-17;21;313
28;2025-11-17;22;115
28;2025-11-17;23;13
28;2025-11-18;0;3
28;2025-11-18;1;1
28;2025-11-18;2;0
28;2025-11-18;3;0
28;2025-11-18;4;2
28;2025-11-18;5;77
28;2025-11-18;6;269
28;2025-11-18;7;862
28;2025-11-18;8;1493
28;2025-11-18;9;902
28;2025-11-18;10;636
28;2025-11-18;11;587
28;2025-11-18;12;724
28;2025-11-18;13;702
28;2025-11-18;14;672
28;2025-11-18;15;708
28;2025-11-18;16;937
28;2025-11-18;17;1055
28;2025-11-18;18;1015
28;2025-11-18;19;766
28;2025-11-18;20;524
28;2025-11-18;21;303
28;2025-11-18;22;111
28;2025-11-18;23;13
28;2025-11-19;0;4
28;2025-11-19;1;1
28;2025-11-19;2;0
28;2025-11-19;3;0
28;2025-11-19;4;2
28;2025-11-19;5;79
28;2025-11-19;6;278
28;2025-11-19;7;908
28;2025-11-19;8;1529
28;2025-11-19;9;953
28;2025-11-19;10;670
28;2025-11-19;11;620
28;2025-11-19;12;769
28;2025-11-19;13;746
28;2025-11-19;14;715
28;2025-11-19;15;752
28;2025-11-19;16;992
28;2025-11-19;17;1119
28;2025-11-19;18;1076
28;2025-11-19;19;815
28;2025-11-19;20;555
28;2025-11-19;21;321
28;2025-11-19;22;118
28;2025-11-19;23;14
28;2025-11-20;0;4
28;2025-11-20;1;1
28;2025-11-20;2;0
28;2025-11-20;3;0
28;2025-11-20;4;2
28;2025-11-20;5;79
28;2025-11-20;6;278
28;2025-11-20;7;908
28;2025-11-20;8;1533
28;2025-11-20;9;958
28;2025-11-20;10;676
28;2025-11-20;11;626
28;2025-11-20;12;772
28;2025-11-20;13;747
28;2025-11-20;14;717
28;2025-11-20;15;754
28;2025-11-20;16;997
28;2025-11-20;17;1124
28;2025-11-20;18;1080
28;2025-11-20;19;808
28;2025-11-20;20;548
28;2025-11-20;21;317
28;2025-11-20;22;117
28;2025-11-20;23;13
28;2025-11-21;0;4
28;2025-11-21;1;1
28;2025-11-21;2;0
28;2025-11-21;3;0
28;2025-11-21;4;2
28;2025-11-21;5;79
28;2025-11-21;6;277
28;2025-11-21;7;900
28;2025-11-21;8;1477
28;2025-11-21;9;946
28;2025-11-21;10;670
28;2025-11-21;11;620
28;2025-11-21;12;767
28;2025-11-21;13;743
28;2025-11-21;14;713
28;2025-11-21;15;751
28;2025-11-21;16;986
28;2025-11-21;17;1104
28;2025-11-21;18;1026
28;2025-11-21;19;791
28;2025-11-21;20;546
28;2025-11-21;21;318
28;2025-11-21;22;118
28;2025-11-21;23;14
28;2025-11-22;0;1
28;2025-11-22;1;0
28;2025-11-22;2;0
28;2025-11-22;3;0
28;2025-11-22;4;1
28;2025-11-22;5;42
28;2025-11-22;6;114
28;2025-11-22;7;267
28;2025-11-22;8;477
28;2025-11-22;9;527
28;2025-11-22;10;534
28;2025-11-22;11;529
28;2025-11-22;12;621
28;2025-11-22;13;610
28;2025-11-22;14;624
28;2025-11-22;15;637
28;2025-11-22;16;586
28;2025-11-22;17;582
28;2025-11-22;18;511
28;2025-11-22;19;408
28;2025-11-22;20;275
28;2025-11-22;21;240
28;2025-11-22;22;94
28;2025-11-22;23;9
28;2025-11-23;0;0
28;2025-11-23;1;0
28;2025-11-23;2;0
28;2025-11-23;3;0
28;2025-11-23;4;0
28;2025-11-23;5;32
28;2025-11-23;6;84
28;2025-11-23;7;173
28;2025-11-23;8;278
28;2025-11-23;9;413
28;2025-11-23;10;430
28;2025-11-23;11;453
28;2025-11-23;12;464
28;2025-11-23;13;583
28;2025-11-23;14;537
28;2025-11-23;15;545
28;2025-11-23;16;475
28;2025-11-23;17;511
28;2025-11-23;18;432
28;2025-11-23;19;418
28;2025-11-23;20;294
28;2025-11-23;21;238
28;2025-11-23;22;105
28;2025-11-23;23;15
28;2025-11-24;0;3
28;2025-11-24;1;1
28;2025-11-24;2;0
28;2025-11-24;3;0
28;2025-11-24;4;2
28;2025-11-24;5;78
28;2025-11-24;6;272
28;2025-11-24;7;876
28;2025-11-24;8;1493
28;2025-11-24;9;921
28;2025-11-24;10;644
28;2025-11-24;11;591
28;2025-11-24;12;736
28;2025-11-24;13;711
28;2025-11-24;14;682
28;2025-11-24;15;721
28;2025-11-24;16;946
28;2025-11-24;17;1069
28;2025-11-24;18;1038
28;2025-11-24;19;779
28;2025-11-24;20;530
28;2025-11-24;21;305
28;2025-11-24;22;112
28;2025-11-24;23;13
28;2025-11-25;0;4
28;2025-11-25;1;1
28;2025-11-25;2;0
28;2025-11-25;3;0
28;2025-11-25;4;2
28;2025-11-25;5;79
28;2025-11-25;6;278
28;2025-11-25;7;903
28;2025-11-25;8;1538
28;2025-11-25;9;951
28;2025-11-25;10;672
28;2025-11-25;11;623
28;2025-11-25;12;769
28;2025-11-25;13;747
28;2025-11-25;14;716
28;2025-11-25;15;752
28;2025-11-25;16;991
28;2025-11-25;17;1118
28;2025-11-25;18;1073
28;2025-11-25;19;812
28;2025-11-25;20;554
28;2025-11-25;21;319
28;2025-11-25;22;117
28;2025-11-25;23;14
28;2025-11-26;0;4
28;2025-11-26;1;1
28;2025-11-26;2;0
28;2025-11-26;3;0
28;2025-11-26;4;2
28;2025-11-26;5;79
28;2025-11-26;6;278
28;2025-11-26;7;900
28;2025-11-26;8;1520
28;2025-11-26;9;943
28;2025-11-26;10;667
28;2025-11-26;11;612
28;2025-11-26;12;757
28;2025-11-26;13;734
28;2025-11-26;14;703
28;2025-11-26;15;740
28;2025-11-26;16;976
28;2025-11-26;17;1101
28;2025-11-26;18;1066
28;2025-11-26;19;806
28;2025-11-26;20;551
28;2025-11-26;21;319
28;2025-11-26;22;117
28;2025-11-26;23;14
28;2025-11-27;0;4
28;2025-11-27;1;1
28;2025-11-27;2;0
28;2025-11-27;3;0
28;2025-11-27;4;2
28;2025-11-27;5;79
28;2025-11-27;6;278
28;2025-11-27;7;908
28;2025-11-27;8;1548
28;2025-11-27;9;951
28;2025-11-27;10;671
28;2025-11-27;11;618
28;2025-11-27;12;766
28;2025-11-27;13;742
28;2025-11-27;14;712
28;2025-11-27;15;749
28;2025-11-27;16;989
28;2025-11-27;17;1115
28;2025-11-27;18;1069
28;2025-11-27;19;803
28;2025-11-27;20;544
28;2025-11-27;21;315
28;2025-11-27;22;116
28;2025-11-27;23;13
28;2025-11-28;0;4
28;2025-11-28;1;1
28;2025-11-28;2;0
28;2025-11-28;3;0
28;2025-11-28;4;2
28;2025-11-28;5;79
28;2025-11-28;6;277
28;2025-11-28;7;900
28;2025-11-28;8;1503
28;2025-11-28;9;948
28;2025-11-28;10;673
28;2025-11-28;11;622
28;2025-11-28;12;766
28;2025-11-28;13;746
28;2025-11-28;14;717
28;2025-11-28;15;755
28;2025-11-28;16;992
28;2025-11-28;17;1117
28;2025-11-28;18;1034
28;2025-11-28;19;785
28;2025-11-28;20;538
28;2025-11-28;21;313
28;2025-11-28;22;116
28;2025-11-28;23;13
28;2025-11-29;0;1
28;2025-11-29;1;0
28;2025-11-29;2;0
28;2025-11-29;3;0
28;2025-11-29;4;1
28;2025-11-29;5;43
28;2025-11-29;6;117
28;2025-11-29;7;268
28;2025-11-29;8;481
28;2025-11-29;9;531
28;2025-11-29;10;537
28;2025-11-29;11;534
28;2025-11-29;12;634
28;2025-11-29;13;619
28;2025-11-29;14;635
28;2025-11-29;15;648
28;2025-11-29;16;595
28;2025-11-29;17;591
28;2025-11-29;18;519
28;2025-11-29;19;417
28;2025-11-29;20;278
28;2025-11-29;21;248
28;2025-11-29;22;96
28;2025-11-29;23;9
28;2025-11-30;0;0
28;2025-11-30;1;0
28;2025-11-30;2;0
28;2025-11-30;3;0
28;2025-11-30;4;0
28;2025-11-30;5;32
28;2025-11-30;6;85
28;2025-11-30;7;174
28;2025-11-30;8;280
28;2025-11-30;9;418
28;2025-11-30;10;435
28;2025-11-30;11;457
28;2025-11-30;12;469
28;2025-11-30;13;590
28;2025-11-30;14;542
28;2025-11-30;15;550
28;2025-11-30;16;479
28;2025-11-30;17;517
28;2025-11-30;18;436
28;2025-11-30;19;419
28;2025-11-30;20;293
28;2025-11-30;21;236
28;2025-11-30;22;105
28;2025-11-30;23;15
28;2025-12-01;0;4
28;2025-12-01;1;1
28;2025-12-01;2;0
28;2025-12-01;3;0
28;2025-12-01;4;2
28;2025-12-01;5;78
28;2025-12-01;6;273
28;2025-12-01;7;896
28;2025-12-01;8;1510
28;2025-12-01;9;941
28;2025-12-01;10;661
28;2025-12-01;11;610
28;2025-12-01;12;759
28;2025-12-01;13;734
28;2025-12-01;14;706
28;2025-12-01;15;743
28;2025-12-01;16;978
28;2025-12-01;17;1107
28;2025-12-01;18;1068
28;2025-12-01;19;798
28;2025-12-01;20;539
28;2025-12-01;21;310
28;2025-12-01;22;114
28;2025-12-01;23;13
28;2025-12-02;0;4
28;2025-12-02;1;1
28;2025-12-02;2;0
28;2025-12-02;3;0
28;2025-12-02;4;2
28;2025-12-02;5;79
28;2025-12-02;6;277
28;2025-12-02;7;906
28;2025-12-02;8;1537
28;2025-12-02;9;956
28;2025-12-02;10;675
28;2025-12-02;11;625
28;2025-12-02;12;773
28;2025-12-02;13;748
28;2025-12-02;14;717
28;2025-12-02;15;755
28;2025-12-02;16;994
28;2025-12-02;17;1122
28;2025-12-02;18;1076
28;2025-12-02;19;808
28;2025-12-02;20;546
28;2025-12-02;21;315
28;2025-12-02;22;115
28;2025-12-02;23;13
28;2025-12-03;0;4
28;2025-12-03;1;1
28;2025-12-03;2;0
28;2025-12-03;3;0
28;2025-12-03;4;2
28;2025-12-03;5;80
28;2025-12-03;6;277
28;2025-12-03;7;908
28;2025-12-03;8;1526
28;2025-12-03;9;959
28;2025-12-03;10;677
28;2025-12-03;11;627
28;2025-12-03;12;774
28;2025-12-03;13;749
28;2025-12-03;14;718
28;2025-12-03;15;757
28;2025-12-03;16;998
28;2025-12-03;17;1124
28;2025-12-03;18;1079
28;2025-12-03;19;809
28;2025-12-03;20;547
28;2025-12-03;21;317
28;2025-12-03;22;116
28;2025-12-03;23;13
28;2025-12-04;0;4
28;2025-12-04;1;1
28;2025-12-04;2;0
28;2025-12-04;3;0
28;2025-12-04;4;2
28;2025-12-04;5;80
28;2025-12-04;6;277
28;2025-12-04;7;908
28;2025-12-04;8;1539
28;2025-12-04;9;958
28;2025-12-04;10;676
28;2025-12-04;11;625
28;2025-12-04;12;773
28;2025-12-04;13;748
28;2025-12-04;14;719
28;2025-12-04;15;756
28;2025-12-04;16;996
28;2025-12-04;17;1123
28;2025-12-04;18;1078
28;2025-12-04;19;808
28;2025-12-04;20;547
28;2025-12-04;21;317
28;2025-12-04;22;116
28;2025-12-04;23;14
28;2025-12-05;0;4
28;2025-12-05;1;1
28;2025-12-05;2;0
28;2025-12-05;3;0
28;2025-12-05;4;2
28;2025-12-05;5;79
28;2025-12-05;6;276
28;2025-12-05;7;903
28;2025-12-05;8;1487
28;2025-12-05;9;953
28;2025-12-05;10;674
28;2025-12-05;11;627
28;2025-12-05;12;775
28;2025-12-05;13;751
28;2025-12-05;14;722
28;2025-12-05;15;762
28;2025-12-05;16;999
28;2025-12-05;17;1122
28;2025-12-05;18;1035
28;2025-12-05;19;788
28;2025-12-05;20;541
28;2025-12-05;21;314
28;2025-12-05;22;116
28;2025-12-05;23;13
28;2025-12-06;0;1
28;2025-12-06;1;0
28;2025-12-06;2;0
28;2025-12-06;3;0
28;2025-12-06;4;1
28;2025-12-06;5;43
28;2025-12-06;6;118
28;2025-12-06;7;271
28;2025-12-06;8;487
28;2025-12-06;9;539
28;2025-12-06;10;545
28;2025-12-06;11;542
28;2025-12-06;12;642
28;2025-12-06;13;629
28;2025-12-06;14;646
28;2025-12-06;15;659
28;2025-12-06;16;603
28;2025-12-06;17;598
28;2025-12-06;18;525
28;2025-12-06;19;423
28;2025-12-06;20;281
28;2025-12-06;21;251
28;2025-12-06;22;97
28;2025-12-06;23;9
28;2025-12-07;0;0
28;2025-12-07;1;0
28;2025-12-07;2;0
28;2025-12-07;3;0
28;2025-12-07;4;0
28;2025-12-07;5;32
28;2025-12-07;6;86
28;2025-12-07;7;178
28;2025-12-07;8;287
28;2025-12-07;9;425
28;2025-12-07;10;444
28;2025-12-07;11;466
28;2025-12-07;12;477
28;2025-12-07;13;601
28;2025-12-07;14;553
28;2025-12-07;15;562
28;2025-12-07;16;489
28;2025-12-07;17;527
28;2025-12-07;18;444
28;2025-12-07;19;427
28;2025-12-07;20;299
28;2025-12-07;21;242
28;2025-12-07;22;107
28;2025-12-07;23;15
28;2025-12-08;0;3
28;2025-12-08;1;1
28;2025-12-08;2;0
28;2025-12-08;3;0
28;2025-12-08;4;2
28;2025-12-08;5;78
28;2025-12-08;6;273
28;2025-12-08;7;896
28;2025-12-08;8;1511
28;2025-12-08;9;941
28;2025-12-08;10;661
28;2025-12-08;11;610
28;2025-12-08;12;757
28;2025-12-08;13;730
28;2025-12-08;14;702
28;2025-12-08;15;743
28;2025-12-08;16;978
28;2025-12-08;17;1103
28;2025-12-08;18;1064
28;2025-12-08;19;797
28;2025-12-08;20;539
28;2025-12-08;21;310
28;2025-12-08;22;113
28;2025-12-08;23;13
28;2025-12-09;0;4
28;2025-12-09;1;1
28;2025-12-09;2;0
28;2025-12-09;3;0
28;2025-12-09;4;2
28;2025-12-09;5;78
28;2025-12-09;6;274
28;2025-12-09;7;886
28;2025-12-09;8;1505
28;2025-12-09;9;932
28;2025-12-09;10;658
28;2025-12-09;11;609
28;2025-12-09;12;746
28;2025-12-09;13;725
28;2025-12-09;14;696
28;2025-12-09;15;733
28;2025-12-09;16;972
28;2025-12-09;17;1086
28;2025-12-09;18;1047
28;2025-12-09;19;792
28;2025-12-09;20;539
28;2025-12-09;21;311
28;2025-12-09;22;114
28;2025-12-09;23;13
28;2025-12-10;0;4
28;2025-12-10;1;1
28;2025-12-10;2;0
28;2025-12-10;3;0
28;2025-12-10;4;2
28;2025-12-10;5;79
28;2025-12-10;6;276
28;2025-12-10;7;895
28;2025-12-10;8;1510
28;2025-12-10;9;938
28;2025-12-10;10;663
28;2025-12-10;11;613
28;2025-12-10;12;756
28;2025-12-10;13;731
28;2025-12-10;14;700
28;2025-12-10;15;737
28;2025-12-10;16;973
28;2025-12-10;17;1098
28;2025-12-10;18;1060
28;2025-12-10;19;801
28;2025-12-10;20;547
28;2025-12-10;21;318
28;2025-12-10;22;116
28;2025-12-10;23;14
28;2025-12-11;0;4
28;2025-12-11;1;1
28;2025-12-11;2;0
28;2025-12-11;3;0
28;2025-12-11;4;2
28;2025-12-11;5;79
28;2025-12-11;6;276
28;2025-12-11;7;890
28;2025-12-11;8;1533
28;2025-12-11;9;939
28;2025-12-11;10;664
28;2025-12-11;11;609
28;2025-12-11;12;755
28;2025-12-11;13;731
28;2025-12-11;14;701
28;2025-12-11;15;739
28;2025-12-11;16;976
28;2025-12-11;17;1101
28;2025-12-11;18;1059
28;2025-12-11;19;805
28;2025-12-11;20;543
28;2025-12-11;21;314
28;2025-12-11;22;115
28;2025-12-11;23;13
28;2025-12-12;0;3
28;2025-12-12;1;1
28;2025-12-12;2;0
28;2025-12-12;3;0
28;2025-12-12;4;2
28;2025-12-12;5;78
28;2025-12-12;6;273
28;2025-12-12;7;883
28;2025-12-12;8;1475
28;2025-12-12;9;934
28;2025-12-12;10;661
28;2025-12-12;11;612
28;2025-12-12;12;758
28;2025-12-12;13;733
28;2025-12-12;14;703
28;2025-12-12;15;736
28;2025-12-12;16;966
28;2025-12-12;17;1067
28;2025-12-12;18;1006
28;2025-12-12;19;777
28;2025-12-12;20;540
28;2025-12-12;21;314
28;2025-12-12;22;115
28;2025-12-12;23;13
28;2025-12-13;0;1
28;2025-12-13;1;0
28;2025-12-13;2;0
28;2025-12-13;3;0
28;2025-12-13;4;1
28;2025-12-13;5;42
28;2025-12-13;6;116
28;2025-12-13;7;265
28;2025-12-13;8;469
28;2025-12-13;9;519
28;2025-12-13;10;522
28;2025-12-13;11;518
28;2025-12-13;12;607
28;2025-12-13;13;596
28;2025-12-13;14;610
28;2025-12-13;15;621
28;2025-12-13;16;576
28;2025-12-13;17;574
28;2025-12-13;18;509
28;2025-12-13;19;415
28;2025-12-13;20;277
28;2025-12-13;21;247
28;2025-12-13;22;96
28;2025-12-13;23;9
28;2025-12-14;0;0
28;2025-12-14;1;0
28;2025-12-14;2;0
28;2025-12-14;3;0
28;2025-12-14;4;0
28;2025-12-14;5;31
28;2025-12-14;6;84
28;2025-12-14;7;174
28;2025-12-14;8;277
28;2025-12-14;9;411
28;2025-12-14;10;428
28;2025-12-14;11;449
28;2025-12-14;12;455
28;2025-12-14;13;563
28;2025-12-14;14;518
28;2025-12-14;15;526
28;2025-12-14;16;473
28;2025-12-14;17;507
28;2025-12-14;18;432
28;2025-12-14;19;418
28;2025-12-14;20;294
28;2025-12-14;21;238
28;2025-12-14;22;105
28;2025-12-14;23;15
28;2025-12-15;0;3
28;2025-12-15;1;1
28;2025-12-15;2;0
28;2025-12-15;3;0
28;2025-12-15;4;2
28;2025-12-15;5;78
28;2025-12-15;6;270
28;2025-12-15;7;876
28;2025-12-15;8;1485
28;2025-12-15;9;919
28;2025-12-15;10;644
28;2025-12-15;11;595
28;2025-12-15;12;739
28;2025-12-15;13;715
28;2025-12-15;14;686
28;2025-12-15;15;724
28;2025-12-15;16;955
28;2025-12-15;17;1081
28;2025-12-15;18;1048
28;2025-12-15;19;790
28;2025-12-15;20;538
28;2025-12-15;21;310
28;2025-12-15;22;113
28;2025-12-15;23;13
28;2025-12-16;0;4
28;2025-12-16;1;1
28;2025-12-16;2;0
28;2025-12-16;3;0
28;2025-12-16;4;2
28;2025-12-16;5;79
28;2025-12-16;6;274
28;2025-12-16;7;890
28;2025-12-16;8;1517
28;2025-12-16;9;937
28;2025-12-16;10;660
28;2025-12-16;11;607
28;2025-12-16;12;753
28;2025-12-16;13;728
28;2025-12-16;14;698
28;2025-12-16;15;735
28;2025-12-16;16;968
28;2025-12-16;17;1091
28;2025-12-16;18;1050
28;2025-12-16;19;796
28;2025-12-16;20;544
28;2025-12-16;21;314
28;2025-12-16;22;115
28;2025-12-16;23;13
28;2025-12-17;0;4
28;2025-12-17;1;1
28;2025-12-17;2;0
28;2025-12-17;3;0
28;2025-12-17;4;2
28;2025-12-17;5;79
28;2025-12-17;6;275
28;2025-12-17;7;892
28;2025-12-17;8;1513
28;2025-12-17;9;942
28;2025-12-17;10;667
28;2025-12-17;11;617
28;2025-12-17;12;762
28;2025-12-17;13;737
28;2025-12-17;14;707
28;2025-12-17;15;744
28;2025-12-17;16;981
28;2025-12-17;17;1107
28;2025-12-17;18;1064
28;2025-12-17;19;805
28;2025-12-17;20;548
28;2025-12-17;21;319
28;2025-12-17;22;117
28;2025-12-17;23;14
28;2025-12-18;0;4
28;2025-12-18;1;1
28;2025-12-18;2;0
28;2025-12-18;3;0
28;2025-12-18;4;2
28;2025-12-18;5;79
28;2025-12-18;6;277
28;2025-12-18;7;897
28;2025-12-18;8;1527
28;2025-12-18;9;946
28;2025-12-18;10;666
28;2025-12-18;11;616
28;2025-12-18;12;761
28;2025-12-18;13;740
28;2025-12-18;14;711
28;2025-12-18;15;747
28;2025-12-18;16;986
28;2025-12-18;17;1109
28;2025-12-18;18;1068
28;2025-12-18;19;809
28;2025-12-18;20;550
28;2025-12-18;21;320
28;2025-12-18;22;117
28;2025-12-18;23;14
28;2025-12-19;0;4
28;2025-12-19;1;1
28;2025-12-19;2;0
28;2025-12-19;3;0
28;2025-12-19;4;2
28;2025-12-19;5;79
28;2025-12-19;6;275
28;2025-12-19;7;889
28;2025-12-19;8;1477
28;2025-12-19;9;940
28;2025-12-19;10;666
28;2025-12-19;11;618
28;2025-12-19;12;764
28;2025-12-19;13;738
28;2025-12-19;14;709
28;2025-12-19;15;747
28;2025-12-19;16;980
28;2025-12-19;17;1103
28;2025-12-19;18;1017
28;2025-12-19;19;785
28;2025-12-19;20;542
28;2025-12-19;21;315
28;2025-12-19;22;116
28;2025-12-19;23;13
28;2025-12-20;0;1
28;2025-12-20;1;0
28;2025-12-20;2;0
28;2025-12-20;3;0
28;2025-12-20;4;1
28;2025-12-20;5;43
28;2025-12-20;6;118
28;2025-12-20;7;269
28;2025-12-20;8;483
28;2025-12-20;9;533
28;2025-12-20;10;539
28;2025-12-20;11;536
28;2025-12-20;12;632
28;2025-12-20;13;622
28;2025-12-20;14;635
28;2025-12-20;15;653
28;2025-12-20;16;595
28;2025-12-20;17;591
28;2025-12-20;18;519
28;2025-12-20;19;418
28;2025-12-20;20;278
28;2025-12-20;21;248
28;2025-12-20;22;96
28;2025-12-20;23;9
28;2025-12-21;0;0
28;2025-12-21;1;0
28;2025-12-21;2;0
28;2025-12-21;3;0
28;2025-12-21;4;0
28;2025-12-21;5;32
28;2025-12-21;6;83
28;2025-12-21;7;174
28;2025-12-21;8;281
28;2025-12-21;9;418
28;2025-12-21;10;436
28;2025-12-21;11;455
28;2025-12-21;12;466
28;2025-12-21;13;585
28;2025-12-21;14;537
28;2025-12-21;15;547
28;2025-12-21;16;478
28;2025-12-21;17;513
28;2025-12-21;18;437
28;2025-12-21;19;419
28;2025-12-21;20;294
28;2025-12-21;21;240
28;2025-12-21;22;106
28;2025-12-21;23;15
28;2025-12-22;0;3
28;2025-12-22;1;1
28;2025-12-22;2;0
28;2025-12-22;3;0
28;2025-12-22;4;2
28;2025-12-22;5;78
28;2025-12-22;6;272
28;2025-12-22;7;884
28;2025-12-22;8;1500
28;2025-12-22;9;926
28;2025-12-22;10;650
28;2025-12-22;11;597
28;2025-12-22;12;737
28;2025-12-22;13;713
28;2025-12-22;14;682
28;2025-12-22;15;722
28;2025-12-22;16;947
28;2025-12-22;17;1070
28;2025-12-22;18;1042
28;2025-12-22;19;789
28;2025-12-22;20;538
28;2025-12-22;21;310
28;2025-12-22;22;114
28;2025-12-22;23;13
28;2025-12-23;0;3
28;2025-12-23;1;1
28;2025-12-23;2;0
28;2025-12-23;3;0
28;2025-12-23;4;2
28;2025-12-23;5;78
28;2025-12-23;6;273
28;2025-12-23;7;883
28;2025-12-23;8;1488
28;2025-12-23;9;926
28;2025-12-23;10;655
28;2025-12-23;11;606
28;2025-12-23;12;747
28;2025-12-23;13;723
28;2025-12-23;14;693
28;2025-12-23;15;730
28;2025-12-23;16;964
28;2025-12-23;17;1084
28;2025-12-23;18;1044
28;2025-12-23;19;795
28;2025-12-23;20;542
28;2025-12-23;21;313
28;2025-12-23;22;115
28;2025-12-23;23;13
28;2025-12-24;0;3
28;2025-12-24;1;1
28;2025-12-24;2;0
28;2025-12-24;3;0
28;2025-12-24;4;2
28;2025-12-24;5;78
28;2025-12-24;6;273
28;2025-12-24;7;882
28;2025-12-24;8;1490
28;2025-12-24;9;928
28;2025-12-24;10;654
28;2025-12-24;11;604
28;2025-12-24;12;745
28;2025-12-24;13;721
28;2025-12-24;14;690
28;2025-12-24;15;727
28;2025-12-24;16;960
28;2025-12-24;17;1085
28;2025-12-24;18;1044
28;2025-12-24;19;790
28;2025-12-24;20;540
28;2025-12-24;21;313
28;2025-12-24;22;115
28;2025-12-24;23;13
28;2025-12-25;0;4
28;2025-12-25;1;1
28;2025-12-25;2;0
28;2025-12-25;3;0
28;2025-12-25;4;2
28;2025-12-25;5;79
28;2025-12-25;6;277
28;2025-12-25;7;892
28;2025-12-25;8;1528
28;2025-12-25;9;941
28;2025-12-25;10;664
28;2025-12-25;11;614
28;2025-12-25;12;757
28;2025-12-25;13;731
28;2025-12-25;14;698
28;2025-12-25;15;734
28;2025-12-25;16;971
28;2025-12-25;17;1091
28;2025-12-25;18;1055
28;2025-12-25;19;799
28;2025-12-25;20;548
28;2025-12-25;21;318
28;2025-12-25;22;117
28;2025-12-25;23;14
28;2025-12-26;0;3
28;2025-12-26;1;1
28;2025-12-26;2;0
28;2025-12-26;3;0
28;2025-12-26;4;2
28;2025-12-26;5;77
28;2025-12-26;6;270
28;2025-12-26;7;868
28;2025-12-26;8;1436
28;2025-12-26;9;908
28;2025-12-26;10;639
28;2025-12-26;11;586
28;2025-12-26;12;729
28;2025-12-26;13;704
28;2025-12-26;14;677
28;2025-12-26;15;713
28;2025-12-26;16;934
28;2025-12-26;17;1040
28;2025-12-26;18;992
28;2025-12-26;19;769
28;2025-12-26;20;529
28;2025-12-26;21;308
28;2025-12-26;22;114
28;2025-12-26;23;13
28;2025-12-27;0;1
28;2025-12-27;1;0
28;2025-12-27;2;0
28;2025-12-27;3;0
28;2025-12-27;4;1
28;2025-12-27;5;40
28;2025-12-27;6;111
28;2025-12-27;7;255
28;2025-12-27;8;458
28;2025-12-27;9;508
28;2025-12-27;10;513
28;2025-12-27;11;508
28;2025-12-27;12;599
28;2025-12-27;13;588
28;2025-12-27;14;605
28;2025-12-27;15;615
28;2025-12-27;16;566
28;2025-12-27;17;562
28;2025-12-27;18;495
28;2025-12-27;19;400
28;2025-12-27;20;268
28;2025-12-27;21;239
28;2025-12-27;22;90
28;2025-12-27;23;9
28;2025-12-28;0;0
28;2025-12-28;1;0
28;2025-12-28;2;0
28;2025-12-28;3;0
28;2025-12-28;4;0
28;2025-12-28;5;31
28;2025-12-28;6;81
28;2025-12-28;7;163
28;2025-12-28;8;261
28;2025-12-28;9;394
28;2025-12-28;10;412
28;2025-12-28;11;430
28;2025-12-28;12;440
28;2025-12-28;13;552
28;2025-12-28;14;507
28;2025-12-28;15;516
28;2025-12-28;16;454
28;2025-12-28;17;487
28;2025-12-28;18;415
28;2025-12-28;19;401
28;2025-12-28;20;282
28;2025-12-28;21;228
28;2025-12-28;22;101
28;2025-12-28;23;15
28;2025-12-29;0;3
28;2025-12-29;1;1
28;2025-12-29;2;0
28;2025-12-29;3;0
28;2025-12-29;4;2
28;2025-12-29;5;75
28;2025-12-29;6;262
28;2025-12-29;7;853
28;2025-12-29;8;1450
28;2025-12-29;9;892
28;2025-12-29;10;626
28;2025-12-29;11;577
28;2025-12-29;12;717
28;2025-12-29;13;693
28;2025-12-29;14;667
28;2025-12-29;15;703
28;2025-12-29;16;926
28;2025-12-29;17;1049
28;2025-12-29;18;1017
28;2025-12-29;19;766
28;2025-12-29;20;522
28;2025-12-29;21;301
28;2025-12-29;22;110
28;2025-12-29;23;13
28;2025-12-30;0;4
28;2025-12-30;1;1
28;2025-12-30;2;0
28;2025-12-30;3;0
28;2025-12-30;4;2
28;2025-12-30;5;76
28;2025-12-30;6;265
28;2025-12-30;7;860
28;2025-12-30;8;1450
28;2025-12-30;9;906
28;2025-12-30;10;639
28;2025-12-30;11;589
28;2025-12-30;12;729
28;2025-12-30;13;706
28;2025-12-30;14;677
28;2025-12-30;15;713
28;2025-12-30;16;942
28;2025-12-30;17;1060
28;2025-12-30;18;994
28;2025-12-30;19;759
28;2025-12-30;20;524
28;2025-12-30;21;304
28;2025-12-30;22;112
28;2025-12-30;23;13
28;2025-12-31;0;0
28;2025-12-31;1;0
28;2025-12-31;2;0
28;2025-12-31;3;0
28;2025-12-31;4;0
28;2025-12-31;5;32
28;2025-12-31;6;84
28;2025-12-31;7;170
28;2025-12-31;8;265
28;2025-12-31;9;376
28;2025-12-31;10;405
28;2025-12-31;11;422
28;2025-12-31;12;434
28;2025-12-31;13;546
28;2025-12-31;14;499
28;2025-12-31;15;506
28;2025-12-31;16;443
28;2025-12-31;17;475
28;2025-12-31;18;400
28;2025-12-31;19;387
28;2025-12-31;20;286
28;2025-12-31;21;233
28;2025-12-31;22;105
28;2025-12-31;23;16
50;2025-11-01;0;27
50;2025-11-01;1;3
50;2025-11-01;2;1
50;2025-11-01;3;0
50;2025-11-01;4;3
50;2025-11-01;5;66
50;2025-11-01;6;533
50;2025-11-01;7;1765
50;2025-11-01;8;2918
50;2025-11-01;9;2293
50;2025-11-01;10;1737
50;2025-11-01;11;1541
50;2025-11-01;12;1388
50;2025-11-01;13;1544
50;2025-11-01;14;1420
50;2025-11-01;15;1740
50;2025-11-01;16;1713
50;2025-11-01;17;2397
50;2025-11-01;18;2337
50;2025-11-01;19;1375
50;2025-11-01;20;905
50;2025-11-01;21;620
50;2025-11-01;22;247
50;2025-11-01;23;138
50;2025-11-02;0;3
50;2025-11-02;1;0
50;2025-11-02;2;0
50;2025-11-02;3;0
50;2025-11-02;4;0
50;2025-11-02;5;0
50;2025-11-02;6;0
50;2025-11-02;7;0
50;2025-11-02;8;0
50;2025-11-02;9;0
50;2025-11-02;10;24
50;2025-11-02;11;98
50;2025-11-02;12;79
50;2025-11-02;13;89
50;2025-11-02;14;129
50;2025-11-02;15;102
50;2025-11-02;16;92
50;2025-11-02;17;100
50;2025-11-02;18;63
50;2025-11-02;19;78
50;2025-11-02;20;48
50;2025-11-02;21;32
50;2025-11-02;22;34
50;2025-11-02;23;11
50;2025-11-03;0;3
50;2025-11-03;1;0
50;2025-11-03;2;0
50;2025-11-03;3;0
50;2025-11-03;4;0
50;2025-11-03;5;0
50;2025-11-03;6;0
50;2025-11-03;7;0
50;2025-11-03;8;1
50;2025-11-03;9;0
50;2025-11-03;10;24
50;2025-11-03;11;92
50;2025-11-03;12;72
50;2025-11-03;13;83
50;2025-11-03;14;120
50;2025-11-03;15;94
50;2025-11-03;16;86
50;2025-11-03;17;94
50;2025-11-03;18;60
50;2025-11-03;19;73
50;2025-11-03;20;47
50;2025-11-03;21;31
50;2025-11-03;22;33
50;2025-11-03;23;11
50;2025-11-04;0;3
50;2025-11-04;1;0
50;2025-11-04;2;0
50;2025-11-04;3;0
50;2025-11-04;4;0
50;2025-11-04;5;0
50;2025-11-04;6;0
50;2025-11-04;7;0
50;2025-11-04;8;0
50;2025-11-04;9;0
50;2025-11-04;10;24
50;2025-11-04;11;93
50;2025-11-04;12;74
50;2025-11-04;13;85
50;2025-11-04;14;125
50;2025-11-04;15;97
50;2025-11-04;16;89
50;2025-11-04;17;94
50;2025-11-04;18;59
50;2025-11-04;19;74
50;2025-11-04;20;48
50;2025-11-04;21;32
50;2025-11-04;22;34
50;2025-11-04;23;11
50;2025-11-05;0;29
50;2025-11-05;1;3
50;2025-11-05;2;1
50;2025-11-05;3;1
50;2025-11-05;4;3
50;2025-11-05;5;71
50;2025-11-05;6;576
50;2025-11-05;7;1844
50;2025-11-05;8;3125
50;2025-11-05;9;2437
50;2025-11-05;10;1798
50;2025-11-05;11;1588
50;2025-11-05;12;1491
50;2025-11-05;13;1593
50;2025-11-05;14;1528
50;2025-11-05;15;1785
50;2025-11-05;16;1755
50;2025-11-05;17;2537
50;2025-11-05;18;2550
50;2025-11-05;19;1510
50;2025-11-05;20;978
50;2025-11-05;21;662
50;2025-11-05;22;262
50;2025-11-05;23;149
50;2025-11-06;0;29
50;2025-11-06;1;3
50;2025-11-06;2;1
50;2025-11-06;3;1
50;2025-11-06;4;3
50;2025-11-06;5;70
50;2025-11-06;6;573
50;2025-11-06;7;1836
50;2025-11-06;8;3103
50;2025-11-06;9;2398
50;2025-11-06;10;1782
50;2025-11-06;11;1579
50;2025-11-06;12;1488
50;2025-11-06;13;1589
50;2025-11-06;14;1519
50;2025-11-06;15;1763
50;2025-11-06;16;1740
50;2025-11-06;17;2509
50;2025-11-06;18;2507
50;2025-11-06;19;1485
50;2025-11-06;20;961
50;2025-11-06;21;656
50;2025-11-06;22;260
50;2025-11-06;23;148
50;2025-11-07;0;30
50;2025-11-07;1;3
50;2025-11-07;2;1
50;2025-11-07;3;1
50;2025-11-07;4;3
50;2025-11-07;5;72
50;2025-11-07;6;585
50;2025-11-07;7;1833
50;2025-11-07;8;2886
50;2025-11-07;9;2272
50;2025-11-07;10;1789
50;2025-11-07;11;1595
50;2025-11-07;12;1492
50;2025-11-07;13;1597
50;2025-11-07;14;1514
50;2025-11-07;15;1786
50;2025-11-07;16;1747
50;2025-11-07;17;2334
50;2025-11-07;18;2173
50;2025-11-07;19;1454
50;2025-11-07;20;977
50;2025-11-07;21;665
50;2025-11-07;22;265
50;2025-11-07;23;151
50;2025-11-08;0;59
50;2025-11-08;1;4
50;2025-11-08;2;0
50;2025-11-08;3;3
50;2025-11-08;4;1
50;2025-11-08;5;12
50;2025-11-08;6;16
50;2025-11-08;7;24
50;2025-11-08;8;50
50;2025-11-08;9;98
50;2025-11-08;10;32
50;2025-11-08;11;61
50;2025-11-08;12;109
50;2025-11-08;13;74
50;2025-11-08;14;90
50;2025-11-08;15;132
50;2025-11-08;16;85
50;2025-11-08;17;81
50;2025-11-08;18;21
50;2025-11-08;19;19
50;2025-11-08;20;10
50;2025-11-08;21;12
50;2025-11-08;22;12
50;2025-11-08;23;3
50;2025-11-09;0;3
50;2025-11-09;1;0
50;2025-11-09;2;0
50;2025-11-09;3;0
50;2025-11-09;4;0
50;2025-11-09;5;0
50;2025-11-09;6;0
50;2025-11-09;7;0
50;2025-11-09;8;0
50;2025-11-09;9;0
50;2025-11-09;10;24
50;2025-11-09;11;100
50;2025-11-09;12;79
50;2025-11-09;13;90
50;2025-11-09;14;130
50;2025-11-09;15;102
50;2025-11-09;16;93
50;2025-11-09;17;101
50;2025-11-09;18;64
50;2025-11-09;19;77
50;2025-11-09;20;48
50;2025-11-09;21;32
50;2025-11-09;22;34
50;2025-11-09;23;11
50;2025-11-10;0;29
50;2025-11-10;1;3
50;2025-11-10;2;1
50;2025-11-10;3;1
50;2025-11-10;4;3
50;2025-11-10;5;70
50;2025-11-10;6;571
50;2025-11-10;7;1834
50;2025-11-10;8;3142
50;2025-11-10;9;2418
50;2025-11-10;10;1781
50;2025-11-10;11;1588
50;2025-11-10;12;1476
50;2025-11-10;13;1590
50;2025-11-10;14;1508
50;2025-11-10;15;1772
50;2025-11-10;16;1747
50;2025-11-10;17;2567
50;2025-11-10;18;2590
50;2025-11-10;19;1499
50;2025-11-10;20;976
50;2025-11-10;21;658
50;2025-11-10;22;260
50;2025-11-10;23;147
50;2025-11-11;0;29
50;2025-11-11;1;3
50;2025-11-11;2;1
50;2025-11-11;3;1
50;2025-11-11;4;3
50;2025-11-11;5;71
50;2025-11-11;6;580
50;2025-11-11;7;1858
50;2025-11-11;8;3170
50;2025-11-11;9;2453
50;2025-11-11;10;1817
50;2025-11-11;11;1619
50;2025-11-11;12;1515
50;2025-11-11;13;1620
50;2025-11-11;14;1540
50;2025-11-11;15;1804
50;2025-11-11;16;1777
50;2025-11-11;17;2592
50;2025-11-11;18;2611
50;2025-11-11;19;1532
50;2025-11-11;20;989
50;2025-11-11;21;668
50;2025-11-11;22;264
50;2025-11-11;23;149
50;2025-11-12;0;29
50;2025-11-12;1;3
50;2025-11-12;2;1
50;2025-11-12;3;1
50;2025-11-12;4;3
50;2025-11-12;5;71
50;2025-11-12;6;576
50;2025-11-12;7;1846
50;2025-11-12;8;3149
50;2025-11-12;9;2435
50;2025-11-12;10;1802
50;2025-11-12;11;1592
50;2025-11-12;12;1500
50;2025-11-12;13;1596
50;2025-11-12;14;1526
50;2025-11-12;15;1787
50;2025-11-12;16;1757
50;2025-11-12;17;2562
50;2025-11-12;18;2583
50;2025-11-12;19;1511
50;2025-11-12;20;979
50;2025-11-12;21;664
50;2025-11-12;22;263
50;2025-11-12;23;150
50;2025-11-13;0;29
50;2025-11-13;1;3
50;2025-11-13;2;1
50;2025-11-13;3;1
50;2025-11-13;4;3
50;2025-11-13;5;71
50;2025-11-13;6;576
50;2025-11-13;7;1855
50;2025-11-13;8;3157
50;2025-11-13;9;2431
50;2025-11-13;10;1804
50;2025-11-13;11;1604
50;2025-11-13;12;1507
50;2025-11-13;13;1603
50;2025-11-13;14;1526
50;2025-11-13;15;1788
50;2025-11-13;16;1760
50;2025-11-13;17;2552
50;2025-11-13;18;2568
50;2025-11-13;19;1513
50;2025-11-13;20;974
50;2025-11-13;21;660
50;2025-11-13;22;262
50;2025-11-13;23;149
50;2025-11-14;0;29
50;2025-11-14;1;3
50;2025-11-14;2;1
50;2025-11-14;3;0
50;2025-11-14;4;3
50;2025-11-14;5;70
50;2025-11-14;6;569
50;2025-11-14;7;1816
50;2025-11-14;8;2997
50;2025-11-14;9;2362
50;2025-11-14;10;1773
50;2025-11-14;11;1581
50;2025-11-14;12;1489
50;2025-11-14;13;1582
50;2025-11-14;14;1514
50;2025-11-14;15;1778
50;2025-11-14;16;1748
50;2025-11-14;17;2433
50;2025-11-14;18;2344
50;2025-11-14;19;1485
50;2025-11-14;20;965
50;2025-11-14;21;656
50;2025-11-14;22;262
50;2025-11-14;23;149
50;2025-11-15;0;57
50;2025-11-15;1;4
50;2025-11-15;2;0
50;2025-11-15;3;3
50;2025-11-15;4;1
50;2025-11-15;5;11
50;2025-11-15;6;16
50;2025-11-15;7;24
50;2025-11-15;8;49
50;2025-11-15;9;92
50;2025-11-15;10;31
50;2025-11-15;11;57
50;2025-11-15;12;103
50;2025-11-15;13;69
50;2025-11-15;14;85
50;2025-11-15;15;124
50;2025-11-15;16;79
50;2025-11-15;17;76
50;2025-11-15;18;19
50;2025-11-15;19;18
50;2025-11-15;20;10
50;2025-11-15;21;12
50;2025-11-15;22;11
50;2025-11-15;23;3
50;2025-11-16;0;3
50;2025-11-16;1;0
50;2025-11-16;2;0
50;2025-11-16;3;0
50;2025-11-16;4;0
50;2025-11-16;5;0
50;2025-11-16;6;0
50;2025-11-16;7;0
50;2025-11-16;8;0
50;2025-11-16;9;0
50;2025-11-16;10;24
50;2025-11-16;11;98
50;2025-11-16;12;79
50;2025-11-16;13;90
50;2025-11-16;14;129
50;2025-11-16;15;102
50;2025-11-16;16;92
50;2025-11-16;17;100
50;2025-11-16;18;63
50;2025-11-16;19;77
50;2025-11-16;20;48
50;2025-11-16;21;32
50;2025-11-16;22;34
50;2025-11-16;23;11
50;2025-11-17;0;29
50;2025-11-17;1;3
50;2025-11-17;2;1
50;2025-11-17;3;0
50;2025-11-17;4;3
50;2025-11-17;5;70
50;2025-11-17;6;568
50;2025-11-17;7;1816
50;2025-11-17;8;3106
50;2025-11-17;9;2374
50;2025-11-17;10;1754
50;2025-11-17;11;1558
50;2025-11-17;12;1450
50;2025-11-17;13;1563
50;2025-11-17;14;1484
50;2025-11-17;15;1745
50;2025-11-17;16;1718
50;2025-11-17;17;2521
50;2025-11-17;18;2557
50;2025-11-17;19;1485
50;2025-11-17;20;980
50;2025-11-17;21;659
50;2025-11-17;22;260
50;2025-11-17;23;147
50;2025-11-18;0;28
50;2025-11-18;1;3
50;2025-11-18;2;1
50;2025-11-18;3;0
50;2025-11-18;4;3
50;2025-11-18;5;68
50;2025-11-18;6;556
50;2025-11-18;7;1766
50;2025-11-18;8;2992
50;2025-11-18;9;2311
50;2025-11-18;10;1697
50;2025-11-18;11;1510
50;2025-11-18;12;1416
50;2025-11-18;13;1512
50;2025-11-18;14;1440
50;2025-11-18;15;1690
50;2025-11-18;16;1665
50;2025-11-18;17;2408
50;2025-11-18;18;2437
50;2025-11-18;19;1440
50;2025-11-18;20;940
50;2025-11-18;21;637
50;2025-11-18;22;251
50;2025-11-18;23;142
50;2025-11-19;0;29
50;2025-11-19;1;3
50;2025-11-19;2;1
50;2025-11-19;3;1
50;2025-11-19;4;3
50;2025-11-19;5;71
50;2025-11-19;6;579
50;2025-11-19;7;1854
50;2025-11-19;8;3156
50;2025-11-19;9;2445
50;2025-11-19;10;1800
50;2025-11-19;11;1597
50;2025-11-19;12;1509
50;2025-11-19;13;1607
50;2025-11-19;14;1534
50;2025-11-19;15;1797
50;2025-11-19;16;1768
50;2025-11-19;17;2578
50;2025-11-19;18;2597
50;2025-11-19;19;1533
50;2025-11-19;20;998
50;2025-11-19;21;676
50;2025-11-19;22;267
50;2025-11-19;23;152
50;2025-11-20;0;29
50;2025-11-20;1;3
50;2025-11-20;2;1
50;2025-11-20;3;1
50;2025-11-20;4;3
50;2025-11-20;5;71
50;2025-11-20;6;576
50;2025-11-20;7;1852
50;2025-11-20;8;3141
50;2025-11-20;9;2427
50;2025-11-20;10;1806
50;2025-11-20;11;1607
50;2025-11-20;12;1508
50;2025-11-20;13;1607
50;2025-11-20;14;1528
50;2025-11-20;15;1793
50;2025-11-20;16;1767
50;2025-11-20;17;2570
50;2025-11-20;18;2588
50;2025-11-20;19;1523
50;2025-11-20;20;984
50;2025-11-20;21;666
50;2025-11-20;22;264
50;2025-11-20;23;150
50;2025-11-21;0;29
50;2025-11-21;1;3
50;2025-11-21;2;1
50;2025-11-21;3;1
50;2025-11-21;4;3
50;2025-11-21;5;71
50;2025-11-21;6;575
50;2025-11-21;7;1842
50;2025-11-21;8;3054
50;2025-11-21;9;2409
50;2025-11-21;10;1797
50;2025-11-21;11;1600
50;2025-11-21;12;1506
50;2025-11-21;13;1604
50;2025-11-21;14;1529
50;2025-11-21;15;1792
50;2025-11-21;16;1763
50;2025-11-21;17;2462
50;2025-11-21;18;2371
50;2025-11-21;19;1499
50;2025-11-21;20;983
50;2025-11-21;21;668
50;2025-11-21;22;266
50;2025-11-21;23;151
50;2025-11-22;0;59
50;2025-11-22;1;4
50;2025-11-22;2;0
50;2025-11-22;3;3
50;2025-11-22;4;1
50;2025-11-22;5;11
50;2025-11-22;6;16
50;2025-11-22;7;25
50;2025-11-22;8;51
50;2025-11-22;9;98
50;2025-11-22;10;33
50;2025-11-22;11;61
50;2025-11-22;12;110
50;2025-11-22;13;74
50;2025-11-22;14;89
50;2025-11-22;15;131
50;2025-11-22;16;84
50;2025-11-22;17;80
50;2025-11-22;18;20
50;2025-11-22;19;19
50;2025-11-22;20;10
50;2025-11-22;21;12
50;2025-11-22;22;11
50;2025-11-22;23;3
50;2025-11-23;0;3
50;2025-11-23;1;0
50;2025-11-23;2;0
50;2025-11-23;3;0
50;2025-11-23;4;0
50;2025-11-23;5;0
50;2025-11-23;6;0
50;2025-11-23;7;0
50;2025-11-23;8;0
50;2025-11-23;9;0
50;2025-11-23;10;24
50;2025-11-23;11;97
50;2025-11-23;12;79
50;2025-11-23;13;89
50;2025-11-23;14;129
50;2025-11-23;15;101
50;2025-11-23;16;92
50;2025-11-23;17;100
50;2025-11-23;18;63
50;2025-11-23;19;77
50;2025-11-23;20;48
50;2025-11-23;21;32
50;2025-11-23;22;34
50;2025-11-23;23;11
50;2025-11-24;0;29
50;2025-11-24;1;3
50;2025-11-24;2;1
50;2025-11-24;3;0
50;2025-11-24;4;3
50;2025-11-24;5;69
50;2025-11-24;6;564
50;2025-11-24;7;1805
50;2025-11-24;8;3085
50;2025-11-24;9;2374
50;2025-11-24;10;1738
50;2025-11-24;11;1542
50;2025-11-24;12;1429
50;2025-11-24;13;1541
50;2025-11-24;14;1461
50;2025-11-24;15;1717
50;2025-11-24;16;1685
50;2025-11-24;17;2473
50;2025-11-24;18;2519
50;2025-11-24;19;1445
50;2025-11-24;20;952
50;2025-11-24;21;642
50;2025-11-24;22;253
50;2025-11-24;23;142
50;2025-11-25;0;29
50;2025-11-25;1;3
50;2025-11-25;2;1
50;2025-11-25;3;1
50;2025-11-25;4;3
50;2025-11-25;5;71
50;2025-11-25;6;578
50;2025-11-25;7;1852
50;2025-11-25;8;3155
50;2025-11-25;9;2440
50;2025-11-25;10;1808
50;2025-11-25;11;1609
50;2025-11-25;12;1508
50;2025-11-25;13;1614
50;2025-11-25;14;1534
50;2025-11-25;15;1798
50;2025-11-25;16;1768
50;2025-11-25;17;2576
50;2025-11-25;18;2594
50;2025-11-25;19;1535
50;2025-11-25;20;997
50;2025-11-25;21;672
50;2025-11-25;22;265
50;2025-11-25;23;150
50;2025-11-26;0;29
50;2025-11-26;1;3
50;2025-11-26;2;1
50;2025-11-26;3;1
50;2025-11-26;4;3
50;2025-11-26;5;71
50;2025-11-26;6;576
50;2025-11-26;7;1835
50;2025-11-26;8;3136
50;2025-11-26;9;2411
50;2025-11-26;10;1790
50;2025-11-26;11;1581
50;2025-11-26;12;1486
50;2025-11-26;13;1582
50;2025-11-26;14;1506
50;2025-11-26;15;1762
50;2025-11-26;16;1734
50;2025-11-26;17;2537
50;2025-11-26;18;2578
50;2025-11-26;19;1502
50;2025-11-26;20;993
50;2025-11-26;21;670
50;2025-11-26;22;266
50;2025-11-26;23;151
50;2025-11-27;0;29
50;2025-11-27;1;3
50;2025-11-27;2;1
50;2025-11-27;3;1
50;2025-11-27;4;3
50;2025-11-27;5;71
50;2025-11-27;6;576
50;2025-11-27;7;1855
50;2025-11-27;8;3171
50;2025-11-27;9;2432
50;2025-11-27;10;1804
50;2025-11-27;11;1598
50;2025-11-27;12;1494
50;2025-11-27;13;1597
50;2025-11-27;14;1519
50;2025-11-27;15;1785
50;2025-11-27;16;1758
50;2025-11-27;17;2565
50;2025-11-27;18;2582
50;2025-11-27;19;1500
50;2025-11-27;20;977
50;2025-11-27;21;662
50;2025-11-27;22;263
50;2025-11-27;23;150
50;2025-11-28;0;29
50;2025-11-28;1;3
50;2025-11-28;2;1
50;2025-11-28;3;1
50;2025-11-28;4;3
50;2025-11-28;5;71
50;2025-11-28;6;574
50;2025-11-28;7;1821
50;2025-11-28;8;3084
50;2025-11-28;9;2400
50;2025-11-28;10;1784
50;2025-11-28;11;1588
50;2025-11-28;12;1493
50;2025-11-28;13;1588
50;2025-11-28;14;1525
50;2025-11-28;15;1775
50;2025-11-28;16;1744
50;2025-11-28;17;2472
50;2025-11-28;18;2375
50;2025-11-28;19;1467
50;2025-11-28;20;966
50;2025-11-28;21;659
50;2025-11-28;22;263
50;2025-11-28;23;149
50;2025-11-29;0;60
50;2025-11-29;1;4
50;2025-11-29;2;0
50;2025-11-29;3;3
50;2025-11-29;4;1
50;2025-11-29;5;12
50;2025-11-29;6;16
50;2025-11-29;7;25
50;2025-11-29;8;51
50;2025-11-29;9;99
50;2025-11-29;10;33
50;2025-11-29;11;61
50;2025-11-29;12;112
50;2025-11-29;13;75
50;2025-11-29;14;90
50;2025-11-29;15;132
50;2025-11-29;16;85
50;2025-11-29;17;82
50;2025-11-29;18;21
50;2025-11-29;19;19
50;2025-11-29;20;11
50;2025-11-29;21;12
50;2025-11-29;22;12
50;2025-11-29;23;3
50;2025-11-30;0;3
50;2025-11-30;1;0
50;2025-11-30;2;0
50;2025-11-30;3;0
50;2025-11-30;4;0
50;2025-11-30;5;0
50;2025-11-30;6;0
50;2025-11-30;7;0
50;2025-11-30;8;0
50;2025-11-30;9;0
50;2025-11-30;10;24
50;2025-11-30;11;98
50;2025-11-30;12;79
50;2025-11-30;13;90
50;2025-11-30;14;130
50;2025-11-30;15;102
50;2025-11-30;16;93
50;2025-11-30;17;101
50;2025-11-30;18;64
50;2025-11-30;19;77
50;2025-11-30;20;48
50;2025-11-30;21;32
50;2025-11-30;22;34
50;2025-11-30;23;11
50;2025-12-01;0;29
50;2025-12-01;1;3
50;2025-12-01;2;1
50;2025-12-01;3;1
50;2025-12-01;4;3
50;2025-12-01;5;70
50;2025-12-01;6;567
50;2025-12-01;7;1823
50;2025-12-01;8;3117
50;2025-12-01;9;2402
50;2025-12-01;10;1771
50;2025-12-01;11;1576
50;2025-12-01;12;1465
50;2025-12-01;13;1577
50;2025-12-01;14;1497
50;2025-12-01;15;1758
50;2025-12-01;16;1731
50;2025-12-01;17;2539
50;2025-12-01;18;2568
50;2025-12-01;19;1488
50;2025-12-01;20;969
50;2025-12-01;21;653
50;2025-12-01;22;257
50;2025-12-01;23;146
50;2025-12-02;0;29
50;2025-12-02;1;3
50;2025-12-02;2;1
50;2025-12-02;3;1
50;2025-12-02;4;3
50;2025-12-02;5;71
50;2025-12-02;6;575
50;2025-12-02;7;1842
50;2025-12-02;8;3149
50;2025-12-02;9;2432
50;2025-12-02;10;1801
50;2025-12-02;11;1604
50;2025-12-02;12;1502
50;2025-12-02;13;1604
50;2025-12-02;14;1526
50;2025-12-02;15;1792
50;2025-12-02;16;1760
50;2025-12-02;17;2567
50;2025-12-02;18;2586
50;2025-12-02;19;1520
50;2025-12-02;20;981
50;2025-12-02;21;662
50;2025-12-02;22;261
50;2025-12-02;23;148
50;2025-12-03;0;29
50;2025-12-03;1;3
50;2025-12-03;2;1
50;2025-12-03;3;1
50;2025-12-03;4;3
50;2025-12-03;5;71
50;2025-12-03;6;576
50;2025-12-03;7;1849
50;2025-12-03;8;3150
50;2025-12-03;9;2442
50;2025-12-03;10;1807
50;2025-12-03;11;1604
50;2025-12-03;12;1511
50;2025-12-03;13;1605
50;2025-12-03;14;1529
50;2025-12-03;15;1795
50;2025-12-03;16;1766
50;2025-12-03;17;2573
50;2025-12-03;18;2594
50;2025-12-03;19;1516
50;2025-12-03;20;982
50;2025-12-03;21;664
50;2025-12-03;22;263
50;2025-12-03;23;150
50;2025-12-04;0;29
50;2025-12-04;1;3
50;2025-12-04;2;1
50;2025-12-04;3;1
50;2025-12-04;4;3
50;2025-12-04;5;71
50;2025-12-04;6;576
50;2025-12-04;7;1855
50;2025-12-04;8;3150
50;2025-12-04;9;2427
50;2025-12-04;10;1803
50;2025-12-04;11;1604
50;2025-12-04;12;1507
50;2025-12-04;13;1607
50;2025-12-04;14;1530
50;2025-12-04;15;1795
50;2025-12-04;16;1768
50;2025-12-04;17;2572
50;2025-12-04;18;2590
50;2025-12-04;19;1520
50;2025-12-04;20;982
50;2025-12-04;21;665
50;2025-12-04;22;263
50;2025-12-04;23;150
50;2025-12-05;0;29
50;2025-12-05;1;3
50;2025-12-05;2;1
50;2025-12-05;3;1
50;2025-12-05;4;3
50;2025-12-05;5;71
50;2025-12-05;6;572
50;2025-12-05;7;1838
50;2025-12-05;8;3073
50;2025-12-05;9;2419
50;2025-12-05;10;1796
50;2025-12-05;11;1608
50;2025-12-05;12;1508
50;2025-12-05;13;1613
50;2025-12-05;14;1537
50;2025-12-05;15;1806
50;2025-12-05;16;1770
50;2025-12-05;17;2508
50;2025-12-05;18;2399
50;2025-12-05;19;1488
50;2025-12-05;20;971
50;2025-12-05;21;660
50;2025-12-05;22;263
50;2025-12-05;23;150
50;2025-12-06;0;61
50;2025-12-06;1;4
50;2025-12-06;2;0
50;2025-12-06;3;3
50;2025-12-06;4;1
50;2025-12-06;5;13
50;2025-12-06;6;16
50;2025-12-06;7;25
50;2025-12-06;8;51
50;2025-12-06;9;100
50;2025-12-06;10;34
50;2025-12-06;11;62
50;2025-12-06;12;113
50;2025-12-06;13;75
50;2025-12-06;14;92
50;2025-12-06;15;134
50;2025-12-06;16;86
50;2025-12-06;17;83
50;2025-12-06;18;21
50;2025-12-06;19;19
50;2025-12-06;20;12
50;2025-12-06;21;13
50;2025-12-06;22;13
50;2025-12-06;23;3
50;2025-12-07;0;3
50;2025-12-07;1;0
50;2025-12-07;2;0
50;2025-12-07;3;0
50;2025-12-07;4;0
50;2025-12-07;5;0
50;2025-12-07;6;0
50;2025-12-07;7;0
50;2025-12-07;8;1
50;2025-12-07;9;1
50;2025-12-07;10;25
50;2025-12-07;11;101
50;2025-12-07;12;81
50;2025-12-07;13;92
50;2025-12-07;14;132
50;2025-12-07;15;104
50;2025-12-07;16;94
50;2025-12-07;17;103
50;2025-12-07;18;65
50;2025-12-07;19;79
50;2025-12-07;20;48
50;2025-12-07;21;32
50;2025-12-07;22;35
50;2025-12-07;23;12
50;2025-12-08;0;29
50;2025-12-08;1;3
50;2025-12-08;2;1
50;2025-12-08;3;0
50;2025-12-08;4;3
50;2025-12-08;5;70
50;2025-12-08;6;567
50;2025-12-08;7;1822
50;2025-12-08;8;3118
50;2025-12-08;9;2401
50;2025-12-08;10;1770
50;2025-12-08;11;1575
50;2025-12-08;12;1461
50;2025-12-08;13;1574
50;2025-12-08;14;1495
50;2025-12-08;15;1757
50;2025-12-08;16;1730
50;2025-12-08;17;2534
50;2025-12-08;18;2563
50;2025-12-08;19;1486
50;2025-12-08;20;969
50;2025-12-08;21;653
50;2025-12-08;22;257
50;2025-12-08;23;145
50;2025-12-09;0;29
50;2025-12-09;1;3
50;2025-12-09;2;1
50;2025-12-09;3;1
50;2025-12-09;4;3
50;2025-12-09;5;70
50;2025-12-09;6;568
50;2025-12-09;7;1818
50;2025-12-09;8;3096
50;2025-12-09;9;2392
50;2025-12-09;10;1770
50;2025-12-09;11;1567
50;2025-12-09;12;1462
50;2025-12-09;13;1567
50;2025-12-09;14;1494
50;2025-12-09;15;1755
50;2025-12-09;16;1729
50;2025-12-09;17;2510
50;2025-12-09;18;2538
50;2025-12-09;19;1499
50;2025-12-09;20;968
50;2025-12-09;21;654
50;2025-12-09;22;258
50;2025-12-09;23;146
50;2025-12-10;0;29
50;2025-12-10;1;3
50;2025-12-10;2;1
50;2025-12-10;3;1
50;2025-12-10;4;3
50;2025-12-10;5;71
50;2025-12-10;6;572
50;2025-12-10;7;1825
50;2025-12-10;8;3115
50;2025-12-10;9;2399
50;2025-12-10;10;1775
50;2025-12-10;11;1572
50;2025-12-10;12;1483
50;2025-12-10;13;1576
50;2025-12-10;14;1503
50;2025-12-10;15;1762
50;2025-12-10;16;1734
50;2025-12-10;17;2532
50;2025-12-10;18;2565
50;2025-12-10;19;1496
50;2025-12-10;20;987
50;2025-12-10;21;667
50;2025-12-10;22;264
50;2025-12-10;23;150
50;2025-12-11;0;29
50;2025-12-11;1;3
50;2025-12-11;2;1
50;2025-12-11;3;1
50;2025-12-11;4;3
50;2025-12-11;5;71
50;2025-12-11;6;572
50;2025-12-11;7;1838
50;2025-12-11;8;3149
50;2025-12-11;9;2406
50;2025-12-11;10;1784
50;2025-12-11;11;1572
50;2025-12-11;12;1482
50;2025-12-11;13;1584
50;2025-12-11;14;1507
50;2025-12-11;15;1772
50;2025-12-11;16;1745
50;2025-12-11;17;2552
50;2025-12-11;18;2571
50;2025-12-11;19;1504
50;2025-12-11;20;974
50;2025-12-11;21;660
50;2025-12-11;22;261
50;2025-12-11;23;149
50;2025-12-12;0;29
50;2025-12-12;1;3
50;2025-12-12;2;1
50;2025-12-12;3;1
50;2025-12-12;4;3
50;2025-12-12;5;70
50;2025-12-12;6;567
50;2025-12-12;7;1807
50;2025-12-12;8;3033
50;2025-12-12;9;2371
50;2025-12-12;10;1761
50;2025-12-12;11;1568
50;2025-12-12;12;1475
50;2025-12-12;13;1566
50;2025-12-12;14;1503
50;2025-12-12;15;1749
50;2025-12-12;16;1716
50;2025-12-12;17;2388
50;2025-12-12;18;2323
50;2025-12-12;19;1464
50;2025-12-12;20;973
50;2025-12-12;21;660
50;2025-12-12;22;262
50;2025-12-12;23;149
50;2025-12-13;0;59
50;2025-12-13;1;4
50;2025-12-13;2;0
50;2025-12-13;3;3
50;2025-12-13;4;1
50;2025-12-13;5;12
50;2025-12-13;6;16
50;2025-12-13;7;24
50;2025-12-13;8;50
50;2025-12-13;9;96
50;2025-12-13;10;32
50;2025-12-13;11;60
50;2025-12-13;12;108
50;2025-12-13;13;72
50;2025-12-13;14;87
50;2025-12-13;15;128
50;2025-12-13;16;82
50;2025-12-13;17;79
50;2025-12-13;18;20
50;2025-12-13;19;19
50;2025-12-13;20;10
50;2025-12-13;21;13
50;2025-12-13;22;13
50;2025-12-13;23;3
50;2025-12-14;0;3
50;2025-12-14;1;0
50;2025-12-14;2;0
50;2025-12-14;3;0
50;2025-12-14;4;0
50;2025-12-14;5;0
50;2025-12-14;6;0
50;2025-12-14;7;0
50;2025-12-14;8;0
50;2025-12-14;9;0
50;2025-12-14;10;24
50;2025-12-14;11;96
50;2025-12-14;12;78
50;2025-12-14;13;87
50;2025-12-14;14;126
50;2025-12-14;15;99
50;2025-12-14;16;91
50;2025-12-14;17;99
50;2025-12-14;18;63
50;2025-12-14;19;78
50;2025-12-14;20;48
50;2025-12-14;21;32
50;2025-12-14;22;35
50;2025-12-14;23;12
50;2025-12-15;0;29
50;2025-12-15;1;3
50;2025-12-15;2;1
50;2025-12-15;3;0
50;2025-12-15;4;3
50;2025-12-15;5;69
50;2025-12-15;6;561
50;2025-12-15;7;1800
50;2025-12-15;8;3069
50;2025-12-15;9;2365
50;2025-12-15;10;1743
50;2025-12-15;11;1550
50;2025-12-15;12;1442
50;2025-12-15;13;1550
50;2025-12-15;14;1471
50;2025-12-15;15;1729
50;2025-12-15;16;1702
50;2025-12-15;17;2496
50;2025-12-15;18;2532
50;2025-12-15;19;1478
50;2025-12-15;20;969
50;2025-12-15;21;652
50;2025-12-15;22;257
50;2025-12-15;23;145
50;2025-12-16;0;29
50;2025-12-16;1;3
50;2025-12-16;2;1
50;2025-12-16;3;1
50;2025-12-16;4;3
50;2025-12-16;5;70
50;2025-12-16;6;570
50;2025-12-16;7;1827
50;2025-12-16;8;3114
50;2025-12-16;9;2404
50;2025-12-16;10;1778
50;2025-12-16;11;1576
50;2025-12-16;12;1472
50;2025-12-16;13;1577
50;2025-12-16;14;1498
50;2025-12-16;15;1758
50;2025-12-16;16;1726
50;2025-12-16;17;2520
50;2025-12-16;18;2546
50;2025-12-16;19;1494
50;2025-12-16;20;981
50;2025-12-16;21;662
50;2025-12-16;22;261
50;2025-12-16;23;148
50;2025-12-17;0;29
50;2025-12-17;1;3
50;2025-12-17;2;1
50;2025-12-17;3;1
50;2025-12-17;4;3
50;2025-12-17;5;71
50;2025-12-17;6;571
50;2025-12-17;7;1834
50;2025-12-17;8;3123
50;2025-12-17;9;2418
50;2025-12-17;10;1791
50;2025-12-17;11;1589
50;2025-12-17;12;1497
50;2025-12-17;13;1591
50;2025-12-17;14;1517
50;2025-12-17;15;1778
50;2025-12-17;16;1749
50;2025-12-17;17;2550
50;2025-12-17;18;2570
50;2025-12-17;19;1515
50;2025-12-17;20;988
50;2025-12-17;21;668
50;2025-12-17;22;264
50;2025-12-17;23;151
50;2025-12-18;0;29
50;2025-12-18;1;3
50;2025-12-18;2;1
50;2025-12-18;3;1
50;2025-12-18;4;3
50;2025-12-18;5;71
50;2025-12-18;6;575
50;2025-12-18;7;1847
50;2025-12-18;8;3132
50;2025-12-18;9;2417
50;2025-12-18;10;1791
50;2025-12-18;11;1589
50;2025-12-18;12;1494
50;2025-12-18;13;1602
50;2025-12-18;14;1524
50;2025-12-18;15;1787
50;2025-12-18;16;1761
50;2025-12-18;17;2557
50;2025-12-18;18;2578
50;2025-12-18;19;1526
50;2025-12-18;20;992
50;2025-12-18;21;671
50;2025-12-18;22;267
50;2025-12-18;23;151
50;2025-12-19;0;29
50;2025-12-19;1;3
50;2025-12-19;2;1
50;2025-12-19;3;1
50;2025-12-19;4;3
50;2025-12-19;5;70
50;2025-12-19;6;570
50;2025-12-19;7;1828
50;2025-12-19;8;3053
50;2025-12-19;9;2407
50;2025-12-19;10;1784
50;2025-12-19;11;1595
50;2025-12-19;12;1495
50;2025-12-19;13;1595
50;2025-12-19;14;1520
50;2025-12-19;15;1783
50;2025-12-19;16;1750
50;2025-12-19;17;2459
50;2025-12-19;18;2345
50;2025-12-19;19;1488
50;2025-12-19;20;978
50;2025-12-19;21;663
50;2025-12-19;22;264
50;2025-12-19;23;150
50;2025-12-20;0;60
50;2025-12-20;1;4
50;2025-12-20;2;0
50;2025-12-20;3;3
50;2025-12-20;4;1
50;2025-12-20;5;13
50;2025-12-20;6;16
50;2025-12-20;7;25
50;2025-12-20;8;50
50;2025-12-20;9;99
50;2025-12-20;10;32
50;2025-12-20;11;62
50;2025-12-20;12;111
50;2025-12-20;13;74
50;2025-12-20;14;90
50;2025-12-20;15;133
50;2025-12-20;16;85
50;2025-12-20;17;82
50;2025-12-20;18;20
50;2025-12-20;19;19
50;2025-12-20;20;12
50;2025-12-20;21;13
50;2025-12-20;22;13
50;2025-12-20;23;3
50;2025-12-21;0;3
50;2025-12-21;1;0
50;2025-12-21;2;0
50;2025-12-21;3;0
50;2025-12-21;4;0
50;2025-12-21;5;0
50;2025-12-21;6;0
50;2025-12-21;7;0
50;2025-12-21;8;0
50;2025-12-21;9;0
50;2025-12-21;10;24
50;2025-12-21;11;97
50;2025-12-21;12;79
50;2025-12-21;13;89
50;2025-12-21;14;129
50;2025-12-21;15;102
50;2025-12-21;16;92
50;2025-12-21;17;100
50;2025-12-21;18;64
50;2025-12-21;19;78
50;2025-12-21;20;48
50;2025-12-21;21;32
50;2025-12-21;22;35
50;2025-12-21;23;12
50;2025-12-22;0;29
50;2025-12-22;1;3
50;2025-12-22;2;1
50;2025-12-22;3;0
50;2025-12-22;4;3
50;2025-12-22;5;70
50;2025-12-22;6;564
50;2025-12-22;7;1810
50;2025-12-22;8;3095
50;2025-12-22;9;2379
50;2025-12-22;10;1753
50;2025-12-22;11;1554
50;2025-12-22;12;1438
50;2025-12-22;13;1541
50;2025-12-22;14;1460
50;2025-12-22;15;1720
50;2025-12-22;16;1684
50;2025-12-22;17;2470
50;2025-12-22;18;2518
50;2025-12-22;19;1469
50;2025-12-22;20;969
50;2025-12-22;21;654
50;2025-12-22;22;258
50;2025-12-22;23;146
50;2025-12-23;0;29
50;2025-12-23;1;3
50;2025-12-23;2;1
50;2025-12-23;3;1
50;2025-12-23;4;3
50;2025-12-23;5;70
50;2025-12-23;6;567
50;2025-12-23;7;1794
50;2025-12-23;8;3045
50;2025-12-23;9;2355
50;2025-12-23;10;1756
50;2025-12-23;11;1562
50;2025-12-23;12;1463
50;2025-12-23;13;1563
50;2025-12-23;14;1492
50;2025-12-23;15;1749
50;2025-12-23;16;1720
50;2025-12-23;17;2503
50;2025-12-23;18;2528
50;2025-12-23;19;1503
50;2025-12-23;20;976
50;2025-12-23;21;658
50;2025-12-23;22;260
50;2025-12-23;23;147
50;2025-12-24;0;29
50;2025-12-24;1;3
50;2025-12-24;2;1
50;2025-12-24;3;0
50;2025-12-24;4;3
50;2025-12-24;5;70
50;2025-12-24;6;566
50;2025-12-24;7;1812
50;2025-12-24;8;3075
50;2025-12-24;9;2382
50;2025-12-24;10;1760
50;2025-12-24;11;1557
50;2025-12-24;12;1467
50;2025-12-24;13;1553
50;2025-12-24;14;1483
50;2025-12-24;15;1741
50;2025-12-24;16;1712
50;2025-12-24;17;2502
50;2025-12-24;18;2526
50;2025-12-24;19;1490
50;2025-12-24;20;972
50;2025-12-24;21;658
50;2025-12-24;22;261
50;2025-12-24;23;149
50;2025-12-25;0;29
50;2025-12-25;1;3
50;2025-12-25;2;1
50;2025-12-25;3;1
50;2025-12-25;4;3
50;2025-12-25;5;71
50;2025-12-25;6;575
50;2025-12-25;7;1839
50;2025-12-25;8;3132
50;2025-12-25;9;2395
50;2025-12-25;10;1779
50;2025-12-25;11;1576
50;2025-12-25;12;1481
50;2025-12-25;13;1581
50;2025-12-25;14;1499
50;2025-12-25;15;1759
50;2025-12-25;16;1732
50;2025-12-25;17;2514
50;2025-12-25;18;2540
50;2025-12-25;19;1498
50;2025-12-25;20;988
50;2025-12-25;21;667
50;2025-12-25;22;264
50;2025-12-25;23;151
50;2025-12-26;0;29
50;2025-12-26;1;3
50;2025-12-26;2;1
50;2025-12-26;3;0
50;2025-12-26;4;3
50;2025-12-26;5;69
50;2025-12-26;6;561
50;2025-12-26;7;1770
50;2025-12-26;8;2946
50;2025-12-26;9;2284
50;2025-12-26;10;1705
50;2025-12-26;11;1512
50;2025-12-26;12;1424
50;2025-12-26;13;1512
50;2025-12-26;14;1453
50;2025-12-26;15;1689
50;2025-12-26;16;1659
50;2025-12-26;17;2326
50;2025-12-26;18;2304
50;2025-12-26;19;1441
50;2025-12-26;20;953
50;2025-12-26;21;649
50;2025-12-26;22;258
50;2025-12-26;23;147
50;2025-12-27;0;56
50;2025-12-27;1;4
50;2025-12-27;2;0
50;2025-12-27;3;3
50;2025-12-27;4;1
50;2025-12-27;5;11
50;2025-12-27;6;15
50;2025-12-27;7;23
50;2025-12-27;8;48
50;2025-12-27;9;93
50;2025-12-27;10;31
50;2025-12-27;11;58
50;2025-12-27;12;106
50;2025-12-27;13;70
50;2025-12-27;14;86
50;2025-12-27;15;126
50;2025-12-27;16;80
50;2025-12-27;17;77
50;2025-12-27;18;19
50;2025-12-27;19;18
50;2025-12-27;20;11
50;2025-12-27;21;12
50;2025-12-27;22;11
50;2025-12-27;23;3
50;2025-12-28;0;3
50;2025-12-28;1;0
50;2025-12-28;2;0
50;2025-12-28;3;0
50;2025-12-28;4;0
50;2025-12-28;5;0
50;2025-12-28;6;0
50;2025-12-28;7;0
50;2025-12-28;8;0
50;2025-12-28;9;0
50;2025-12-28;10;23
50;2025-12-28;11;93
50;2025-12-28;12;74
50;2025-12-28;13;84
50;2025-12-28;14;122
50;2025-12-28;15;96
50;2025-12-28;16;87
50;2025-12-28;17;95
50;2025-12-28;18;60
50;2025-12-28;19;74
50;2025-12-28;20;46
50;2025-12-28;21;31
50;2025-12-28;22;33
50;2025-12-28;23;11
50;2025-12-29;0;28
50;2025-12-29;1;3
50;2025-12-29;2;1
50;2025-12-29;3;0
50;2025-12-29;4;3
50;2025-12-29;5;67
50;2025-12-29;6;545
50;2025-12-29;7;1747
50;2025-12-29;8;2991
50;2025-12-29;9;2290
50;2025-12-29;10;1693
50;2025-12-29;11;1503
50;2025-12-29;12;1398
50;2025-12-29;13;1504
50;2025-12-29;14;1427
50;2025-12-29;15;1676
50;2025-12-29;16;1650
50;2025-12-29;17;2419
50;2025-12-29;18;2455
50;2025-12-29;19;1424
50;2025-12-29;20;941
50;2025-12-29;21;632
50;2025-12-29;22;249
50;2025-12-29;23;141
50;2025-12-30;0;28
50;2025-12-30;1;3
50;2025-12-30;2;1
50;2025-12-30;3;1
50;2025-12-30;4;3
50;2025-12-30;5;67
50;2025-12-30;6;551
50;2025-12-30;7;1767
50;2025-12-30;8;2998
50;2025-12-30;9;2313
50;2025-12-30;10;1721
50;2025-12-30;11;1528
50;2025-12-30;12;1427
50;2025-12-30;13;1528
50;2025-12-30;14;1454
50;2025-12-30;15;1706
50;2025-12-30;16;1678
50;2025-12-30;17;2406
50;2025-12-30;18;2359
50;2025-12-30;19;1424
50;2025-12-30;20;943
50;2025-12-30;21;638
50;2025-12-30;22;253
50;2025-12-30;23;143
50;2025-12-31;0;3
50;2025-12-31;1;0
50;2025-12-31;2;0
50;2025-12-31;3;0
50;2025-12-31;4;0
50;2025-12-31;5;0
50;2025-12-31;6;0
50;2025-12-31;7;0
50;2025-12-31;8;0
50;2025-12-31;9;0
50;2025-12-31;10;23
50;2025-12-31;11;88
50;2025-12-31;12;71
50;2025-12-31;13;80
50;2025-12-31;14;117
50;2025-12-31;15;91
50;2025-12-31;16;83
50;2025-12-31;17;90
50;2025-12-31;18;58
50;2025-12-31;19;71
50;2025-12-31;20;46
50;2025-12-31;21;32
50;2025-12-31;22;34
50;2025-12-31;23;11
