route;date;hour;prediction
1;2025-11-01;0;4
1;2025-11-01;1;0
1;2025-11-01;2;0
1;2025-11-01;3;0
1;2025-11-01;4;10
1;2025-11-01;5;123
1;2025-11-01;6;505
1;2025-11-01;7;1616
1;2025-11-01;8;2022
1;2025-11-01;9;1512
1;2025-11-01;10;1368
1;2025-11-01;11;1371
1;2025-11-01;12;1418
1;2025-11-01;13;1490
1;2025-11-01;14;1470
1;2025-11-01;15;1614
1;2025-11-01;16;1604
1;2025-11-01;17;1883
1;2025-11-01;18;1888
1;2025-11-01;19;1397
1;2025-11-01;20;920
1;2025-11-01;21;487
1;2025-11-01;22;194
1;2025-11-01;23;42
1;2025-11-02;0;0
1;2025-11-02;1;0
1;2025-11-02;2;0
1;2025-11-02;3;0
1;2025-11-02;4;0
1;2025-11-02;5;20
1;2025-11-02;6;125
1;2025-11-02;7;291
1;2025-11-02;8;387
1;2025-11-02;9;673
1;2025-11-02;10;740
1;2025-11-02;11;740
1;2025-11-02;12;877
1;2025-11-02;13;886
1;2025-11-02;14;820
1;2025-11-02;15;749
1;2025-11-02;16;706
1;2025-11-02;17;611
1;2025-11-02;18;548
1;2025-11-02;19;473
1;2025-11-02;20;359
1;2025-11-02;21;290
1;2025-11-02;22;108
1;2025-11-02;23;24
1;2025-11-03;0;0
1;2025-11-03;1;0
1;2025-11-03;2;0
1;2025-11-03;3;0
1;2025-11-03;4;0
1;2025-11-03;5;20
1;2025-11-03;6;122
1;2025-11-03;7;287
1;2025-11-03;8;386
1;2025-11-03;9;658
1;2025-11-03;10;725
1;2025-11-03;11;713
1;2025-11-03;12;853
1;2025-11-03;13;873
1;2025-11-03;14;787
1;2025-11-03;15;714
1;2025-11-03;16;680
1;2025-11-03;17;593
1;2025-11-03;18;538
1;2025-11-03;19;466
1;2025-11-03;20;352
1;2025-11-03;21;281
1;2025-11-03;22;105
1;2025-11-03;23;23
1;2025-11-04;0;0
1;2025-11-04;1;0
1;2025-11-04;2;0
1;2025-11-04;3;0
1;2025-11-04;4;0
1;2025-11-04;5;20
1;2025-11-04;6;124
1;2025-11-04;7;290
1;2025-11-04;8;383
1;2025-11-04;9;658
1;2025-11-04;10;727
1;2025-11-04;11;721
1;2025-11-04;12;863
1;2025-11-04;13;895
1;2025-11-04;14;819
1;2025-11-04;15;749
1;2025-11-04;16;704
1;2025-11-04;17;603
1;2025-11-04;18;546
1;2025-11-04;19;475
1;2025-11-04;20;360
1;2025-11-04;21;288
1;2025-11-04;22;108
1;2025-11-04;23;24
1;2025-11-05;0;4
1;2025-11-05;1;0
1;2025-11-05;2;0
1;2025-11-05;3;0
1;2025-11-05;4;10
1;2025-11-05;5;130
1;2025-11-05;6;537
1;2025-11-05;7;1659
1;2025-11-05;8;2219
1;2025-11-05;9;1616
1;2025-11-05;10;1470
1;2025-11-05;11;1456
1;2025-11-05;12;1493
1;2025-11-05;13;1571
1;2025-11-05;14;1561
1;2025-11-05;15;1688
1;2025-11-05;16;1678
1;2025-11-05;17;1977
1;2025-11-05;18;2040
1;2025-11-05;19;1484
1;2025-11-05;20;980
1;2025-11-05;21;512
1;2025-11-05;22;203
1;2025-11-05;23;44
1;2025-11-06;0;4
1;2025-11-06;1;0
1;2025-11-06;2;0
1;2025-11-06;3;0
1;2025-11-06;4;10
1;2025-11-06;5;130
1;2025-11-06;6;533
1;2025-11-06;7;1646
1;2025-11-06;8;2198
1;2025-11-06;9;1606
1;2025-11-06;10;1461
1;2025-11-06;11;1448
1;2025-11-06;12;1488
1;2025-11-06;13;1564
1;2025-11-06;14;1550
1;2025-11-06;15;1664
1;2025-11-06;16;1658
1;2025-11-06;17;1950
1;2025-11-06;18;2001
1;2025-11-06;19;1455
1;2025-11-06;20;964
1;2025-11-06;21;508
1;2025-11-06;22;202
1;2025-11-06;23;44
1;2025-11-07;0;4
1;2025-11-07;1;0
1;2025-11-07;2;0
1;2025-11-07;3;0
1;2025-11-07;4;10
1;2025-11-07;5;132
1;2025-11-07;6;545
1;2025-11-07;7;1650
1;2025-11-07;8;2053
1;2025-11-07;9;1604
1;2025-11-07;10;1472
1;2025-11-07;11;1472
1;2025-11-07;12;1500
1;2025-11-07;13;1577
1;2025-11-07;14;1560
1;2025-11-07;15;1688
1;2025-11-07;16;1670
1;2025-11-07;17;1968
1;2025-11-07;18;1922
1;2025-11-07;19;1430
1;2025-11-07;20;980
1;2025-11-07;21;514
1;2025-11-07;22;206
1;2025-11-07;23;45
1;2025-11-08;0;4
1;2025-11-08;1;0
1;2025-11-08;2;0
1;2025-11-08;3;0
1;2025-11-08;4;0
1;2025-11-08;5;29
1;2025-11-08;6;155
1;2025-11-08;7;347
1;2025-11-08;8;502
1;2025-11-08;9;775
1;2025-11-08;10;963
1;2025-11-08;11;927
1;2025-11-08;12;1080
1;2025-11-08;13;1143
1;2025-11-08;14;1081
1;2025-11-08;15;940
1;2025-11-08;16;811
1;2025-11-08;17;754
1;2025-11-08;18;665
1;2025-11-08;19;557
1;2025-11-08;20;418
1;2025-11-08;21;316
1;2025-11-08;22;122
1;2025-11-08;23;28
1;2025-11-09;0;0
1;2025-11-09;1;0
1;2025-11-09;2;0
1;2025-11-09;3;0
1;2025-11-09;4;0
1;2025-11-09;5;20
1;2025-11-09;6;123
1;2025-11-09;7;288
1;2025-11-09;8;394
1;2025-11-09;9;682
1;2025-11-09;10;747
1;2025-11-09;11;747
1;2025-11-09;12;884
1;2025-11-09;13;899
1;2025-11-09;14;824
1;2025-11-09;15;755
1;2025-11-09;16;716
1;2025-11-09;17;620
1;2025-11-09;18;558
1;2025-11-09;19;482
1;2025-11-09;20;357
1;2025-11-09;21;286
1;2025-11-09;22;108
1;2025-11-09;23;23
1;2025-11-10;0;4
1;2025-11-10;1;0
1;2025-11-10;2;0
1;2025-11-10;3;0
1;2025-11-10;4;10
1;2025-11-10;5;129
1;2025-11-10;6;531
1;2025-11-10;7;1656
1;2025-11-10;8;2229
1;2025-11-10;9;1602
1;2025-11-10;10;1455
1;2025-11-10;11;1454
1;2025-11-10;12;1492
1;2025-11-10;13;1564
1;2025-11-10;14;1547
1;2025-11-10;15;1678
1;2025-11-10;16;1672
1;2025-11-10;17;1970
1;2025-11-10;18;2044
1;2025-11-10;19;1486
1;2025-11-10;20;979
1;2025-11-10;21;509
1;2025-11-10;22;201
1;2025-11-10;23;44
1;2025-11-11;0;4
1;2025-11-11;1;0
1;2025-11-11;2;0
1;2025-11-11;3;0
1;2025-11-11;4;10
1;2025-11-11;5;131
1;2025-11-11;6;540
1;2025-11-11;7;1673
1;2025-11-11;8;2251
1;2025-11-11;9;1626
1;2025-11-11;10;1485
1;2025-11-11;11;1485
1;2025-11-11;12;1516
1;2025-11-11;13;1595
1;2025-11-11;14;1573
1;2025-11-11;15;1709
1;2025-11-11;16;1703
1;2025-11-11;17;1998
1;2025-11-11;18;2065
1;2025-11-11;19;1504
1;2025-11-11;20;991
1;2025-11-11;21;518
1;2025-11-11;22;204
1;2025-11-11;23;45
1;2025-11-12;0;4
1;2025-11-12;1;0
1;2025-11-12;2;0
1;2025-11-12;3;0
1;2025-11-12;4;10
1;2025-11-12;5;130
1;2025-11-12;6;537
1;2025-11-12;7;1660
1;2025-11-12;8;2242
1;2025-11-12;9;1620
1;2025-11-12;10;1474
1;2025-11-12;11;1462
1;2025-11-12;12;1503
1;2025-11-12;13;1575
1;2025-11-12;14;1560
1;2025-11-12;15;1689
1;2025-11-12;16;1679
1;2025-11-12;17;1974
1;2025-11-12;18;2041
1;2025-11-12;19;1484
1;2025-11-12;20;982
1;2025-11-12;21;514
1;2025-11-12;22;204
1;2025-11-12;23;44
1;2025-11-13;0;4
1;2025-11-13;1;0
1;2025-11-13;2;0
1;2025-11-13;3;0
1;2025-11-13;4;10
1;2025-11-13;5;130
1;2025-11-13;6;537
1;2025-11-13;7;1663
1;2025-11-13;8;2246
1;2025-11-13;9;1623
1;2025-11-13;10;1475
1;2025-11-13;11;1472
1;2025-11-13;12;1507
1;2025-11-13;13;1579
1;2025-11-13;14;1560
1;2025-11-13;15;1688
1;2025-11-13;16;1678
1;2025-11-13;17;1970
1;2025-11-13;18;2035
1;2025-11-13;19;1475
1;2025-11-13;20;976
1;2025-11-13;21;511
1;2025-11-13;22;203
1;2025-11-13;23;44
1;2025-11-14;0;4
1;2025-11-14;1;0
1;2025-11-14;2;0
1;2025-11-14;3;0
1;2025-11-14;4;10
1;2025-11-14;5;129
1;2025-11-14;6;531
1;2025-11-14;7;1632
1;2025-11-14;8;2118
1;2025-11-14;9;1591
1;2025-11-14;10;1448
1;2025-11-14;11;1448
1;2025-11-14;12;1489
1;2025-11-14;13;1558
1;2025-11-14;14;1542
1;2025-11-14;15;1680
1;2025-11-14;16;1666
1;2025-11-14;17;1942
1;2025-11-14;18;1918
1;2025-11-14;19;1445
1;2025-11-14;20;967
1;2025-11-14;21;508
1;2025-11-14;22;203
1;2025-11-14;23;44
1;2025-11-15;0;4
1;2025-11-15;1;0
1;2025-11-15;2;0
1;2025-11-15;3;0
1;2025-11-15;4;0
1;2025-11-15;5;28
1;2025-11-15;6;150
1;2025-11-15;7;336
1;2025-11-15;8;483
1;2025-11-15;9;742
1;2025-11-15;10;914
1;2025-11-15;11;867
1;2025-11-15;12;1041
1;2025-11-15;13;1099
1;2025-11-15;14;1026
1;2025-11-15;15;882
1;2025-11-15;16;768
1;2025-11-15;17;713
1;2025-11-15;18;630
1;2025-11-15;19;530
1;2025-11-15;20;408
1;2025-11-15;21;311
1;2025-11-15;22;120
1;2025-11-15;23;27
1;2025-11-16;0;0
1;2025-11-16;1;0
1;2025-11-16;2;0
1;2025-11-16;3;0
1;2025-11-16;4;0
1;2025-11-16;5;20
1;2025-11-16;6;122
1;2025-11-16;7;285
1;2025-11-16;8;391
1;2025-11-16;9;675
1;2025-11-16;10;743
1;2025-11-16;11;744
1;2025-11-16;12;886
1;2025-11-16;13;902
1;2025-11-16;14;822
1;2025-11-16;15;753
1;2025-11-16;16;710
1;2025-11-16;17;615
1;2025-11-16;18;551
1;2025-11-16;19;482
1;2025-11-16;20;360
1;2025-11-16;21;288
1;2025-11-16;22;108
1;2025-11-16;23;23
1;2025-11-17;0;4
1;2025-11-17;1;0
1;2025-11-17;2;0
1;2025-11-17;3;0
1;2025-11-17;4;10
1;2025-11-17;5;128
1;2025-11-17;6;529
1;2025-11-17;7;1639
1;2025-11-17;8;2196
1;2025-11-17;9;1574
1;2025-11-17;10;1429
1;2025-11-17;11;1424
1;2025-11-17;12;1466
1;2025-11-17;13;1538
1;2025-11-17;14;1520
1;2025-11-17;15;1653
1;2025-11-17;16;1643
1;2025-11-17;17;1936
1;2025-11-17;18;2020
1;2025-11-17;19;1480
1;2025-11-17;20;983
1;2025-11-17;21;510
1;2025-11-17;22;202
1;2025-11-17;23;44
1;2025-11-18;0;4
1;2025-11-18;1;0
1;2025-11-18;2;0
1;2025-11-18;3;0
1;2025-11-18;4;9
1;2025-11-18;5;126
1;2025-11-18;6;519
1;2025-11-18;7;1588
1;2025-11-18;8;2108
1;2025-11-18;9;1533
1;2025-11-18;10;1388
1;2025-11-18;11;1383
1;2025-11-18;12;1415
1;2025-11-18;13;1488
1;2025-11-18;14;1467
1;2025-11-18;15;1601
1;2025-11-18;16;1595
1;2025-11-18;17;1867
1;2025-11-18;18;1939
1;2025-11-18;19;1418
1;2025-11-18;20;943
1;2025-11-18;21;494
1;2025-11-18;22;194
1;2025-11-18;23;43
1;2025-11-19;0;4
1;2025-11-19;1;0
1;2025-11-19;2;0
1;2025-11-19;3;0
1;2025-11-19;4;10
1;2025-11-19;5;130
1;2025-11-19;6;539
1;2025-11-19;7;1667
1;2025-11-19;8;2248
1;2025-11-19;9;1626
1;2025-11-19;10;1468
1;2025-11-19;11;1466
1;2025-11-19;12;1512
1;2025-11-19;13;1587
1;2025-11-19;14;1569
1;2025-11-19;15;1699
1;2025-11-19;16;1689
1;2025-11-19;17;1988
1;2025-11-19;18;2055
1;2025-11-19;19;1505
1;2025-11-19;20;1001
1;2025-11-19;21;523
1;2025-11-19;22;207
1;2025-11-19;23;45
1;2025-11-20;0;4
1;2025-11-20;1;0
1;2025-11-20;2;0
1;2025-11-20;3;0
1;2025-11-20;4;10
1;2025-11-20;5;130
1;2025-11-20;6;538
1;2025-11-20;7;1660
1;2025-11-20;8;2238
1;2025-11-20;9;1621
1;2025-11-20;10;1476
1;2025-11-20;11;1473
1;2025-11-20;12;1509
1;2025-11-20;13;1581
1;2025-11-20;14;1562
1;2025-11-20;15;1694
1;2025-11-20;16;1683
1;2025-11-20;17;1979
1;2025-11-20;18;2048
1;2025-11-20;19;1490
1;2025-11-20;20;986
1;2025-11-20;21;517
1;2025-11-20;22;204
1;2025-11-20;23;44
1;2025-11-21;0;4
1;2025-11-21;1;0
1;2025-11-21;2;0
1;2025-11-21;3;0
1;2025-11-21;4;10
1;2025-11-21;5;130
1;2025-11-21;6;536
1;2025-11-21;7;1657
1;2025-11-21;8;2170
1;2025-11-21;9;1615
1;2025-11-21;10;1471
1;2025-11-21;11;1469
1;2025-11-21;12;1507
1;2025-11-21;13;1580
1;2025-11-21;14;1562
1;2025-11-21;15;1694
1;2025-11-21;16;1682
1;2025-11-21;17;1953
1;2025-11-21;18;1932
1;2025-11-21;19;1464
1;2025-11-21;20;986
1;2025-11-21;21;518
1;2025-11-21;22;206
1;2025-11-21;23;45
1;2025-11-22;0;4
1;2025-11-22;1;0
1;2025-11-22;2;0
1;2025-11-22;3;0
1;2025-11-22;4;0
1;2025-11-22;5;28
1;2025-11-22;6;154
1;2025-11-22;7;349
1;2025-11-22;8;504
1;2025-11-22;9;778
1;2025-11-22;10;967
1;2025-11-22;11;921
1;2025-11-22;12;1106
1;2025-11-22;13;1154
1;2025-11-22;14;1085
1;2025-11-22;15;926
1;2025-11-22;16;802
1;2025-11-22;17;745
1;2025-11-22;18;658
1;2025-11-22;19;550
1;2025-11-22;20;419
1;2025-11-22;21;309
1;2025-11-22;22;121
1;2025-11-22;23;27
1;2025-11-23;0;0
1;2025-11-23;1;0
1;2025-11-23;2;0
1;2025-11-23;3;0
1;2025-11-23;4;0
1;2025-11-23;5;20
1;2025-11-23;6;121
1;2025-11-23;7;284
1;2025-11-23;8;389
1;2025-11-23;9;671
1;2025-11-23;10;738
1;2025-11-23;11;740
1;2025-11-23;12;881
1;2025-11-23;13;896
1;2025-11-23;14;819
1;2025-11-23;15;749
1;2025-11-23;16;707
1;2025-11-23;17;613
1;2025-11-23;18;550
1;2025-11-23;19;480
1;2025-11-23;20;358
1;2025-11-23;21;287
1;2025-11-23;22;107
1;2025-11-23;23;23
1;2025-11-24;0;4
1;2025-11-24;1;0
1;2025-11-24;2;0
1;2025-11-24;3;0
1;2025-11-24;4;10
1;2025-11-24;5;128
1;2025-11-24;6;526
1;2025-11-24;7;1630
1;2025-11-24;8;2178
1;2025-11-24;9;1573
1;2025-11-24;10;1415
1;2025-11-24;11;1406
1;2025-11-24;12;1449
1;2025-11-24;13;1516
1;2025-11-24;14;1498
1;2025-11-24;15;1625
1;2025-11-24;16;1613
1;2025-11-24;17;1900
1;2025-11-24;18;1990
1;2025-11-24;19;1446
1;2025-11-24;20;953
1;2025-11-24;21;498
1;2025-11-24;22;196
1;2025-11-24;23;43
1;2025-11-25;0;4
1;2025-11-25;1;0
1;2025-11-25;2;0
1;2025-11-25;3;0
1;2025-11-25;4;10
1;2025-11-25;5;130
1;2025-11-25;6;538
1;2025-11-25;7;1666
1;2025-11-25;8;2242
1;2025-11-25;9;1620
1;2025-11-25;10;1478
1;2025-11-25;11;1475
1;2025-11-25;12;1509
1;2025-11-25;13;1589
1;2025-11-25;14;1567
1;2025-11-25;15;1703
1;2025-11-25;16;1694
1;2025-11-25;17;1987
1;2025-11-25;18;2054
1;2025-11-25;19;1506
1;2025-11-25;20;999
1;2025-11-25;21;521
1;2025-11-25;22;206
1;2025-11-25;23;45
1;2025-11-26;0;4
1;2025-11-26;1;0
1;2025-11-26;2;0
1;2025-11-26;3;0
1;2025-11-26;4;10
1;2025-11-26;5;130
1;2025-11-26;6;537
1;2025-11-26;7;1650
1;2025-11-26;8;2223
1;2025-11-26;9;1603
1;2025-11-26;10;1465
1;2025-11-26;11;1454
1;2025-11-26;12;1488
1;2025-11-26;13;1562
1;2025-11-26;14;1541
1;2025-11-26;15;1666
1;2025-11-26;16;1658
1;2025-11-26;17;1952
1;2025-11-26;18;2034
1;2025-11-26;19;1490
1;2025-11-26;20;994
1;2025-11-26;21;520
1;2025-11-26;22;206
1;2025-11-26;23;45
1;2025-11-27;0;4
1;2025-11-27;1;0
1;2025-11-27;2;0
1;2025-11-27;3;0
1;2025-11-27;4;10
1;2025-11-27;5;130
1;2025-11-27;6;537
1;2025-11-27;7;1663
1;2025-11-27;8;2250
1;2025-11-27;9;1622
1;2025-11-27;10;1475
1;2025-11-27;11;1466
1;2025-11-27;12;1500
1;2025-11-27;13;1573
1;2025-11-27;14;1555
1;2025-11-27;15;1686
1;2025-11-27;16;1677
1;2025-11-27;17;1974
1;2025-11-27;18;2037
1;2025-11-27;19;1478
1;2025-11-27;20;979
1;2025-11-27;21;512
1;2025-11-27;22;204
1;2025-11-27;23;44
1;2025-11-28;0;4
1;2025-11-28;1;0
1;2025-11-28;2;0
1;2025-11-28;3;0
1;2025-11-28;4;10
1;2025-11-28;5;130
1;2025-11-28;6;534
1;2025-11-28;7;1638
1;2025-11-28;8;2178
1;2025-11-28;9;1598
1;2025-11-28;10;1470
1;2025-11-28;11;1468
1;2025-11-28;12;1499
1;2025-11-28;13;1577
1;2025-11-28;14;1559
1;2025-11-28;15;1680
1;2025-11-28;16;1666
1;2025-11-28;17;1944
1;2025-11-28;18;1919
1;2025-11-28;19;1447
1;2025-11-28;20;967
1;2025-11-28;21;510
1;2025-11-28;22;204
1;2025-11-28;23;44
1;2025-11-29;0;4
1;2025-11-29;1;0
1;2025-11-29;2;0
1;2025-11-29;3;0
1;2025-11-29;4;0
1;2025-11-29;5;29
1;2025-11-29;6;157
1;2025-11-29;7;351
1;2025-11-29;8;508
1;2025-11-29;9;785
1;2025-11-29;10;980
1;2025-11-29;11;933
1;2025-11-29;12;1124
1;2025-11-29;13;1167
1;2025-11-29;14;1098
1;2025-11-29;15;941
1;2025-11-29;16;815
1;2025-11-29;17;757
1;2025-11-29;18;669
1;2025-11-29;19;563
1;2025-11-29;20;423
1;2025-11-29;21;320
1;2025-11-29;22;124
1;2025-11-29;23;28
1;2025-11-30;0;0
1;2025-11-30;1;0
1;2025-11-30;2;0
1;2025-11-30;3;0
1;2025-11-30;4;0
1;2025-11-30;5;20
1;2025-11-30;6;122
1;2025-11-30;7;286
1;2025-11-30;8;392
1;2025-11-30;9;680
1;2025-11-30;10;746
1;2025-11-30;11;746
1;2025-11-30;12;890
1;2025-11-30;13;906
1;2025-11-30;14;826
1;2025-11-30;15;754
1;2025-11-30;16;712
1;2025-11-30;17;620
1;2025-11-30;18;558
1;2025-11-30;19;480
1;2025-11-30;20;356
1;2025-11-30;21;286
1;2025-11-30;22;107
1;2025-11-30;23;23
1;2025-12-01;0;4
1;2025-12-01;1;0
1;2025-12-01;2;0
1;2025-12-01;3;0
1;2025-12-01;4;10
1;2025-12-01;5;123
1;2025-12-01;6;507
1;2025-12-01;7;1577
1;2025-12-01;8;2120
1;2025-12-01;9;1525
1;2025-12-01;10;1386
1;2025-12-01;11;1383
1;2025-12-01;12;1418
1;2025-12-01;13;1488
1;2025-12-01;14;1470
1;2025-12-01;15;1595
1;2025-12-01;16;1587
1;2025-12-01;17;1869
1;2025-12-01;18;1943
1;2025-12-01;19;1414
1;2025-12-01;20;930
1;2025-12-01;21;485
1;2025-12-01;22;191
1;2025-12-01;23;42
1;2025-12-02;0;4
1;2025-12-02;1;0
1;2025-12-02;2;0
1;2025-12-02;3;0
1;2025-12-02;4;10
1;2025-12-02;5;125
1;2025-12-02;6;513
1;2025-12-02;7;1588
1;2025-12-02;8;2143
1;2025-12-02;9;1545
1;2025-12-02;10;1411
1;2025-12-02;11;1410
1;2025-12-02;12;1440
1;2025-12-02;13;1514
1;2025-12-02;14;1492
1;2025-12-02;15;1626
1;2025-12-02;16;1616
1;2025-12-02;17;1897
1;2025-12-02;18;1960
1;2025-12-02;19;1429
1;2025-12-02;20;942
1;2025-12-02;21;492
1;2025-12-02;22;194
1;2025-12-02;23;43
1;2025-12-03;0;4
1;2025-12-03;1;0
1;2025-12-03;2;0
1;2025-12-03;3;0
1;2025-12-03;4;10
1;2025-12-03;5;125
1;2025-12-03;6;514
1;2025-12-03;7;1594
1;2025-12-03;8;2150
1;2025-12-03;9;1556
1;2025-12-03;10;1414
1;2025-12-03;11;1412
1;2025-12-03;12;1447
1;2025-12-03;13;1518
1;2025-12-03;14;1499
1;2025-12-03;15;1626
1;2025-12-03;16;1616
1;2025-12-03;17;1901
1;2025-12-03;18;1964
1;2025-12-03;19;1427
1;2025-12-03;20;942
1;2025-12-03;21;494
1;2025-12-03;22;195
1;2025-12-03;23;43
1;2025-12-04;0;4
1;2025-12-04;1;0
1;2025-12-04;2;0
1;2025-12-04;3;0
1;2025-12-04;4;10
1;2025-12-04;5;125
1;2025-12-04;6;514
1;2025-12-04;7;1594
1;2025-12-04;8;2150
1;2025-12-04;9;1553
1;2025-12-04;10;1412
1;2025-12-04;11;1410
1;2025-12-04;12;1444
1;2025-12-04;13;1517
1;2025-12-04;14;1500
1;2025-12-04;15;1624
1;2025-12-04;16;1614
1;2025-12-04;17;1899
1;2025-12-04;18;1964
1;2025-12-04;19;1425
1;2025-12-04;20;942
1;2025-12-04;21;494
1;2025-12-04;22;196
1;2025-12-04;23;43
1;2025-12-05;0;4
1;2025-12-05;1;0
1;2025-12-05;2;0
1;2025-12-05;3;0
1;2025-12-05;4;10
1;2025-12-05;5;124
1;2025-12-05;6;511
1;2025-12-05;7;1584
1;2025-12-05;8;2090
1;2025-12-05;9;1546
1;2025-12-05;10;1408
1;2025-12-05;11;1413
1;2025-12-05;12;1448
1;2025-12-05;13;1522
1;2025-12-05;14;1506
1;2025-12-05;15;1636
1;2025-12-05;16;1619
1;2025-12-05;17;1902
1;2025-12-05;18;1871
1;2025-12-05;19;1394
1;2025-12-05;20;933
1;2025-12-05;21;490
1;2025-12-05;22;196
1;2025-12-05;23;43
1;2025-12-06;0;4
1;2025-12-06;1;0
1;2025-12-06;2;0
1;2025-12-06;3;0
1;2025-12-06;4;0
1;2025-12-06;5;29
1;2025-12-06;6;157
1;2025-12-06;7;350
1;2025-12-06;8;508
1;2025-12-06;9;787
1;2025-12-06;10;984
1;2025-12-06;11;938
1;2025-12-06;12;1126
1;2025-12-06;13;1174
1;2025-12-06;14;1105
1;2025-12-06;15;947
1;2025-12-06;16;816
1;2025-12-06;17;758
1;2025-12-06;18;670
1;2025-12-06;19;564
1;2025-12-06;20;424
1;2025-12-06;21;320
1;2025-12-06;22;124
1;2025-12-06;23;28
1;2025-12-07;0;0
1;2025-12-07;1;0
1;2025-12-07;2;0
1;2025-12-07;3;0
1;2025-12-07;4;0
1;2025-12-07;5;20
1;2025-12-07;6;123
1;2025-12-07;7;289
1;2025-12-07;8;396
1;2025-12-07;9;685
1;2025-12-07;10;752
1;2025-12-07;11;753
1;2025-12-07;12;896
1;2025-12-07;13;914
1;2025-12-07;14;834
1;2025-12-07;15;763
1;2025-12-07;16;720
1;2025-12-07;17;625
1;2025-12-07;18;562
1;2025-12-07;19;485
1;2025-12-07;20;360
1;2025-12-07;21;288
1;2025-12-07;22;108
1;2025-12-07;23;24
1;2025-12-08;0;4
1;2025-12-08;1;0
1;2025-12-08;2;0
1;2025-12-08;3;0
1;2025-12-08;4;10
1;2025-12-08;5;123
1;2025-12-08;6;506
1;2025-12-08;7;1576
1;2025-12-08;8;2120
1;2025-12-08;9;1525
1;2025-12-08;10;1385
1;2025-12-08;11;1382
1;2025-12-08;12;1416
1;2025-12-08;13;1485
1;2025-12-08;14;1468
1;2025-12-08;15;1594
1;2025-12-08;16;1586
1;2025-12-08;17;1866
1;2025-12-08;18;1940
1;2025-12-08;19;1412
1;2025-12-08;20;930
1;2025-12-08;21;484
1;2025-12-08;22;191
1;2025-12-08;23;42
1;2025-12-09;0;4
1;2025-12-09;1;0
1;2025-12-09;2;0
1;2025-12-09;3;0
1;2025-12-09;4;10
1;2025-12-09;5;123
1;2025-12-09;6;507
1;2025-12-09;7;1568
1;2025-12-09;8;2106
1;2025-12-09;9;1522
1;2025-12-09;10;1382
1;2025-12-09;11;1373
1;2025-12-09;12;1400
1;2025-12-09;13;1478
1;2025-12-09;14;1458
1;2025-12-09;15;1592
1;2025-12-09;16;1587
1;2025-12-09;17;1854
1;2025-12-09;18;1923
1;2025-12-09;19;1407
1;2025-12-09;20;930
1;2025-12-09;21;485
1;2025-12-09;22;192
1;2025-12-09;23;42
1;2025-12-10;0;4
1;2025-12-10;1;0
1;2025-12-10;2;0
1;2025-12-10;3;0
1;2025-12-10;4;10
1;2025-12-10;5;124
1;2025-12-10;6;511
1;2025-12-10;7;1572
1;2025-12-10;8;2115
1;2025-12-10;9;1529
1;2025-12-10;10;1391
1;2025-12-10;11;1385
1;2025-12-10;12;1422
1;2025-12-10;13;1491
1;2025-12-10;14;1474
1;2025-12-10;15;1596
1;2025-12-10;16;1587
1;2025-12-10;17;1867
1;2025-12-10;18;1939
1;2025-12-10;19;1419
1;2025-12-10;20;948
1;2025-12-10;21;495
1;2025-12-10;22;196
1;2025-12-10;23;43
1;2025-12-11;0;4
1;2025-12-11;1;0
1;2025-12-11;2;0
1;2025-12-11;3;0
1;2025-12-11;4;10
1;2025-12-11;5;124
1;2025-12-11;6;511
1;2025-12-11;7;1580
1;2025-12-11;8;2136
1;2025-12-11;9;1538
1;2025-12-11;10;1394
1;2025-12-11;11;1379
1;2025-12-11;12;1422
1;2025-12-11;13;1494
1;2025-12-11;14;1476
1;2025-12-11;15;1604
1;2025-12-11;16;1595
1;2025-12-11;17;1880
1;2025-12-11;18;1946
1;2025-12-11;19;1424
1;2025-12-11;20;935
1;2025-12-11;21;490
1;2025-12-11;22;194
1;2025-12-11;23;42
1;2025-12-12;0;4
1;2025-12-12;1;0
1;2025-12-12;2;0
1;2025-12-12;3;0
1;2025-12-12;4;10
1;2025-12-12;5;123
1;2025-12-12;6;506
1;2025-12-12;7;1556
1;2025-12-12;8;2050
1;2025-12-12;9;1518
1;2025-12-12;10;1391
1;2025-12-12;11;1388
1;2025-12-12;12;1419
1;2025-12-12;13;1490
1;2025-12-12;14;1474
1;2025-12-12;15;1585
1;2025-12-12;16;1571
1;2025-12-12;17;1804
1;2025-12-12;18;1801
1;2025-12-12;19;1374
1;2025-12-12;20;934
1;2025-12-12;21;490
1;2025-12-12;22;194
1;2025-12-12;23;42
1;2025-12-13;0;4
1;2025-12-13;1;0
1;2025-12-13;2;0
1;2025-12-13;3;0
1;2025-12-13;4;0
1;2025-12-13;5;28
1;2025-12-13;6;154
1;2025-12-13;7;342
1;2025-12-13;8;492
1;2025-12-13;9;757
1;2025-12-13;10;932
1;2025-12-13;11;896
1;2025-12-13;12;1059
1;2025-12-13;13;1104
1;2025-12-13;14;1036
1;2025-12-13;15;897
1;2025-12-13;16;781
1;2025-12-13;17;728
1;2025-12-13;18;649
1;2025-12-13;19;554
1;2025-12-13;20;417
1;2025-12-13;21;315
1;2025-12-13;22;122
1;2025-12-13;23;28
1;2025-12-14;0;0
1;2025-12-14;1;0
1;2025-12-14;2;0
1;2025-12-14;3;0
1;2025-12-14;4;0
1;2025-12-14;5;20
1;2025-12-14;6;120
1;2025-12-14;7;281
1;2025-12-14;8;384
1;2025-12-14;9;660
1;2025-12-14;10;725
1;2025-12-14;11;726
1;2025-12-14;12;841
1;2025-12-14;13;858
1;2025-12-14;14;784
1;2025-12-14;15;726
1;2025-12-14;16;696
1;2025-12-14;17;604
1;2025-12-14;18;544
1;2025-12-14;19;476
1;2025-12-14;20;355
1;2025-12-14;21;284
1;2025-12-14;22;106
1;2025-12-14;23;23
1;2025-12-15;0;4
1;2025-12-15;1;0
1;2025-12-15;2;0
1;2025-12-15;3;0
1;2025-12-15;4;10
1;2025-12-15;5;122
1;2025-12-15;6;501
1;2025-12-15;7;1556
1;2025-12-15;8;2085
1;2025-12-15;9;1502
1;2025-12-15;10;1363
1;2025-12-15;11;1360
1;2025-12-15;12;1394
1;2025-12-15;13;1462
1;2025-12-15;14;1444
1;2025-12-15;15;1569
1;2025-12-15;16;1561
1;2025-12-15;17;1838
1;2025-12-15;18;1918
1;2025-12-15;19;1403
1;2025-12-15;20;931
1;2025-12-15;21;484
1;2025-12-15;22;191
1;2025-12-15;23;42
1;2025-12-16;0;4
1;2025-12-16;1;0
1;2025-12-16;2;0
1;2025-12-16;3;0
1;2025-12-16;4;10
1;2025-12-16;5;124
1;2025-12-16;6;509
1;2025-12-16;7;1575
1;2025-12-16;8;2115
1;2025-12-16;9;1528
1;2025-12-16;10;1393
1;2025-12-16;11;1385
1;2025-12-16;12;1416
1;2025-12-16;13;1488
1;2025-12-16;14;1466
1;2025-12-16;15;1596
1;2025-12-16;16;1583
1;2025-12-16;17;1858
1;2025-12-16;18;1928
1;2025-12-16;19;1414
1;2025-12-16;20;942
1;2025-12-16;21;491
1;2025-12-16;22;194
1;2025-12-16;23;43
1;2025-12-17;0;4
1;2025-12-17;1;0
1;2025-12-17;2;0
1;2025-12-17;3;0
1;2025-12-17;4;10
1;2025-12-17;5;124
1;2025-12-17;6;510
1;2025-12-17;7;1580
1;2025-12-17;8;2132
1;2025-12-17;9;1542
1;2025-12-17;10;1402
1;2025-12-17;11;1400
1;2025-12-17;12;1433
1;2025-12-17;13;1504
1;2025-12-17;14;1486
1;2025-12-17;15;1610
1;2025-12-17;16;1600
1;2025-12-17;17;1884
1;2025-12-17;18;1947
1;2025-12-17;19;1424
1;2025-12-17;20;949
1;2025-12-17;21;496
1;2025-12-17;22;196
1;2025-12-17;23;43
1;2025-12-18;0;4
1;2025-12-18;1;0
1;2025-12-18;2;0
1;2025-12-18;3;0
1;2025-12-18;4;10
1;2025-12-18;5;125
1;2025-12-18;6;514
1;2025-12-18;7;1587
1;2025-12-18;8;2139
1;2025-12-18;9;1548
1;2025-12-18;10;1399
1;2025-12-18;11;1393
1;2025-12-18;12;1433
1;2025-12-18;13;1511
1;2025-12-18;14;1493
1;2025-12-18;15;1618
1;2025-12-18;16;1608
1;2025-12-18;17;1888
1;2025-12-18;18;1955
1;2025-12-18;19;1431
1;2025-12-18;20;952
1;2025-12-18;21;498
1;2025-12-18;22;197
1;2025-12-18;23;43
1;2025-12-19;0;4
1;2025-12-19;1;0
1;2025-12-19;2;0
1;2025-12-19;3;0
1;2025-12-19;4;10
1;2025-12-19;5;124
1;2025-12-19;6;509
1;2025-12-19;7;1575
1;2025-12-19;8;2075
1;2025-12-19;9;1538
1;2025-12-19;10;1400
1;2025-12-19;11;1402
1;2025-12-19;12;1436
1;2025-12-19;13;1506
1;2025-12-19;14;1488
1;2025-12-19;15;1615
1;2025-12-19;16;1601
1;2025-12-19;17;1867
1;2025-12-19;18;1832
1;2025-12-19;19;1393
1;2025-12-19;20;938
1;2025-12-19;21;492
1;2025-12-19;22;196
1;2025-12-19;23;43
1;2025-12-20;0;4
1;2025-12-20;1;0
1;2025-12-20;2;0
1;2025-12-20;3;0
1;2025-12-20;4;0
1;2025-12-20;5;29
1;2025-12-20;6;156
1;2025-12-20;7;348
1;2025-12-20;8;504
1;2025-12-20;9;780
1;2025-12-20;10;974
1;2025-12-20;11;928
1;2025-12-20;12;1112
1;2025-12-20;13;1159
1;2025-12-20;14;1089
1;2025-12-20;15;939
1;2025-12-20;16;807
1;2025-12-20;17;749
1;2025-12-20;18;659
1;2025-12-20;19;559
1;2025-12-20;20;419
1;2025-12-20;21;317
1;2025-12-20;22;123
1;2025-12-20;23;28
1;2025-12-21;0;0
1;2025-12-21;1;0
1;2025-12-21;2;0
1;2025-12-21;3;0
1;2025-12-21;4;0
1;2025-12-21;5;20
1;2025-12-21;6;118
1;2025-12-21;7;283
1;2025-12-21;8;389
1;2025-12-21;9;672
1;2025-12-21;10;737
1;2025-12-21;11;734
1;2025-12-21;12;868
1;2025-12-21;13;890
1;2025-12-21;14;810
1;2025-12-21;15;745
1;2025-12-21;16;704
1;2025-12-21;17;612
1;2025-12-21;18;554
1;2025-12-21;19;477
1;2025-12-21;20;354
1;2025-12-21;21;287
1;2025-12-21;22;107
1;2025-12-21;23;23
1;2025-12-22;0;4
1;2025-12-22;1;0
1;2025-12-22;2;0
1;2025-12-22;3;0
1;2025-12-22;4;10
1;2025-12-22;5;122
1;2025-12-22;6;503
1;2025-12-22;7;1566
1;2025-12-22;8;2099
1;2025-12-22;9;1510
1;2025-12-22;10;1371
1;2025-12-22;11;1364
1;2025-12-22;12;1391
1;2025-12-22;13;1454
1;2025-12-22;14;1429
1;2025-12-22;15;1560
1;2025-12-22;16;1544
1;2025-12-22;17;1819
1;2025-12-22;18;1906
1;2025-12-22;19;1395
1;2025-12-22;20;931
1;2025-12-22;21;485
1;2025-12-22;22;191
1;2025-12-22;23;42
1;2025-12-23;0;4
1;2025-12-23;1;0
1;2025-12-23;2;0
1;2025-12-23;3;0
1;2025-12-23;4;10
1;2025-12-23;5;123
1;2025-12-23;6;506
1;2025-12-23;7;1546
1;2025-12-23;8;2071
1;2025-12-23;9;1502
1;2025-12-23;10;1373
1;2025-12-23;11;1370
1;2025-12-23;12;1402
1;2025-12-23;13;1474
1;2025-12-23;14;1456
1;2025-12-23;15;1586
1;2025-12-23;16;1577
1;2025-12-23;17;1850
1;2025-12-23;18;1918
1;2025-12-23;19;1411
1;2025-12-23;20;937
1;2025-12-23;21;489
1;2025-12-23;22;193
1;2025-12-23;23;42
1;2025-12-24;0;4
1;2025-12-24;1;0
1;2025-12-24;2;0
1;2025-12-24;3;0
1;2025-12-24;4;10
1;2025-12-24;5;123
1;2025-12-24;6;505
1;2025-12-24;7;1561
1;2025-12-24;8;2098
1;2025-12-24;9;1518
1;2025-12-24;10;1379
1;2025-12-24;11;1369
1;2025-12-24;12;1406
1;2025-12-24;13;1468
1;2025-12-24;14;1450
1;2025-12-24;15;1576
1;2025-12-24;16;1568
1;2025-12-24;17;1847
1;2025-12-24;18;1912
1;2025-12-24;19;1399
1;2025-12-24;20;934
1;2025-12-24;21;489
1;2025-12-24;22;194
1;2025-12-24;23;42
1;2025-12-25;0;4
1;2025-12-25;1;0
1;2025-12-25;2;0
1;2025-12-25;3;0
1;2025-12-25;4;10
1;2025-12-25;5;124
1;2025-12-25;6;513
1;2025-12-25;7;1580
1;2025-12-25;8;2132
1;2025-12-25;9;1533
1;2025-12-25;10;1394
1;2025-12-25;11;1386
1;2025-12-25;12;1422
1;2025-12-25;13;1492
1;2025-12-25;14;1469
1;2025-12-25;15;1593
1;2025-12-25;16;1584
1;2025-12-25;17;1854
1;2025-12-25;18;1922
1;2025-12-25;19;1406
1;2025-12-25;20;948
1;2025-12-25;21;496
1;2025-12-25;22;196
1;2025-12-25;23;43
1;2025-12-26;0;4
1;2025-12-26;1;0
1;2025-12-26;2;0
1;2025-12-26;3;0
1;2025-12-26;4;10
1;2025-12-26;5;121
1;2025-12-26;6;500
1;2025-12-26;7;1524
1;2025-12-26;8;1991
1;2025-12-26;9;1476
1;2025-12-26;10;1344
1;2025-12-26;11;1336
1;2025-12-26;12;1371
1;2025-12-26;13;1439
1;2025-12-26;14;1422
1;2025-12-26;15;1529
1;2025-12-26;16;1518
1;2025-12-26;17;1757
1;2025-12-26;18;1785
1;2025-12-26;19;1366
1;2025-12-26;20;915
1;2025-12-26;21;482
1;2025-12-26;22;192
1;2025-12-26;23;42
1;2025-12-27;0;4
1;2025-12-27;1;0
1;2025-12-27;2;0
1;2025-12-27;3;0
1;2025-12-27;4;0
1;2025-12-27;5;28
1;2025-12-27;6;154
1;2025-12-27;7;343
1;2025-12-27;8;499
1;2025-12-27;9;774
1;2025-12-27;10;961
1;2025-12-27;11;916
1;2025-12-27;12;1098
1;2025-12-27;13;1145
1;2025-12-27;14;1079
1;2025-12-27;15;923
1;2025-12-27;16;800
1;2025-12-27;17;743
1;2025-12-27;18;655
1;2025-12-27;19;557
1;2025-12-27;20;422
1;2025-12-27;21;317
1;2025-12-27;22;120
1;2025-12-27;23;28
1;2025-12-28;0;0
1;2025-12-28;1;0
1;2025-12-28;2;0
1;2025-12-28;3;0
1;2025-12-28;4;0
1;2025-12-28;5;20
1;2025-12-28;6;120
1;2025-12-28;7;275
1;2025-12-28;8;377
1;2025-12-28;9;662
1;2025-12-28;10;729
1;2025-12-28;11;724
1;2025-12-28;12;861
1;2025-12-28;13;879
1;2025-12-28;14;799
1;2025-12-28;15;734
1;2025-12-28;16;697
1;2025-12-28;17;605
1;2025-12-28;18;545
1;2025-12-28;19;471
1;2025-12-28;20;355
1;2025-12-28;21;284
1;2025-12-28;22;106
1;2025-12-28;23;23
1;2025-12-29;0;4
1;2025-12-29;1;0
1;2025-12-29;2;0
1;2025-12-29;3;0
1;2025-12-29;4;10
1;2025-12-29;5;122
1;2025-12-29;6;504
1;2025-12-29;7;1565
1;2025-12-29;8;2098
1;2025-12-29;9;1510
1;2025-12-29;10;1372
1;2025-12-29;11;1366
1;2025-12-29;12;1400
1;2025-12-29;13;1469
1;2025-12-29;14;1451
1;2025-12-29;15;1575
1;2025-12-29;16;1566
1;2025-12-29;17;1846
1;2025-12-29;18;1926
1;2025-12-29;19;1408
1;2025-12-29;20;935
1;2025-12-29;21;486
1;2025-12-29;22;192
1;2025-12-29;23;42
1;2025-12-30;0;4
1;2025-12-30;1;0
1;2025-12-30;2;0
1;2025-12-30;3;0
1;2025-12-30;4;10
1;2025-12-30;5;124
1;2025-12-30;6;509
1;2025-12-30;7;1578
1;2025-12-30;8;2097
1;2025-12-30;9;1530
1;2025-12-30;10;1395
1;2025-12-30;11;1389
1;2025-12-30;12;1420
1;2025-12-30;13;1492
1;2025-12-30;14;1473
1;2025-12-30;15;1605
1;2025-12-30;16;1596
1;2025-12-30;17;1868
1;2025-12-30;18;1878
1;2025-12-30;19;1395
1;2025-12-30;20;938
1;2025-12-30;21;491
1;2025-12-30;22;195
1;2025-12-30;23;43
1;2025-12-31;0;0
1;2025-12-31;1;0
1;2025-12-31;2;0
1;2025-12-31;3;0
1;2025-12-31;4;0
1;2025-12-31;5;20
1;2025-12-31;6;124
1;2025-12-31;7;290
1;2025-12-31;8;382
1;2025-12-31;9;655
1;2025-12-31;10;722
1;2025-12-31;11;718
1;2025-12-31;12;862
1;2025-12-31;13;876
1;2025-12-31;14;793
1;2025-12-31;15;723
1;2025-12-31;16;686
1;2025-12-31;17;592
1;2025-12-31;18;538
1;2025-12-31;19;464
1;2025-12-31;20;363
1;2025-12-31;21;292
1;2025-12-31;22;109
1;2025-12-31;23;24
5;2025-11-01;0;0
5;2025-11-01;1;0
5;2025-11-01;2;0
5;2025-11-01;3;0
5;2025-11-01;4;0
5;2025-11-01;5;0
5;2025-11-01;6;0
5;2025-11-01;7;0
5;2025-11-01;8;0
5;2025-11-01;9;0
5;2025-11-01;10;0
5;2025-11-01;11;0
5;2025-11-01;12;0
5;2025-11-01;13;0
5;2025-11-01;14;0
5;2025-11-01;15;0
5;2025-11-01;16;0
5;2025-11-01;17;0
5;2025-11-01;18;0
5;2025-11-01;19;0
5;2025-11-01;20;0
5;2025-11-01;21;0
5;2025-11-01;22;0
5;2025-11-01;23;0
5;2025-11-02;0;0
5;2025-11-02;1;0
5;2025-11-02;2;0
5;2025-11-02;3;0
5;2025-11-02;4;0
5;2025-11-02;5;0
5;2025-11-02;6;0
5;2025-11-02;7;0
5;2025-11-02;8;0
5;2025-11-02;9;0
5;2025-11-02;10;0
5;2025-11-02;11;0
5;2025-11-02;12;0
5;2025-11-02;13;0
5;2025-11-02;14;0
5;2025-11-02;15;0
5;2025-11-02;16;0
5;2025-11-02;17;0
5;2025-11-02;18;0
5;2025-11-02;19;0
5;2025-11-02;20;0
5;2025-11-02;21;0
5;2025-11-02;22;0
5;2025-11-02;23;0
5;2025-11-03;0;0
5;2025-11-03;1;0
5;2025-11-03;2;0
5;2025-11-03;3;0
5;2025-11-03;4;0
5;2025-11-03;5;0
5;2025-11-03;6;0
5;2025-11-03;7;0
5;2025-11-03;8;0
5;2025-11-03;9;0
5;2025-11-03;10;0
5;2025-11-03;11;0
5;2025-11-03;12;0
5;2025-11-03;13;0
5;2025-11-03;14;0
5;2025-11-03;15;0
5;2025-11-03;16;0
5;2025-11-03;17;0
5;2025-11-03;18;0
5;2025-11-03;19;0
5;2025-11-03;20;0
5;2025-11-03;21;0
5;2025-11-03;22;0
5;2025-11-03;23;0
5;2025-11-04;0;0
5;2025-11-04;1;0
5;2025-11-04;2;0
5;2025-11-04;3;0
5;2025-11-04;4;0
5;2025-11-04;5;0
5;2025-11-04;6;0
5;2025-11-04;7;0
5;2025-11-04;8;0
5;2025-11-04;9;0
5;2025-11-04;10;0
5;2025-11-04;11;0
5;2025-11-04;12;0
5;2025-11-04;13;0
5;2025-11-04;14;0
5;2025-11-04;15;0
5;2025-11-04;16;0
5;2025-11-04;17;0
5;2025-11-04;18;0
5;2025-11-04;19;0
5;2025-11-04;20;0
5;2025-11-04;21;0
5;2025-11-04;22;0
5;2025-11-04;23;0
5;2025-11-05;0;0
5;2025-11-05;1;0
5;2025-11-05;2;0
5;2025-11-05;3;0
5;2025-11-05;4;0
5;2025-11-05;5;0
5;2025-11-05;6;0
5;2025-11-05;7;0
5;2025-11-05;8;0
5;2025-11-05;9;0
5;2025-11-05;10;0
5;2025-11-05;11;0
5;2025-11-05;12;0
5;2025-11-05;13;0
5;2025-11-05;14;0
5;2025-11-05;15;0
5;2025-11-05;16;0
5;2025-11-05;17;0
5;2025-11-05;18;0
5;2025-11-05;19;0
5;2025-11-05;20;0
5;2025-11-05;21;0
5;2025-11-05;22;0
5;2025-11-05;23;0
5;2025-11-06;0;0
5;2025-11-06;1;0
5;2025-11-06;2;0
5;2025-11-06;3;0
5;2025-11-06;4;0
5;2025-11-06;5;0
5;2025-11-06;6;0
5;2025-11-06;7;0
5;2025-11-06;8;0
5;2025-11-06;9;0
5;2025-11-06;10;0
5;2025-11-06;11;0
5;2025-11-06;12;0
5;2025-11-06;13;0
5;2025-11-06;14;0
5;2025-11-06;15;0
5;2025-11-06;16;0
5;2025-11-06;17;0
5;2025-11-06;18;0
5;2025-11-06;19;0
5;2025-11-06;20;0
5;2025-11-06;21;0
5;2025-11-06;22;0
5;2025-11-06;23;0
5;2025-11-07;0;0
5;2025-11-07;1;0
5;2025-11-07;2;0
5;2025-11-07;3;0
5;2025-11-07;4;0
5;2025-11-07;5;0
5;2025-11-07;6;0
5;2025-11-07;7;0
5;2025-11-07;8;0
5;2025-11-07;9;0
5;2025-11-07;10;0
5;2025-11-07;11;0
5;2025-11-07;12;0
5;2025-11-07;13;0
5;2025-11-07;14;0
5;2025-11-07;15;0
5;2025-11-07;16;0
5;2025-11-07;17;0
5;2025-11-07;18;0
5;2025-11-07;19;0
5;2025-11-07;20;0
5;2025-11-07;21;0
5;2025-11-07;22;0
5;2025-11-07;23;0
5;2025-11-08;0;0
5;2025-11-08;1;0
5;2025-11-08;2;0
5;2025-11-08;3;0
5;2025-11-08;4;0
5;2025-11-08;5;0
5;2025-11-08;6;0
5;2025-11-08;7;0
5;2025-11-08;8;0
5;2025-11-08;9;0
5;2025-11-08;10;0
5;2025-11-08;11;0
5;2025-11-08;12;0
5;2025-11-08;13;0
5;2025-11-08;14;0
5;2025-11-08;15;0
5;2025-11-08;16;0
5;2025-11-08;17;0
5;2025-11-08;18;0
5;2025-11-08;19;0
5;2025-11-08;20;0
5;2025-11-08;21;0
5;2025-11-08;22;0
5;2025-11-08;23;0
5;2025-11-09;0;0
5;2025-11-09;1;0
5;2025-11-09;2;0
5;2025-11-09;3;0
5;2025-11-09;4;0
5;2025-11-09;5;0
5;2025-11-09;6;0
5;2025-11-09;7;0
5;2025-11-09;8;0
5;2025-11-09;9;0
5;2025-11-09;10;0
5;2025-11-09;11;0
5;2025-11-09;12;0
5;2025-11-09;13;0
5;2025-11-09;14;0
5;2025-11-09;15;0
5;2025-11-09;16;0
5;2025-11-09;17;0
5;2025-11-09;18;0
5;2025-11-09;19;0
5;2025-11-09;20;0
5;2025-11-09;21;0
5;2025-11-09;22;0
5;2025-11-09;23;0
5;2025-11-10;0;0
5;2025-11-10;1;0
5;2025-11-10;2;0
5;2025-11-10;3;0
5;2025-11-10;4;0
5;2025-11-10;5;0
5;2025-11-10;6;0
5;2025-11-10;7;0
5;2025-11-10;8;0
5;2025-11-10;9;0
5;2025-11-10;10;0
5;2025-11-10;11;0
5;2025-11-10;12;0
5;2025-11-10;13;0
5;2025-11-10;14;0
5;2025-11-10;15;0
5;2025-11-10;16;0
5;2025-11-10;17;0
5;2025-11-10;18;0
5;2025-11-10;19;0
5;2025-11-10;20;0
5;2025-11-10;21;0
5;2025-11-10;22;0
5;2025-11-10;23;0
5;2025-11-11;0;0
5;2025-11-11;1;0
5;2025-11-11;2;0
5;2025-11-11;3;0
5;2025-11-11;4;0
5;2025-11-11;5;0
5;2025-11-11;6;0
5;2025-11-11;7;0
5;2025-11-11;8;0
5;2025-11-11;9;0
5;2025-11-11;10;0
5;2025-11-11;11;0
5;2025-11-11;12;0
5;2025-11-11;13;0
5;2025-11-11;14;0
5;2025-11-11;15;0
5;2025-11-11;16;0
5;2025-11-11;17;0
5;2025-11-11;18;0
5;2025-11-11;19;0
5;2025-11-11;20;0
5;2025-11-11;21;0
5;2025-11-11;22;0
5;2025-11-11;23;0
5;2025-11-12;0;0
5;2025-11-12;1;0
5;2025-11-12;2;0
5;2025-11-12;3;0
5;2025-11-12;4;0
5;2025-11-12;5;0
5;2025-11-12;6;0
5;2025-11-12;7;0
5;2025-11-12;8;0
5;2025-11-12;9;0
5;2025-11-12;10;0
5;2025-11-12;11;0
5;2025-11-12;12;0
5;2025-11-12;13;0
5;2025-11-12;14;0
5;2025-11-12;15;0
5;2025-11-12;16;0
5;2025-11-12;17;0
5;2025-11-12;18;0
5;2025-11-12;19;0
5;2025-11-12;20;0
5;2025-11-12;21;0
5;2025-11-12;22;0
5;2025-11-12;23;0
5;2025-11-13;0;0
5;2025-11-13;1;0
5;2025-11-13;2;0
5;2025-11-13;3;0
5;2025-11-13;4;0
5;2025-11-13;5;0
5;2025-11-13;6;0
5;2025-11-13;7;0
5;2025-11-13;8;0
5;2025-11-13;9;0
5;2025-11-13;10;0
5;2025-11-13;11;0
5;2025-11-13;12;0
5;2025-11-13;13;0
5;2025-11-13;14;0
5;2025-11-13;15;0
5;2025-11-13;16;0
5;2025-11-13;17;0
5;2025-11-13;18;0
5;2025-11-13;19;0
5;2025-11-13;20;0
5;2025-11-13;21;0
5;2025-11-13;22;0
5;2025-11-13;23;0
5;2025-11-14;0;0
5;2025-11-14;1;0
5;2025-11-14;2;0
5;2025-11-14;3;0
5;2025-11-14;4;0
5;2025-11-14;5;0
5;2025-11-14;6;0
5;2025-11-14;7;0
5;2025-11-14;8;0
5;2025-11-14;9;0
5;2025-11-14;10;0
5;2025-11-14;11;0
5;2025-11-14;12;0
5;2025-11-14;13;0
5;2025-11-14;14;0
5;2025-11-14;15;0
5;2025-11-14;16;0
5;2025-11-14;17;0
5;2025-11-14;18;0
5;2025-11-14;19;0
5;2025-11-14;20;0
5;2025-11-14;21;0
5;2025-11-14;22;0
5;2025-11-14;23;0
5;2025-11-15;0;0
5;2025-11-15;1;0
5;2025-11-15;2;0
5;2025-11-15;3;0
5;2025-11-15;4;0
5;2025-11-15;5;0
5;2025-11-15;6;0
5;2025-11-15;7;0
5;2025-11-15;8;0
5;2025-11-15;9;0
5;2025-11-15;10;0
5;2025-11-15;11;0
5;2025-11-15;12;0
5;2025-11-15;13;0
5;2025-11-15;14;0
5;2025-11-15;15;0
5;2025-11-15;16;0
5;2025-11-15;17;0
5;2025-11-15;18;0
5;2025-11-15;19;0
5;2025-11-15;20;0
5;2025-11-15;21;0
5;2025-11-15;22;0
5;2025-11-15;23;0
5;2025-11-16;0;0
5;2025-11-16;1;0
5;2025-11-16;2;0
5;2025-11-16;3;0
5;2025-11-16;4;0
5;2025-11-16;5;0
5;2025-11-16;6;0
5;2025-11-16;7;0
5;2025-11-16;8;0
5;2025-11-16;9;0
5;2025-11-16;10;0
5;2025-11-16;11;0
5;2025-11-16;12;0
5;2025-11-16;13;0
5;2025-11-16;14;0
5;2025-11-16;15;0
5;2025-11-16;16;0
5;2025-11-16;17;0
5;2025-11-16;18;0
5;2025-11-16;19;0
5;2025-11-16;20;0
5;2025-11-16;21;0
5;2025-11-16;22;0
5;2025-11-16;23;0
5;2025-11-17;0;0
5;2025-11-17;1;0
5;2025-11-17;2;0
5;2025-11-17;3;0
5;2025-11-17;4;0
5;2025-11-17;5;0
5;2025-11-17;6;0
5;2025-11-17;7;0
5;2025-11-17;8;0
5;2025-11-17;9;0
5;2025-11-17;10;0
5;2025-11-17;11;0
5;2025-11-17;12;0
5;2025-11-17;13;0
5;2025-11-17;14;0
5;2025-11-17;15;0
5;2025-11-17;16;0
5;2025-11-17;17;0
5;2025-11-17;18;0
5;2025-11-17;19;0
5;2025-11-17;20;0
5;2025-11-17;21;0
5;2025-11-17;22;0
5;2025-11-17;23;0
5;2025-11-18;0;0
5;2025-11-18;1;0
5;2025-11-18;2;0
5;2025-11-18;3;0
5;2025-11-18;4;0
5;2025-11-18;5;0
5;2025-11-18;6;0
5;2025-11-18;7;0
5;2025-11-18;8;0
5;2025-11-18;9;0
5;2025-11-18;10;0
5;2025-11-18;11;0
5;2025-11-18;12;0
5;2025-11-18;13;0
5;2025-11-18;14;0
5;2025-11-18;15;0
5;2025-11-18;16;0
5;2025-11-18;17;0
5;2025-11-18;18;0
5;2025-11-18;19;0
5;2025-11-18;20;0
5;2025-11-18;21;0
5;2025-11-18;22;0
5;2025-11-18;23;0
5;2025-11-19;0;0
5;2025-11-19;1;0
5;2025-11-19;2;0
5;2025-11-19;3;0
5;2025-11-19;4;0
5;2025-11-19;5;0
5;2025-11-19;6;0
5;2025-11-19;7;0
5;2025-11-19;8;0
5;2025-11-19;9;0
5;2025-11-19;10;0
5;2025-11-19;11;0
5;2025-11-19;12;0
5;2025-11-19;13;0
5;2025-11-19;14;0
5;2025-11-19;15;0
5;2025-11-19;16;0
5;2025-11-19;17;0
5;2025-11-19;18;0
5;2025-11-19;19;0
5;2025-11-19;20;0
5;2025-11-19;21;0
5;2025-11-19;22;0
5;2025-11-19;23;0
5;2025-11-20;0;0
5;2025-11-20;1;0
5;2025-11-20;2;0
5;2025-11-20;3;0
5;2025-11-20;4;0
5;2025-11-20;5;0
5;2025-11-20;6;0
5;2025-11-20;7;0
5;2025-11-20;8;0
5;2025-11-20;9;0
5;2025-11-20;10;0
5;2025-11-20;11;0
5;2025-11-20;12;0
5;2025-11-20;13;0
5;2025-11-20;14;0
5;2025-11-20;15;0
5;2025-11-20;16;0
5;2025-11-20;17;0
5;2025-11-20;18;0
5;2025-11-20;19;0
5;2025-11-20;20;0
5;2025-11-20;21;0
5;2025-11-20;22;0
5;2025-11-20;23;0
5;2025-11-21;0;0
5;2025-11-21;1;0
5;2025-11-21;2;0
5;2025-11-21;3;0
5;2025-11-21;4;0
5;2025-11-21;5;0
5;2025-11-21;6;0
5;2025-11-21;7;0
5;2025-11-21;8;0
5;2025-11-21;9;0
5;2025-11-21;10;0
5;2025-11-21;11;0
5;2025-11-21;12;0
5;2025-11-21;13;0
5;2025-11-21;14;0
5;2025-11-21;15;0
5;2025-11-21;16;0
5;2025-11-21;17;0
5;2025-11-21;18;0
5;2025-11-21;19;0
5;2025-11-21;20;0
5;2025-11-21;21;0
5;2025-11-21;22;0
5;2025-11-21;23;0
5;2025-11-22;0;0
5;2025-11-22;1;0
5;2025-11-22;2;0
5;2025-11-22;3;0
5;2025-11-22;4;0
5;2025-11-22;5;0
5;2025-11-22;6;0
5;2025-11-22;7;0
5;2025-11-22;8;0
5;2025-11-22;9;0
5;2025-11-22;10;0
5;2025-11-22;11;0
5;2025-11-22;12;0
5;2025-11-22;13;0
5;2025-11-22;14;0
5;2025-11-22;15;0
5;2025-11-22;16;0
5;2025-11-22;17;0
5;2025-11-22;18;0
5;2025-11-22;19;0
5;2025-11-22;20;0
5;2025-11-22;21;0
5;2025-11-22;22;0
5;2025-11-22;23;0
5;2025-11-23;0;0
5;2025-11-23;1;0
5;2025-11-23;2;0
5;2025-11-23;3;0
5;2025-11-23;4;0
5;2025-11-23;5;0
5;2025-11-23;6;0
5;2025-11-23;7;0
5;2025-11-23;8;0
5;2025-11-23;9;0
5;2025-11-23;10;0
5;2025-11-23;11;0
5;2025-11-23;12;0
5;2025-11-23;13;0
5;2025-11-23;14;0
5;2025-11-23;15;0
5;2025-11-23;16;0
5;2025-11-23;17;0
5;2025-11-23;18;0
5;2025-11-23;19;0
5;2025-11-23;20;0
5;2025-11-23;21;0
5;2025-11-23;22;0
5;2025-11-23;23;0
5;2025-11-24;0;0
5;2025-11-24;1;0
5;2025-11-24;2;0
5;2025-11-24;3;0
5;2025-11-24;4;0
5;2025-11-24;5;0
5;2025-11-24;6;0
5;2025-11-24;7;0
5;2025-11-24;8;0
5;2025-11-24;9;0
5;2025-11-24;10;0
5;2025-11-24;11;0
5;2025-11-24;12;0
5;2025-11-24;13;0
5;2025-11-24;14;0
5;2025-11-24;15;0
5;2025-11-24;16;0
5;2025-11-24;17;0
5;2025-11-24;18;0
5;2025-11-24;19;0
5;2025-11-24;20;0
5;2025-11-24;21;0
5;2025-11-24;22;0
5;2025-11-24;23;0
5;2025-11-25;0;0
5;2025-11-25;1;0
5;2025-11-25;2;0
5;2025-11-25;3;0
5;2025-11-25;4;0
5;2025-11-25;5;0
5;2025-11-25;6;0
5;2025-11-25;7;0
5;2025-11-25;8;0
5;2025-11-25;9;0
5;2025-11-25;10;0
5;2025-11-25;11;0
5;2025-11-25;12;0
5;2025-11-25;13;0
5;2025-11-25;14;0
5;2025-11-25;15;0
5;2025-11-25;16;0
5;2025-11-25;17;0
5;2025-11-25;18;0
5;2025-11-25;19;0
5;2025-11-25;20;0
5;2025-11-25;21;0
5;2025-11-25;22;0
5;2025-11-25;23;0
5;2025-11-26;0;0
5;2025-11-26;1;0
5;2025-11-26;2;0
5;2025-11-26;3;0
5;2025-11-26;4;0
5;2025-11-26;5;0
5;2025-11-26;6;0
5;2025-11-26;7;0
5;2025-11-26;8;0
5;2025-11-26;9;0
5;2025-11-26;10;0
5;2025-11-26;11;0
5;2025-11-26;12;0
5;2025-11-26;13;0
5;2025-11-26;14;0
5;2025-11-26;15;0
5;2025-11-26;16;0
5;2025-11-26;17;0
5;2025-11-26;18;0
5;2025-11-26;19;0
5;2025-11-26;20;0
5;2025-11-26;21;0
5;2025-11-26;22;0
5;2025-11-26;23;0
5;2025-11-27;0;0
5;2025-11-27;1;0
5;2025-11-27;2;0
5;2025-11-27;3;0
5;2025-11-27;4;0
5;2025-11-27;5;0
5;2025-11-27;6;0
5;2025-11-27;7;0
5;2025-11-27;8;0
5;2025-11-27;9;0
5;2025-11-27;10;0
5;2025-11-27;11;0
5;2025-11-27;12;0
5;2025-11-27;13;0
5;2025-11-27;14;0
5;2025-11-27;15;0
5;2025-11-27;16;0
5;2025-11-27;17;0
5;2025-11-27;18;0
5;2025-11-27;19;0
5;2025-11-27;20;0
5;2025-11-27;21;0
5;2025-11-27;22;0
5;2025-11-27;23;0
5;2025-11-28;0;0
5;2025-11-28;1;0
5;2025-11-28;2;0
5;2025-11-28;3;0
5;2025-11-28;4;0
5;2025-11-28;5;0
5;2025-11-28;6;0
5;2025-11-28;7;0
5;2025-11-28;8;0
5;2025-11-28;9;0
5;2025-11-28;10;0
5;2025-11-28;11;0
5;2025-11-28;12;0
5;2025-11-28;13;0
5;2025-11-28;14;0
5;2025-11-28;15;0
5;2025-11-28;16;0
5;2025-11-28;17;0
5;2025-11-28;18;0
5;2025-11-28;19;0
5;2025-11-28;20;0
5;2025-11-28;21;0
5;2025-11-28;22;0
5;2025-11-28;23;0
5;2025-11-29;0;0
5;2025-11-29;1;0
5;2025-11-29;2;0
5;2025-11-29;3;0
5;2025-11-29;4;0
5;2025-11-29;5;0
5;2025-11-29;6;0
5;2025-11-29;7;0
5;2025-11-29;8;0
5;2025-11-29;9;0
5;2025-11-29;10;0
5;2025-11-29;11;0
5;2025-11-29;12;0
5;2025-11-29;13;0
5;2025-11-29;14;0
5;2025-11-29;15;0
5;2025-11-29;16;0
5;2025-11-29;17;0
5;2025-11-29;18;0
5;2025-11-29;19;0
5;2025-11-29;20;0
5;2025-11-29;21;0
5;2025-11-29;22;0
5;2025-11-29;23;0
5;2025-11-30;0;0
5;2025-11-30;1;0
5;2025-11-30;2;0
5;2025-11-30;3;0
5;2025-11-30;4;0
5;2025-11-30;5;0
5;2025-11-30;6;0
5;2025-11-30;7;0
5;2025-11-30;8;0
5;2025-11-30;9;0
5;2025-11-30;10;0
5;2025-11-30;11;0
5;2025-11-30;12;0
5;2025-11-30;13;0
5;2025-11-30;14;0
5;2025-11-30;15;0
5;2025-11-30;16;0
5;2025-11-30;17;0
5;2025-11-30;18;0
5;2025-11-30;19;0
5;2025-11-30;20;0
5;2025-11-30;21;0
5;2025-11-30;22;0
5;2025-11-30;23;0
5;2025-12-01;0;0
5;2025-12-01;1;0
5;2025-12-01;2;0
5;2025-12-01;3;0
5;2025-12-01;4;0
5;2025-12-01;5;0
5;2025-12-01;6;0
5;2025-12-01;7;0
5;2025-12-01;8;0
5;2025-12-01;9;0
5;2025-12-01;10;0
5;2025-12-01;11;0
5;2025-12-01;12;0
5;2025-12-01;13;0
5;2025-12-01;14;0
5;2025-12-01;15;0
5;2025-12-01;16;0
5;2025-12-01;17;0
5;2025-12-01;18;0
5;2025-12-01;19;0
5;2025-12-01;20;0
5;2025-12-01;21;0
5;2025-12-01;22;0
5;2025-12-01;23;0
5;2025-12-02;0;0
5;2025-12-02;1;0
5;2025-12-02;2;0
5;2025-12-02;3;0
5;2025-12-02;4;0
5;2025-12-02;5;0
5;2025-12-02;6;0
5;2025-12-02;7;0
5;2025-12-02;8;0
5;2025-12-02;9;0
5;2025-12-02;10;0
5;2025-12-02;11;0
5;2025-12-02;12;0
5;2025-12-02;13;0
5;2025-12-02;14;0
5;2025-12-02;15;0
5;2025-12-02;16;0
5;2025-12-02;17;0
5;2025-12-02;18;0
5;2025-12-02;19;0
5;2025-12-02;20;0
5;2025-12-02;21;0
5;2025-12-02;22;0
5;2025-12-02;23;0
5;2025-12-03;0;0
5;2025-12-03;1;0
5;2025-12-03;2;0
5;2025-12-03;3;0
5;2025-12-03;4;0
5;2025-12-03;5;0
5;2025-12-03;6;0
5;2025-12-03;7;0
5;2025-12-03;8;0
5;2025-12-03;9;0
5;2025-12-03;10;0
5;2025-12-03;11;0
5;2025-12-03;12;0
5;2025-12-03;13;0
5;2025-12-03;14;0
5;2025-12-03;15;0
5;2025-12-03;16;0
5;2025-12-03;17;0
5;2025-12-03;18;0
5;2025-12-03;19;0
5;2025-12-03;20;0
5;2025-12-03;21;0
5;2025-12-03;22;0
5;2025-12-03;23;0
5;2025-12-04;0;0
5;2025-12-04;1;0
5;2025-12-04;2;0
5;2025-12-04;3;0
5;2025-12-04;4;0
5;2025-12-04;5;0
5;2025-12-04;6;0
5;2025-12-04;7;0
5;2025-12-04;8;0
5;2025-12-04;9;0
5;2025-12-04;10;0
5;2025-12-04;11;0
5;2025-12-04;12;0
5;2025-12-04;13;0
5;2025-12-04;14;0
5;2025-12-04;15;0
5;2025-12-04;16;0
5;2025-12-04;17;0
5;2025-12-04;18;0
5;2025-12-04;19;0
5;2025-12-04;20;0
5;2025-12-04;21;0
5;2025-12-04;22;0
5;2025-12-04;23;0
5;2025-12-05;0;0
5;2025-12-05;1;0
5;2025-12-05;2;0
5;2025-12-05;3;0
5;2025-12-05;4;0
5;2025-12-05;5;0
5;2025-12-05;6;0
5;2025-12-05;7;0
5;2025-12-05;8;0
5;2025-12-05;9;0
5;2025-12-05;10;0
5;2025-12-05;11;0
5;2025-12-05;12;0
5;2025-12-05;13;0
5;2025-12-05;14;0
5;2025-12-05;15;0
5;2025-12-05;16;0
5;2025-12-05;17;0
5;2025-12-05;18;0
5;2025-12-05;19;0
5;2025-12-05;20;0
5;2025-12-05;21;0
5;2025-12-05;22;0
5;2025-12-05;23;0
5;2025-12-06;0;0
5;2025-12-06;1;0
5;2025-12-06;2;0
5;2025-12-06;3;0
5;2025-12-06;4;0
5;2025-12-06;5;0
5;2025-12-06;6;0
5;2025-12-06;7;0
5;2025-12-06;8;0
5;2025-12-06;9;0
5;2025-12-06;10;0
5;2025-12-06;11;0
5;2025-12-06;12;0
5;2025-12-06;13;0
5;2025-12-06;14;0
5;2025-12-06;15;0
5;2025-12-06;16;0
5;2025-12-06;17;0
5;2025-12-06;18;0
5;2025-12-06;19;0
5;2025-12-06;20;0
5;2025-12-06;21;0
5;2025-12-06;22;0
5;2025-12-06;23;0
5;2025-12-07;0;0
5;2025-12-07;1;0
5;2025-12-07;2;0
5;2025-12-07;3;0
5;2025-12-07;4;0
5;2025-12-07;5;0
5;2025-12-07;6;0
5;2025-12-07;7;0
5;2025-12-07;8;0
5;2025-12-07;9;0
5;2025-12-07;10;0
5;2025-12-07;11;0
5;2025-12-07;12;0
5;2025-12-07;13;0
5;2025-12-07;14;0
5;2025-12-07;15;0
5;2025-12-07;16;0
5;2025-12-07;17;0
5;2025-12-07;18;0
5;2025-12-07;19;0
5;2025-12-07;20;0
5;2025-12-07;21;0
5;2025-12-07;22;0
5;2025-12-07;23;0
5;2025-12-08;0;0
5;2025-12-08;1;0
5;2025-12-08;2;0
5;2025-12-08;3;0
5;2025-12-08;4;0
5;2025-12-08;5;0
5;2025-12-08;6;0
5;2025-12-08;7;0
5;2025-12-08;8;0
5;2025-12-08;9;0
5;2025-12-08;10;0
5;2025-12-08;11;0
5;2025-12-08;12;0
5;2025-12-08;13;0
5;2025-12-08;14;0
5;2025-12-08;15;0
5;2025-12-08;16;0
5;2025-12-08;17;0
5;2025-12-08;18;0
5;2025-12-08;19;0
5;2025-12-08;20;0
5;2025-12-08;21;0
5;2025-12-08;22;0
5;2025-12-08;23;0
5;2025-12-09;0;0
5;2025-12-09;1;0
5;2025-12-09;2;0
5;2025-12-09;3;0
5;2025-12-09;4;0
5;2025-12-09;5;0
5;2025-12-09;6;0
5;2025-12-09;7;0
5;2025-12-09;8;0
5;2025-12-09;9;0
5;2025-12-09;10;0
5;2025-12-09;11;0
5;2025-12-09;12;0
5;2025-12-09;13;0
5;2025-12-09;14;0
5;2025-12-09;15;0
5;2025-12-09;16;0
5;2025-12-09;17;0
5;2025-12-09;18;0
5;2025-12-09;19;0
5;2025-12-09;20;0
5;2025-12-09;21;0
5;2025-12-09;22;0
5;2025-12-09;23;0
5;2025-12-10;0;0
5;2025-12-10;1;0
5;2025-12-10;2;0
5;2025-12-10;3;0
5;2025-12-10;4;0
5;2025-12-10;5;0
5;2025-12-10;6;0
5;2025-12-10;7;0
5;2025-12-10;8;0
5;2025-12-10;9;0
5;2025-12-10;10;0
5;2025-12-10;11;0
5;2025-12-10;12;0
5;2025-12-10;13;0
5;2025-12-10;14;0
5;2025-12-10;15;0
5;2025-12-10;16;0
5;2025-12-10;17;0
5;2025-12-10;18;0
5;2025-12-10;19;0
5;2025-12-10;20;0
5;2025-12-10;21;0
5;2025-12-10;22;0
5;2025-12-10;23;0
5;2025-12-11;0;0
5;2025-12-11;1;0
5;2025-12-11;2;0
5;2025-12-11;3;0
5;2025-12-11;4;0
5;2025-12-11;5;0
5;2025-12-11;6;0
5;2025-12-11;7;0
5;2025-12-11;8;0
5;2025-12-11;9;0
5;2025-12-11;10;0
5;2025-12-11;11;0
5;2025-12-11;12;0
5;2025-12-11;13;0
5;2025-12-11;14;0
5;2025-12-11;15;0
5;2025-12-11;16;0
5;2025-12-11;17;0
5;2025-12-11;18;0
5;2025-12-11;19;0
5;2025-12-11;20;0
5;2025-12-11;21;0
5;2025-12-11;22;0
5;2025-12-11;23;0
5;2025-12-12;0;0
5;2025-12-12;1;0
5;2025-12-12;2;0
5;2025-12-12;3;0
5;2025-12-12;4;0
5;2025-12-12;5;0
5;2025-12-12;6;0
5;2025-12-12;7;0
5;2025-12-12;8;0
5;2025-12-12;9;0
5;2025-12-12;10;0
5;2025-12-12;11;0
5;2025-12-12;12;0
5;2025-12-12;13;0
5;2025-12-12;14;0
5;2025-12-12;15;0
5;2025-12-12;16;0
5;2025-12-12;17;0
5;2025-12-12;18;0
5;2025-12-12;19;0
5;2025-12-12;20;0
5;2025-12-12;21;0
5;2025-12-12;22;0
5;2025-12-12;23;0
5;2025-12-13;0;0
5;2025-12-13;1;0
5;2025-12-13;2;0
5;2025-12-13;3;0
5;2025-12-13;4;0
5;2025-12-13;5;0
5;2025-12-13;6;0
5;2025-12-13;7;0
5;2025-12-13;8;0
5;2025-12-13;9;0
5;2025-12-13;10;0
5;2025-12-13;11;0
5;2025-12-13;12;0
5;2025-12-13;13;0
5;2025-12-13;14;0
5;2025-12-13;15;0
5;2025-12-13;16;0
5;2025-12-13;17;0
5;2025-12-13;18;0
5;2025-12-13;19;0
5;2025-12-13;20;0
5;2025-12-13;21;0
5;2025-12-13;22;0
5;2025-12-13;23;0
5;2025-12-14;0;0
5;2025-12-14;1;0
5;2025-12-14;2;0
5;2025-12-14;3;0
5;2025-12-14;4;0
5;2025-12-14;5;0
5;2025-12-14;6;0
5;2025-12-14;7;0
5;2025-12-14;8;0
5;2025-12-14;9;0
5;2025-12-14;10;0
5;2025-12-14;11;0
5;2025-12-14;12;0
5;2025-12-14;13;0
5;2025-12-14;14;0
5;2025-12-14;15;0
5;2025-12-14;16;0
5;2025-12-14;17;0
5;2025-12-14;18;0
5;2025-12-14;19;0
5;2025-12-14;20;0
5;2025-12-14;21;0
5;2025-12-14;22;0
5;2025-12-14;23;0
5;2025-12-15;0;0
5;2025-12-15;1;0
5;2025-12-15;2;0
5;2025-12-15;3;0
5;2025-12-15;4;0
5;2025-12-15;5;0
5;2025-12-15;6;0
5;2025-12-15;7;0
5;2025-12-15;8;0
5;2025-12-15;9;0
5;2025-12-15;10;0
5;2025-12-15;11;0
5;2025-12-15;12;0
5;2025-12-15;13;0
5;2025-12-15;14;0
5;2025-12-15;15;0
5;2025-12-15;16;0
5;2025-12-15;17;0
5;2025-12-15;18;0
5;2025-12-15;19;0
5;2025-12-15;20;0
5;2025-12-15;21;0
5;2025-12-15;22;0
5;2025-12-15;23;0
5;2025-12-16;0;2
5;2025-12-16;1;0
5;2025-12-16;2;0
5;2025-12-16;3;0
5;2025-12-16;4;0
5;2025-12-16;5;7
5;2025-12-16;6;34
5;2025-12-16;7;82
5;2025-12-16;8;119
5;2025-12-16;9;84
5;2025-12-16;10;69
5;2025-12-16;11;65
5;2025-12-16;12;67
5;2025-12-16;13;69
5;2025-12-16;14;69
5;2025-12-16;15;73
5;2025-12-16;16;81
5;2025-12-16;17;99
5;2025-12-16;18;105
5;2025-12-16;19;72
5;2025-12-16;20;47
5;2025-12-16;21;29
5;2025-12-16;22;13
5;2025-12-16;23;7
5;2025-12-17;0;2
5;2025-12-17;1;0
5;2025-12-17;2;0
5;2025-12-17;3;0
5;2025-12-17;4;0
5;2025-12-17;5;7
5;2025-12-17;6;34
5;2025-12-17;7;82
5;2025-12-17;8;120
5;2025-12-17;9;85
5;2025-12-17;10;69
5;2025-12-17;11;66
5;2025-12-17;12;68
5;2025-12-17;13;69
5;2025-12-17;14;70
5;2025-12-17;15;74
5;2025-12-17;16;82
5;2025-12-17;17;100
5;2025-12-17;18;106
5;2025-12-17;19;73
5;2025-12-17;20;48
5;2025-12-17;21;29
5;2025-12-17;22;13
5;2025-12-17;23;7
5;2025-12-18;0;2
5;2025-12-18;1;0
5;2025-12-18;2;0
5;2025-12-18;3;0
5;2025-12-18;4;0
5;2025-12-18;5;7
5;2025-12-18;6;34
5;2025-12-18;7;83
5;2025-12-18;8;120
5;2025-12-18;9;85
5;2025-12-18;10;69
5;2025-12-18;11;66
5;2025-12-18;12;68
5;2025-12-18;13;70
5;2025-12-18;14;70
5;2025-12-18;15;75
5;2025-12-18;16;83
5;2025-12-18;17;101
5;2025-12-18;18;106
5;2025-12-18;19;73
5;2025-12-18;20;48
5;2025-12-18;21;29
5;2025-12-18;22;13
5;2025-12-18;23;7
5;2025-12-19;0;2
5;2025-12-19;1;0
5;2025-12-19;2;0
5;2025-12-19;3;0
5;2025-12-19;4;0
5;2025-12-19;5;7
5;2025-12-19;6;34
5;2025-12-19;7;82
5;2025-12-19;8;117
5;2025-12-19;9;85
5;2025-12-19;10;69
5;2025-12-19;11;65
5;2025-12-19;12;67
5;2025-12-19;13;69
5;2025-12-19;14;70
5;2025-12-19;15;74
5;2025-12-19;16;82
5;2025-12-19;17;99
5;2025-12-19;18;98
5;2025-12-19;19;71
5;2025-12-19;20;47
5;2025-12-19;21;29
5;2025-12-19;22;13
5;2025-12-19;23;7
5;2025-12-20;0;3
5;2025-12-20;1;0
5;2025-12-20;2;0
5;2025-12-20;3;0
5;2025-12-20;4;0
5;2025-12-20;5;4
5;2025-12-20;6;16
5;2025-12-20;7;22
5;2025-12-20;8;33
5;2025-12-20;9;39
5;2025-12-20;10;44
5;2025-12-20;11;49
5;2025-12-20;12;55
5;2025-12-20;13;57
5;2025-12-20;14;58
5;2025-12-20;15;57
5;2025-12-20;16;56
5;2025-12-20;17;53
5;2025-12-20;18;47
5;2025-12-20;19;39
5;2025-12-20;20;28
5;2025-12-20;21;21
5;2025-12-20;22;12
5;2025-12-20;23;7
5;2025-12-21;0;3
5;2025-12-21;1;0
5;2025-12-21;2;0
5;2025-12-21;3;0
5;2025-12-21;4;0
5;2025-12-21;5;2
5;2025-12-21;6;10
5;2025-12-21;7;15
5;2025-12-21;8;22
5;2025-12-21;9;29
5;2025-12-21;10;32
5;2025-12-21;11;40
5;2025-12-21;12;43
5;2025-12-21;13;47
5;2025-12-21;14;47
5;2025-12-21;15;47
5;2025-12-21;16;45
5;2025-12-21;17;45
5;2025-12-21;18;38
5;2025-12-21;19;31
5;2025-12-21;20;23
5;2025-12-21;21;17
5;2025-12-21;22;10
5;2025-12-21;23;5
5;2025-12-22;0;2
5;2025-12-22;1;0
5;2025-12-22;2;0
5;2025-12-22;3;0
5;2025-12-22;4;0
5;2025-12-22;5;7
5;2025-12-22;6;33
5;2025-12-22;7;81
5;2025-12-22;8;119
5;2025-12-22;9;83
5;2025-12-22;10;68
5;2025-12-22;11;64
5;2025-12-22;12;66
5;2025-12-22;13;67
5;2025-12-22;14;67
5;2025-12-22;15;72
5;2025-12-22;16;79
5;2025-12-22;17;97
5;2025-12-22;18;104
5;2025-12-22;19;71
5;2025-12-22;20;46
5;2025-12-22;21;29
5;2025-12-22;22;13
5;2025-12-22;23;7
5;2025-12-23;0;2
5;2025-12-23;1;0
5;2025-12-23;2;0
5;2025-12-23;3;0
5;2025-12-23;4;0
5;2025-12-23;5;7
5;2025-12-23;6;33
5;2025-12-23;7;81
5;2025-12-23;8;117
5;2025-12-23;9;83
5;2025-12-23;10;68
5;2025-12-23;11;65
5;2025-12-23;12;66
5;2025-12-23;13;68
5;2025-12-23;14;69
5;2025-12-23;15;73
5;2025-12-23;16;81
5;2025-12-23;17;99
5;2025-12-23;18;104
5;2025-12-23;19;72
5;2025-12-23;20;47
5;2025-12-23;21;29
5;2025-12-23;22;13
5;2025-12-23;23;7
5;2025-12-24;0;2
5;2025-12-24;1;0
5;2025-12-24;2;0
5;2025-12-24;3;0
5;2025-12-24;4;0
5;2025-12-24;5;7
5;2025-12-24;6;33
5;2025-12-24;7;81
5;2025-12-24;8;118
5;2025-12-24;9;84
5;2025-12-24;10;68
5;2025-12-24;11;64
5;2025-12-24;12;66
5;2025-12-24;13;68
5;2025-12-24;14;68
5;2025-12-24;15;73
5;2025-12-24;16;81
5;2025-12-24;17;99
5;2025-12-24;18;104
5;2025-12-24;19;71
5;2025-12-24;20;47
5;2025-12-24;21;29
5;2025-12-24;22;13
5;2025-12-24;23;7
5;2025-12-25;0;2
5;2025-12-25;1;0
5;2025-12-25;2;0
5;2025-12-25;3;0
5;2025-12-25;4;0
5;2025-12-25;5;7
5;2025-12-25;6;34
5;2025-12-25;7;82
5;2025-12-25;8;120
5;2025-12-25;9;85
5;2025-12-25;10;69
5;2025-12-25;11;65
5;2025-12-25;12;67
5;2025-12-25;13;69
5;2025-12-25;14;69
5;2025-12-25;15;73
5;2025-12-25;16;81
5;2025-12-25;17;99
5;2025-12-25;18;105
5;2025-12-25;19;72
5;2025-12-25;20;48
5;2025-12-25;21;29
5;2025-12-25;22;13
5;2025-12-25;23;7
5;2025-12-26;0;2
5;2025-12-26;1;0
5;2025-12-26;2;0
5;2025-12-26;3;0
5;2025-12-26;4;0
5;2025-12-26;5;7
5;2025-12-26;6;33
5;2025-12-26;7;79
5;2025-12-26;8;113
5;2025-12-26;9;81
5;2025-12-26;10;66
5;2025-12-26;11;62
5;2025-12-26;12;64
5;2025-12-26;13;65
5;2025-12-26;14;66
5;2025-12-26;15;70
5;2025-12-26;16;77
5;2025-12-26;17;93
5;2025-12-26;18;96
5;2025-12-26;19;69
5;2025-12-26;20;46
5;2025-12-26;21;28
5;2025-12-26;22;13
5;2025-12-26;23;7
5;2025-12-27;0;3
5;2025-12-27;1;0
5;2025-12-27;2;0
5;2025-12-27;3;0
5;2025-12-27;4;0
5;2025-12-27;5;3
5;2025-12-27;6;15
5;2025-12-27;7;21
5;2025-12-27;8;33
5;2025-12-27;9;38
5;2025-12-27;10;43
5;2025-12-27;11;48
5;2025-12-27;12;53
5;2025-12-27;13;55
5;2025-12-27;14;57
5;2025-12-27;15;55
5;2025-12-27;16;54
5;2025-12-27;17;51
5;2025-12-27;18;46
5;2025-12-27;19;39
5;2025-12-27;20;28
5;2025-12-27;21;21
5;2025-12-27;22;11
5;2025-12-27;23;7
5;2025-12-28;0;3
5;2025-12-28;1;0
5;2025-12-28;2;0
5;2025-12-28;3;0
5;2025-12-28;4;0
5;2025-12-28;5;2
5;2025-12-28;6;10
5;2025-12-28;7;15
5;2025-12-28;8;21
5;2025-12-28;9;28
5;2025-12-28;10;32
5;2025-12-28;11;40
5;2025-12-28;12;43
5;2025-12-28;13;46
5;2025-12-28;14;47
5;2025-12-28;15;46
5;2025-12-28;16;44
5;2025-12-28;17;44
5;2025-12-28;18;38
5;2025-12-28;19;31
5;2025-12-28;20;23
5;2025-12-28;21;17
5;2025-12-28;22;10
5;2025-12-28;23;5
5;2025-12-29;0;2
5;2025-12-29;1;0
5;2025-12-29;2;0
5;2025-12-29;3;0
5;2025-12-29;4;0
5;2025-12-29;5;7
5;2025-12-29;6;33
5;2025-12-29;7;81
5;2025-12-29;8;119
5;2025-12-29;9;83
5;2025-12-29;10;67
5;2025-12-29;11;64
5;2025-12-29;12;66
5;2025-12-29;13;68
5;2025-12-29;14;68
5;2025-12-29;15;72
5;2025-12-29;16;80
5;2025-12-29;17;98
5;2025-12-29;18;105
5;2025-12-29;19;72
5;2025-12-29;20;47
5;2025-12-29;21;29
5;2025-12-29;22;13
5;2025-12-29;23;7
5;2025-12-30;0;2
5;2025-12-30;1;0
5;2025-12-30;2;0
5;2025-12-30;3;0
5;2025-12-30;4;0
5;2025-12-30;5;7
5;2025-12-30;6;34
5;2025-12-30;7;82
5;2025-12-30;8;119
5;2025-12-30;9;84
5;2025-12-30;10;69
5;2025-12-30;11;65
5;2025-12-30;12;67
5;2025-12-30;13;69
5;2025-12-30;14;69
5;2025-12-30;15;74
5;2025-12-30;16;82
5;2025-12-30;17;99
5;2025-12-30;18;101
5;2025-12-30;19;71
5;2025-12-30;20;47
5;2025-12-30;21;29
5;2025-12-30;22;13
5;2025-12-30;23;7
5;2025-12-31;0;3
5;2025-12-31;1;0
5;2025-12-31;2;0
5;2025-12-31;3;0
5;2025-12-31;4;0
5;2025-12-31;5;2
5;2025-12-31;6;10
5;2025-12-31;7;15
5;2025-12-31;8;22
5;2025-12-31;9;29
5;2025-12-31;10;32
5;2025-12-31;11;40
5;2025-12-31;12;44
5;2025-12-31;13;47
5;2025-12-31;14;48
5;2025-12-31;15;48
5;2025-12-31;16;45
5;2025-12-31;17;45
5;2025-12-31;18;39
5;2025-12-31;19;31
5;2025-12-31;20;24
5;2025-12-31;21;18
5;2025-12-31;22;10
5;2025-12-31;23;5
7;2025-11-01;0;62
7;2025-11-01;1;14
7;2025-11-01;2;0
7;2025-11-01;3;0
7;2025-11-01;4;2
7;2025-11-01;5;185
7;2025-11-01;6;597
7;2025-11-01;7;1726
7;2025-11-01;8;2504
7;2025-11-01;9;1892
7;2025-11-01;10;1686
7;2025-11-01;11;1596
7;2025-11-01;12;1728
7;2025-11-01;13;1628
7;2025-11-01;14;1728
7;2025-11-01;15;1846
7;2025-11-01;16;1909
7;2025-11-01;17;2407
7;2025-11-01;18;2471
7;2025-11-01;19;1684
7;2025-11-01;20;1066
7;2025-11-01;21;647
7;2025-11-01;22;325
7;2025-11-01;23;211
7;2025-11-02;0;99
7;2025-11-02;1;29
7;2025-11-02;2;0
7;2025-11-02;3;0
7;2025-11-02;4;1
7;2025-11-02;5;32
7;2025-11-02;6;135
7;2025-11-02;7;188
7;2025-11-02;8;398
7;2025-11-02;9;542
7;2025-11-02;10;423
7;2025-11-02;11;644
7;2025-11-02;12;685
7;2025-11-02;13;664
7;2025-11-02;14;674
7;2025-11-02;15;737
7;2025-11-02;16;652
7;2025-11-02;17;642
7;2025-11-02;18;666
7;2025-11-02;19;499
7;2025-11-02;20;419
7;2025-11-02;21;293
7;2025-11-02;22;161
7;2025-11-02;23;122
7;2025-11-03;0;96
7;2025-11-03;1;28
7;2025-11-03;2;0
7;2025-11-03;3;0
7;2025-11-03;4;1
7;2025-11-03;5;32
7;2025-11-03;6;132
7;2025-11-03;7;185
7;2025-11-03;8;404
7;2025-11-03;9;527
7;2025-11-03;10;412
7;2025-11-03;11;619
7;2025-11-03;12;655
7;2025-11-03;13;638
7;2025-11-03;14;645
7;2025-11-03;15;704
7;2025-11-03;16;627
7;2025-11-03;17;635
7;2025-11-03;18;661
7;2025-11-03;19;483
7;2025-11-03;20;410
7;2025-11-03;21;283
7;2025-11-03;22;157
7;2025-11-03;23;119
7;2025-11-04;0;99
7;2025-11-04;1;29
7;2025-11-04;2;0
7;2025-11-04;3;0
7;2025-11-04;4;1
7;2025-11-04;5;32
7;2025-11-04;6;134
7;2025-11-04;7;187
7;2025-11-04;8;393
7;2025-11-04;9;528
7;2025-11-04;10;417
7;2025-11-04;11;624
7;2025-11-04;12;664
7;2025-11-04;13;655
7;2025-11-04;14;670
7;2025-11-04;15;732
7;2025-11-04;16;647
7;2025-11-04;17;629
7;2025-11-04;18;658
7;2025-11-04;19;492
7;2025-11-04;20;420
7;2025-11-04;21;291
7;2025-11-04;22;161
7;2025-11-04;23;122
7;2025-11-05;0;66
7;2025-11-05;1;15
7;2025-11-05;2;1
7;2025-11-05;3;0
7;2025-11-05;4;2
7;2025-11-05;5;196
7;2025-11-05;6;634
7;2025-11-05;7;1774
7;2025-11-05;8;2784
7;2025-11-05;9;2010
7;2025-11-05;10;1783
7;2025-11-05;11;1664
7;2025-11-05;12;1804
7;2025-11-05;13;1706
7;2025-11-05;14;1814
7;2025-11-05;15;1932
7;2025-11-05;16;1998
7;2025-11-05;17;2606
7;2025-11-05;18;2772
7;2025-11-05;19;1778
7;2025-11-05;20;1136
7;2025-11-05;21;680
7;2025-11-05;22;339
7;2025-11-05;23;220
7;2025-11-06;0;66
7;2025-11-06;1;15
7;2025-11-06;2;1
7;2025-11-06;3;0
7;2025-11-06;4;2
7;2025-11-06;5;195
7;2025-11-06;6;631
7;2025-11-06;7;1763
7;2025-11-06;8;2753
7;2025-11-06;9;1978
7;2025-11-06;10;1767
7;2025-11-06;11;1650
7;2025-11-06;12;1798
7;2025-11-06;13;1695
7;2025-11-06;14;1800
7;2025-11-06;15;1907
7;2025-11-06;16;1975
7;2025-11-06;17;2567
7;2025-11-06;18;2722
7;2025-11-06;19;1746
7;2025-11-06;20;1117
7;2025-11-06;21;674
7;2025-11-06;22;336
7;2025-11-06;23;219
7;2025-11-07;0;67
7;2025-11-07;1;15
7;2025-11-07;2;1
7;2025-11-07;3;0
7;2025-11-07;4;2
7;2025-11-07;5;200
7;2025-11-07;6;644
7;2025-11-07;7;1764
7;2025-11-07;8;2565
7;2025-11-07;9;1976
7;2025-11-07;10;1773
7;2025-11-07;11;1661
7;2025-11-07;12;1810
7;2025-11-07;13;1700
7;2025-11-07;14;1813
7;2025-11-07;15;1933
7;2025-11-07;16;1989
7;2025-11-07;17;2418
7;2025-11-07;18;2356
7;2025-11-07;19;1704
7;2025-11-07;20;1135
7;2025-11-07;21;684
7;2025-11-07;22;343
7;2025-11-07;23;224
7;2025-11-08;0;127
7;2025-11-08;1;28
7;2025-11-08;2;0
7;2025-11-08;3;0
7;2025-11-08;4;1
7;2025-11-08;5;51
7;2025-11-08;6;263
7;2025-11-08;7;293
7;2025-11-08;8;750
7;2025-11-08;9;630
7;2025-11-08;10;691
7;2025-11-08;11;682
7;2025-11-08;12;911
7;2025-11-08;13;860
7;2025-11-08;14;858
7;2025-11-08;15;838
7;2025-11-08;16;857
7;2025-11-08;17;817
7;2025-11-08;18;774
7;2025-11-08;19;612
7;2025-11-08;20;488
7;2025-11-08;21;355
7;2025-11-08;22;188
7;2025-11-08;23;153
7;2025-11-09;0;97
7;2025-11-09;1;28
7;2025-11-09;2;0
7;2025-11-09;3;0
7;2025-11-09;4;1
7;2025-11-09;5;32
7;2025-11-09;6;132
7;2025-11-09;7;186
7;2025-11-09;8;406
7;2025-11-09;9;551
7;2025-11-09;10;427
7;2025-11-09;11;650
7;2025-11-09;12;692
7;2025-11-09;13;676
7;2025-11-09;14;681
7;2025-11-09;15;742
7;2025-11-09;16;661
7;2025-11-09;17;649
7;2025-11-09;18;671
7;2025-11-09;19;500
7;2025-11-09;20;418
7;2025-11-09;21;289
7;2025-11-09;22;159
7;2025-11-09;23;121
7;2025-11-10;0;65
7;2025-11-10;1;15
7;2025-11-10;2;1
7;2025-11-10;3;0
7;2025-11-10;4;2
7;2025-11-10;5;194
7;2025-11-10;6;628
7;2025-11-10;7;1765
7;2025-11-10;8;2799
7;2025-11-10;9;1977
7;2025-11-10;10;1771
7;2025-11-10;11;1664
7;2025-11-10;12;1808
7;2025-11-10;13;1697
7;2025-11-10;14;1806
7;2025-11-10;15;1918
7;2025-11-10;16;1987
7;2025-11-10;17;2594
7;2025-11-10;18;2815
7;2025-11-10;19;1778
7;2025-11-10;20;1134
7;2025-11-10;21;676
7;2025-11-10;22;336
7;2025-11-10;23;216
7;2025-11-11;0;66
7;2025-11-11;1;15
7;2025-11-11;2;1
7;2025-11-11;3;0
7;2025-11-11;4;2
7;2025-11-11;5;197
7;2025-11-11;6;637
7;2025-11-11;7;1790
7;2025-11-11;8;2822
7;2025-11-11;9;2012
7;2025-11-11;10;1801
7;2025-11-11;11;1695
7;2025-11-11;12;1841
7;2025-11-11;13;1730
7;2025-11-11;14;1838
7;2025-11-11;15;1953
7;2025-11-11;16;2023
7;2025-11-11;17;2628
7;2025-11-11;18;2843
7;2025-11-11;19;1800
7;2025-11-11;20;1148
7;2025-11-11;21;687
7;2025-11-11;22;341
7;2025-11-11;23;220
7;2025-11-12;0;66
7;2025-11-12;1;15
7;2025-11-12;2;1
7;2025-11-12;3;0
7;2025-11-12;4;2
7;2025-11-12;5;196
7;2025-11-12;6;634
7;2025-11-12;7;1778
7;2025-11-12;8;2808
7;2025-11-12;9;2014
7;2025-11-12;10;1787
7;2025-11-12;11;1670
7;2025-11-12;12;1815
7;2025-11-12;13;1713
7;2025-11-12;14;1818
7;2025-11-12;15;1934
7;2025-11-12;16;1999
7;2025-11-12;17;2598
7;2025-11-12;18;2806
7;2025-11-12;19;1780
7;2025-11-12;20;1137
7;2025-11-12;21;682
7;2025-11-12;22;340
7;2025-11-12;23;222
7;2025-11-13;0;66
7;2025-11-13;1;15
7;2025-11-13;2;1
7;2025-11-13;3;0
7;2025-11-13;4;2
7;2025-11-13;5;195
7;2025-11-13;6;634
7;2025-11-13;7;1781
7;2025-11-13;8;2813
7;2025-11-13;9;2001
7;2025-11-13;10;1789
7;2025-11-13;11;1679
7;2025-11-13;12;1824
7;2025-11-13;13;1713
7;2025-11-13;14;1815
7;2025-11-13;15;1934
7;2025-11-13;16;1998
7;2025-11-13;17;2592
7;2025-11-13;18;2786
7;2025-11-13;19;1769
7;2025-11-13;20;1132
7;2025-11-13;21;679
7;2025-11-13;22;339
7;2025-11-13;23;220
7;2025-11-14;0;65
7;2025-11-14;1;15
7;2025-11-14;2;1
7;2025-11-14;3;0
7;2025-11-14;4;2
7;2025-11-14;5;194
7;2025-11-14;6;628
7;2025-11-14;7;1749
7;2025-11-14;8;2665
7;2025-11-14;9;1964
7;2025-11-14;10;1760
7;2025-11-14;11;1656
7;2025-11-14;12;1804
7;2025-11-14;13;1693
7;2025-11-14;14;1802
7;2025-11-14;15;1926
7;2025-11-14;16;1986
7;2025-11-14;17;2550
7;2025-11-14;18;2543
7;2025-11-14;19;1721
7;2025-11-14;20;1120
7;2025-11-14;21;674
7;2025-11-14;22;339
7;2025-11-14;23;220
7;2025-11-15;0;122
7;2025-11-15;1;27
7;2025-11-15;2;0
7;2025-11-15;3;0
7;2025-11-15;4;1
7;2025-11-15;5;49
7;2025-11-15;6;255
7;2025-11-15;7;284
7;2025-11-15;8;719
7;2025-11-15;9;604
7;2025-11-15;10;662
7;2025-11-15;11;645
7;2025-11-15;12;865
7;2025-11-15;13;822
7;2025-11-15;14;812
7;2025-11-15;15;793
7;2025-11-15;16;807
7;2025-11-15;17;766
7;2025-11-15;18;734
7;2025-11-15;19;585
7;2025-11-15;20;476
7;2025-11-15;21;349
7;2025-11-15;22;185
7;2025-11-15;23;151
7;2025-11-16;0;96
7;2025-11-16;1;28
7;2025-11-16;2;0
7;2025-11-16;3;0
7;2025-11-16;4;1
7;2025-11-16;5;31
7;2025-11-16;6;131
7;2025-11-16;7;184
7;2025-11-16;8;402
7;2025-11-16;9;545
7;2025-11-16;10;424
7;2025-11-16;11;646
7;2025-11-16;12;689
7;2025-11-16;13;673
7;2025-11-16;14;676
7;2025-11-16;15;741
7;2025-11-16;16;655
7;2025-11-16;17;644
7;2025-11-16;18;667
7;2025-11-16;19;500
7;2025-11-16;20;420
7;2025-11-16;21;291
7;2025-11-16;22;160
7;2025-11-16;23;121
7;2025-11-17;0;65
7;2025-11-17;1;15
7;2025-11-17;2;0
7;2025-11-17;3;0
7;2025-11-17;4;2
7;2025-11-17;5;193
7;2025-11-17;6;626
7;2025-11-17;7;1748
7;2025-11-17;8;2755
7;2025-11-17;9;1941
7;2025-11-17;10;1743
7;2025-11-17;11;1633
7;2025-11-17;12;1777
7;2025-11-17;13;1667
7;2025-11-17;14;1774
7;2025-11-17;15;1889
7;2025-11-17;16;1952
7;2025-11-17;17;2548
7;2025-11-17;18;2780
7;2025-11-17;19;1771
7;2025-11-17;20;1139
7;2025-11-17;21;678
7;2025-11-17;22;337
7;2025-11-17;23;217
7;2025-11-18;0;64
7;2025-11-18;1;14
7;2025-11-18;2;0
7;2025-11-18;3;0
7;2025-11-18;4;2
7;2025-11-18;5;190
7;2025-11-18;6;612
7;2025-11-18;7;1701
7;2025-11-18;8;2644
7;2025-11-18;9;1892
7;2025-11-18;10;1682
7;2025-11-18;11;1577
7;2025-11-18;12;1713
7;2025-11-18;13;1613
7;2025-11-18;14;1710
7;2025-11-18;15;1828
7;2025-11-18;16;1892
7;2025-11-18;17;2460
7;2025-11-18;18;2658
7;2025-11-18;19;1694
7;2025-11-18;20;1093
7;2025-11-18;21;655
7;2025-11-18;22;326
7;2025-11-18;23;210
7;2025-11-19;0;66
7;2025-11-19;1;15
7;2025-11-19;2;1
7;2025-11-19;3;0
7;2025-11-19;4;2
7;2025-11-19;5;196
7;2025-11-19;6;636
7;2025-11-19;7;1785
7;2025-11-19;8;2815
7;2025-11-19;9;2023
7;2025-11-19;10;1785
7;2025-11-19;11;1675
7;2025-11-19;12;1827
7;2025-11-19;13;1725
7;2025-11-19;14;1828
7;2025-11-19;15;1947
7;2025-11-19;16;2012
7;2025-11-19;17;2614
7;2025-11-19;18;2821
7;2025-11-19;19;1805
7;2025-11-19;20;1160
7;2025-11-19;21;694
7;2025-11-19;22;346
7;2025-11-19;23;225
7;2025-11-20;0;66
7;2025-11-20;1;15
7;2025-11-20;2;1
7;2025-11-20;3;0
7;2025-11-20;4;2
7;2025-11-20;5;196
7;2025-11-20;6;634
7;2025-11-20;7;1778
7;2025-11-20;8;2795
7;2025-11-20;9;1999
7;2025-11-20;10;1789
7;2025-11-20;11;1680
7;2025-11-20;12;1825
7;2025-11-20;13;1716
7;2025-11-20;14;1820
7;2025-11-20;15;1939
7;2025-11-20;16;2006
7;2025-11-20;17;2600
7;2025-11-20;18;2807
7;2025-11-20;19;1787
7;2025-11-20;20;1143
7;2025-11-20;21;686
7;2025-11-20;22;341
7;2025-11-20;23;223
7;2025-11-21;0;66
7;2025-11-21;1;15
7;2025-11-21;2;1
7;2025-11-21;3;0
7;2025-11-21;4;2
7;2025-11-21;5;195
7;2025-11-21;6;633
7;2025-11-21;7;1773
7;2025-11-21;8;2726
7;2025-11-21;9;1993
7;2025-11-21;10;1783
7;2025-11-21;11;1674
7;2025-11-21;12;1822
7;2025-11-21;13;1714
7;2025-11-21;14;1824
7;2025-11-21;15;1925
7;2025-11-21;16;1988
7;2025-11-21;17;2564
7;2025-11-21;18;2571
7;2025-11-21;19;1746
7;2025-11-21;20;1142
7;2025-11-21;21;688
7;2025-11-21;22;344
7;2025-11-21;23;224
7;2025-11-22;0;127
7;2025-11-22;1;28
7;2025-11-22;2;0
7;2025-11-22;3;0
7;2025-11-22;4;1
7;2025-11-22;5;50
7;2025-11-22;6;260
7;2025-11-22;7;295
7;2025-11-22;8;752
7;2025-11-22;9;632
7;2025-11-22;10;696
7;2025-11-22;11;680
7;2025-11-22;12;920
7;2025-11-22;13;862
7;2025-11-22;14;853
7;2025-11-22;15;829
7;2025-11-22;16;847
7;2025-11-22;17;808
7;2025-11-22;18;771
7;2025-11-22;19;608
7;2025-11-22;20;489
7;2025-11-22;21;348
7;2025-11-22;22;186
7;2025-11-22;23;152
7;2025-11-23;0;96
7;2025-11-23;1;28
7;2025-11-23;2;0
7;2025-11-23;3;0
7;2025-11-23;4;1
7;2025-11-23;5;31
7;2025-11-23;6;131
7;2025-11-23;7;183
7;2025-11-23;8;401
7;2025-11-23;9;542
7;2025-11-23;10;422
7;2025-11-23;11;643
7;2025-11-23;12;684
7;2025-11-23;13;669
7;2025-11-23;14;674
7;2025-11-23;15;737
7;2025-11-23;16;652
7;2025-11-23;17;642
7;2025-11-23;18;666
7;2025-11-23;19;498
7;2025-11-23;20;419
7;2025-11-23;21;290
7;2025-11-23;22;159
7;2025-11-23;23;120
7;2025-11-24;0;65
7;2025-11-24;1;14
7;2025-11-24;2;0
7;2025-11-24;3;0
7;2025-11-24;4;2
7;2025-11-24;5;192
7;2025-11-24;6;622
7;2025-11-24;7;1737
7;2025-11-24;8;2735
7;2025-11-24;9;1938
7;2025-11-24;10;1727
7;2025-11-24;11;1614
7;2025-11-24;12;1754
7;2025-11-24;13;1641
7;2025-11-24;14;1747
7;2025-11-24;15;1857
7;2025-11-24;16;1915
7;2025-11-24;17;2501
7;2025-11-24;18;2739
7;2025-11-24;19;1727
7;2025-11-24;20;1106
7;2025-11-24;21;660
7;2025-11-24;22;328
7;2025-11-24;23;212
7;2025-11-25;0;66
7;2025-11-25;1;15
7;2025-11-25;2;1
7;2025-11-25;3;0
7;2025-11-25;4;2
7;2025-11-25;5;196
7;2025-11-25;6;636
7;2025-11-25;7;1783
7;2025-11-25;8;2807
7;2025-11-25;9;2002
7;2025-11-25;10;1791
7;2025-11-25;11;1682
7;2025-11-25;12;1829
7;2025-11-25;13;1724
7;2025-11-25;14;1830
7;2025-11-25;15;1946
7;2025-11-25;16;2013
7;2025-11-25;17;2612
7;2025-11-25;18;2826
7;2025-11-25;19;1802
7;2025-11-25;20;1158
7;2025-11-25;21;691
7;2025-11-25;22;343
7;2025-11-25;23;222
7;2025-11-26;0;66
7;2025-11-26;1;15
7;2025-11-26;2;1
7;2025-11-26;3;0
7;2025-11-26;4;2
7;2025-11-26;5;196
7;2025-11-26;6;633
7;2025-11-26;7;1766
7;2025-11-26;8;2785
7;2025-11-26;9;1990
7;2025-11-26;10;1774
7;2025-11-26;11;1655
7;2025-11-26;12;1794
7;2025-11-26;13;1697
7;2025-11-26;14;1791
7;2025-11-26;15;1906
7;2025-11-26;16;1972
7;2025-11-26;17;2565
7;2025-11-26;18;2802
7;2025-11-26;19;1786
7;2025-11-26;20;1153
7;2025-11-26;21;690
7;2025-11-26;22;344
7;2025-11-26;23;224
7;2025-11-27;0;66
7;2025-11-27;1;15
7;2025-11-27;2;1
7;2025-11-27;3;0
7;2025-11-27;4;2
7;2025-11-27;5;196
7;2025-11-27;6;634
7;2025-11-27;7;1782
7;2025-11-27;8;2814
7;2025-11-27;9;2001
7;2025-11-27;10;1789
7;2025-11-27;11;1672
7;2025-11-27;12;1814
7;2025-11-27;13;1706
7;2025-11-27;14;1810
7;2025-11-27;15;1930
7;2025-11-27;16;1995
7;2025-11-27;17;2594
7;2025-11-27;18;2801
7;2025-11-27;19;1772
7;2025-11-27;20;1135
7;2025-11-27;21;680
7;2025-11-27;22;340
7;2025-11-27;23;222
7;2025-11-28;0;66
7;2025-11-28;1;15
7;2025-11-28;2;1
7;2025-11-28;3;0
7;2025-11-28;4;2
7;2025-11-28;5;195
7;2025-11-28;6;631
7;2025-11-28;7;1752
7;2025-11-28;8;2738
7;2025-11-28;9;1972
7;2025-11-28;10;1768
7;2025-11-28;11;1659
7;2025-11-28;12;1799
7;2025-11-28;13;1696
7;2025-11-28;14;1805
7;2025-11-28;15;1907
7;2025-11-28;16;1968
7;2025-11-28;17;2553
7;2025-11-28;18;2579
7;2025-11-28;19;1712
7;2025-11-28;20;1121
7;2025-11-28;21;677
7;2025-11-28;22;340
7;2025-11-28;23;222
7;2025-11-29;0;128
7;2025-11-29;1;29
7;2025-11-29;2;0
7;2025-11-29;3;0
7;2025-11-29;4;1
7;2025-11-29;5;52
7;2025-11-29;6;266
7;2025-11-29;7;296
7;2025-11-29;8;759
7;2025-11-29;9;638
7;2025-11-29;10;699
7;2025-11-29;11;686
7;2025-11-29;12;939
7;2025-11-29;13;870
7;2025-11-29;14;863
7;2025-11-29;15;839
7;2025-11-29;16;860
7;2025-11-29;17;821
7;2025-11-29;18;781
7;2025-11-29;19;620
7;2025-11-29;20;494
7;2025-11-29;21;359
7;2025-11-29;22;190
7;2025-11-29;23;155
7;2025-11-30;0;96
7;2025-11-30;1;28
7;2025-11-30;2;0
7;2025-11-30;3;0
7;2025-11-30;4;1
7;2025-11-30;5;31
7;2025-11-30;6;132
7;2025-11-30;7;184
7;2025-11-30;8;404
7;2025-11-30;9;549
7;2025-11-30;10;427
7;2025-11-30;11;650
7;2025-11-30;12;692
7;2025-11-30;13;677
7;2025-11-30;14;681
7;2025-11-30;15;744
7;2025-11-30;16;657
7;2025-11-30;17;649
7;2025-11-30;18;671
7;2025-11-30;19;500
7;2025-11-30;20;417
7;2025-11-30;21;288
7;2025-11-30;22;158
7;2025-11-30;23;121
7;2025-12-01;0;62
7;2025-12-01;1;14
7;2025-12-01;2;1
7;2025-12-01;3;0
7;2025-12-01;4;2
7;2025-12-01;5;185
7;2025-12-01;6;599
7;2025-12-01;7;1681
7;2025-12-01;8;2660
7;2025-12-01;9;1882
7;2025-12-01;10;1686
7;2025-12-01;11;1583
7;2025-12-01;12;1719
7;2025-12-01;13;1613
7;2025-12-01;14;1717
7;2025-12-01;15;1824
7;2025-12-01;16;1886
7;2025-12-01;17;2460
7;2025-12-01;18;2674
7;2025-12-01;19;1691
7;2025-12-01;20;1078
7;2025-12-01;21;643
7;2025-12-01;22;320
7;2025-12-01;23;206
7;2025-12-02;0;63
7;2025-12-02;1;14
7;2025-12-02;2;1
7;2025-12-02;3;0
7;2025-12-02;4;2
7;2025-12-02;5;187
7;2025-12-02;6;607
7;2025-12-02;7;1700
7;2025-12-02;8;2686
7;2025-12-02;9;1910
7;2025-12-02;10;1710
7;2025-12-02;11;1608
7;2025-12-02;12;1747
7;2025-12-02;13;1643
7;2025-12-02;14;1744
7;2025-12-02;15;1857
7;2025-12-02;16;1921
7;2025-12-02;17;2494
7;2025-12-02;18;2699
7;2025-12-02;19;1710
7;2025-12-02;20;1092
7;2025-12-02;21;653
7;2025-12-02;22;325
7;2025-12-02;23;210
7;2025-12-03;0;63
7;2025-12-03;1;14
7;2025-12-03;2;1
7;2025-12-03;3;0
7;2025-12-03;4;2
7;2025-12-03;5;188
7;2025-12-03;6;608
7;2025-12-03;7;1706
7;2025-12-03;8;2694
7;2025-12-03;9;1936
7;2025-12-03;10;1716
7;2025-12-03;11;1612
7;2025-12-03;12;1750
7;2025-12-03;13;1651
7;2025-12-03;14;1747
7;2025-12-03;15;1862
7;2025-12-03;16;1925
7;2025-12-03;17;2500
7;2025-12-03;18;2699
7;2025-12-03;19;1713
7;2025-12-03;20;1092
7;2025-12-03;21;655
7;2025-12-03;22;327
7;2025-12-03;23;213
7;2025-12-04;0;63
7;2025-12-04;1;14
7;2025-12-04;2;1
7;2025-12-04;3;0
7;2025-12-04;4;2
7;2025-12-04;5;188
7;2025-12-04;6;607
7;2025-12-04;7;1706
7;2025-12-04;8;2691
7;2025-12-04;9;1915
7;2025-12-04;10;1713
7;2025-12-04;11;1607
7;2025-12-04;12;1747
7;2025-12-04;13;1645
7;2025-12-04;14;1746
7;2025-12-04;15;1861
7;2025-12-04;16;1923
7;2025-12-04;17;2495
7;2025-12-04;18;2692
7;2025-12-04;19;1710
7;2025-12-04;20;1093
7;2025-12-04;21;656
7;2025-12-04;22;327
7;2025-12-04;23;213
7;2025-12-05;0;63
7;2025-12-05;1;14
7;2025-12-05;2;1
7;2025-12-05;3;0
7;2025-12-05;4;2
7;2025-12-05;5;187
7;2025-12-05;6;604
7;2025-12-05;7;1696
7;2025-12-05;8;2628
7;2025-12-05;9;1907
7;2025-12-05;10;1707
7;2025-12-05;11;1612
7;2025-12-05;12;1752
7;2025-12-05;13;1650
7;2025-12-05;14;1758
7;2025-12-05;15;1874
7;2025-12-05;16;1929
7;2025-12-05;17;2500
7;2025-12-05;18;2492
7;2025-12-05;19;1662
7;2025-12-05;20;1081
7;2025-12-05;21;651
7;2025-12-05;22;326
7;2025-12-05;23;212
7;2025-12-06;0;128
7;2025-12-06;1;29
7;2025-12-06;2;0
7;2025-12-06;3;0
7;2025-12-06;4;1
7;2025-12-06;5;52
7;2025-12-06;6;266
7;2025-12-06;7;296
7;2025-12-06;8;760
7;2025-12-06;9;639
7;2025-12-06;10;702
7;2025-12-06;11;690
7;2025-12-06;12;941
7;2025-12-06;13;875
7;2025-12-06;14;868
7;2025-12-06;15;845
7;2025-12-06;16;862
7;2025-12-06;17;822
7;2025-12-06;18;782
7;2025-12-06;19;620
7;2025-12-06;20;495
7;2025-12-06;21;360
7;2025-12-06;22;190
7;2025-12-06;23;155
7;2025-12-07;0;97
7;2025-12-07;1;28
7;2025-12-07;2;0
7;2025-12-07;3;0
7;2025-12-07;4;1
7;2025-12-07;5;32
7;2025-12-07;6;133
7;2025-12-07;7;186
7;2025-12-07;8;408
7;2025-12-07;9;553
7;2025-12-07;10;430
7;2025-12-07;11;655
7;2025-12-07;12;697
7;2025-12-07;13;682
7;2025-12-07;14;687
7;2025-12-07;15;752
7;2025-12-07;16;664
7;2025-12-07;17;654
7;2025-12-07;18;677
7;2025-12-07;19;504
7;2025-12-07;20;422
7;2025-12-07;21;291
7;2025-12-07;22;160
7;2025-12-07;23;122
7;2025-12-08;0;62
7;2025-12-08;1;14
7;2025-12-08;2;1
7;2025-12-08;3;0
7;2025-12-08;4;2
7;2025-12-08;5;185
7;2025-12-08;6;598
7;2025-12-08;7;1680
7;2025-12-08;8;2660
7;2025-12-08;9;1881
7;2025-12-08;10;1686
7;2025-12-08;11;1582
7;2025-12-08;12;1716
7;2025-12-08;13;1609
7;2025-12-08;14;1714
7;2025-12-08;15;1823
7;2025-12-08;16;1885
7;2025-12-08;17;2455
7;2025-12-08;18;2668
7;2025-12-08;19;1688
7;2025-12-08;20;1078
7;2025-12-08;21;643
7;2025-12-08;22;319
7;2025-12-08;23;206
7;2025-12-09;0;63
7;2025-12-09;1;14
7;2025-12-09;2;1
7;2025-12-09;3;0
7;2025-12-09;4;2
7;2025-12-09;5;185
7;2025-12-09;6;599
7;2025-12-09;7;1678
7;2025-12-09;8;2635
7;2025-12-09;9;1880
7;2025-12-09;10;1681
7;2025-12-09;11;1570
7;2025-12-09;12;1701
7;2025-12-09;13;1602
7;2025-12-09;14;1702
7;2025-12-09;15;1818
7;2025-12-09;16;1885
7;2025-12-09;17;2437
7;2025-12-09;18;2649
7;2025-12-09;19;1684
7;2025-12-09;20;1078
7;2025-12-09;21;644
7;2025-12-09;22;320
7;2025-12-09;23;207
7;2025-12-10;0;63
7;2025-12-10;1;14
7;2025-12-10;2;1
7;2025-12-10;3;0
7;2025-12-10;4;2
7;2025-12-10;5;187
7;2025-12-10;6;604
7;2025-12-10;7;1684
7;2025-12-10;8;2645
7;2025-12-10;9;1901
7;2025-12-10;10;1686
7;2025-12-10;11;1579
7;2025-12-10;12;1718
7;2025-12-10;13;1621
7;2025-12-10;14;1717
7;2025-12-10;15;1826
7;2025-12-10;16;1889
7;2025-12-10;17;2453
7;2025-12-10;18;2669
7;2025-12-10;19;1702
7;2025-12-10;20;1098
7;2025-12-10;21;657
7;2025-12-10;22;328
7;2025-12-10;23;214
7;2025-12-11;0;63
7;2025-12-11;1;14
7;2025-12-11;2;1
7;2025-12-11;3;0
7;2025-12-11;4;2
7;2025-12-11;5;187
7;2025-12-11;6;604
7;2025-12-11;7;1692
7;2025-12-11;8;2671
7;2025-12-11;9;1895
7;2025-12-11;10;1695
7;2025-12-11;11;1579
7;2025-12-11;12;1719
7;2025-12-11;13;1621
7;2025-12-11;14;1718
7;2025-12-11;15;1836
7;2025-12-11;16;1898
7;2025-12-11;17;2471
7;2025-12-11;18;2675
7;2025-12-11;19;1708
7;2025-12-11;20;1084
7;2025-12-11;21;650
7;2025-12-11;22;324
7;2025-12-11;23;211
7;2025-12-12;0;62
7;2025-12-12;1;14
7;2025-12-12;2;0
7;2025-12-12;3;0
7;2025-12-12;4;2
7;2025-12-12;5;185
7;2025-12-12;6;598
7;2025-12-12;7;1666
7;2025-12-12;8;2578
7;2025-12-12;9;1872
7;2025-12-12;10;1673
7;2025-12-12;11;1570
7;2025-12-12;12;1703
7;2025-12-12;13;1601
7;2025-12-12;14;1706
7;2025-12-12;15;1799
7;2025-12-12;16;1854
7;2025-12-12;17;2368
7;2025-12-12;18;2417
7;2025-12-12;19;1625
7;2025-12-12;20;1083
7;2025-12-12;21;650
7;2025-12-12;22;324
7;2025-12-12;23;211
7;2025-12-13;0;125
7;2025-12-13;1;28
7;2025-12-13;2;0
7;2025-12-13;3;0
7;2025-12-13;4;1
7;2025-12-13;5;50
7;2025-12-13;6;260
7;2025-12-13;7;289
7;2025-12-13;8;732
7;2025-12-13;9;615
7;2025-12-13;10;673
7;2025-12-13;11;660
7;2025-12-13;12;888
7;2025-12-13;13;837
7;2025-12-13;14;830
7;2025-12-13;15;807
7;2025-12-13;16;825
7;2025-12-13;17;789
7;2025-12-13;18;758
7;2025-12-13;19;609
7;2025-12-13;20;486
7;2025-12-13;21;354
7;2025-12-13;22;188
7;2025-12-13;23;153
7;2025-12-14;0;94
7;2025-12-14;1;27
7;2025-12-14;2;0
7;2025-12-14;3;0
7;2025-12-14;4;1
7;2025-12-14;5;31
7;2025-12-14;6;130
7;2025-12-14;7;181
7;2025-12-14;8;395
7;2025-12-14;9;533
7;2025-12-14;10;416
7;2025-12-14;11;632
7;2025-12-14;12;664
7;2025-12-14;13;650
7;2025-12-14;14;654
7;2025-12-14;15;704
7;2025-12-14;16;642
7;2025-12-14;17;633
7;2025-12-14;18;658
7;2025-12-14;19;494
7;2025-12-14;20;415
7;2025-12-14;21;287
7;2025-12-14;22;158
7;2025-12-14;23;120
7;2025-12-15;0;62
7;2025-12-15;1;13
7;2025-12-15;2;0
7;2025-12-15;3;0
7;2025-12-15;4;2
7;2025-12-15;5;183
7;2025-12-15;6;592
7;2025-12-15;7;1659
7;2025-12-15;8;2614
7;2025-12-15;9;1854
7;2025-12-15;10;1660
7;2025-12-15;11;1557
7;2025-12-15;12;1691
7;2025-12-15;13;1586
7;2025-12-15;14;1688
7;2025-12-15;15;1793
7;2025-12-15;16;1855
7;2025-12-15;17;2417
7;2025-12-15;18;2637
7;2025-12-15;19;1679
7;2025-12-15;20;1080
7;2025-12-15;21;642
7;2025-12-15;22;319
7;2025-12-15;23;206
7;2025-12-16;0;63
7;2025-12-16;1;14
7;2025-12-16;2;1
7;2025-12-16;3;0
7;2025-12-16;4;2
7;2025-12-16;5;186
7;2025-12-16;6;601
7;2025-12-16;7;1686
7;2025-12-16;8;2644
7;2025-12-16;9;1889
7;2025-12-16;10;1689
7;2025-12-16;11;1578
7;2025-12-16;12;1716
7;2025-12-16;13;1614
7;2025-12-16;14;1712
7;2025-12-16;15;1822
7;2025-12-16;16;1882
7;2025-12-16;17;2442
7;2025-12-16;18;2659
7;2025-12-16;19;1693
7;2025-12-16;20;1092
7;2025-12-16;21;652
7;2025-12-16;22;324
7;2025-12-16;23;209
7;2025-12-17;0;63
7;2025-12-17;1;14
7;2025-12-17;2;1
7;2025-12-17;3;0
7;2025-12-17;4;2
7;2025-12-17;5;186
7;2025-12-17;6;603
7;2025-12-17;7;1692
7;2025-12-17;8;2670
7;2025-12-17;9;1917
7;2025-12-17;10;1700
7;2025-12-17;11;1596
7;2025-12-17;12;1733
7;2025-12-17;13;1636
7;2025-12-17;14;1731
7;2025-12-17;15;1844
7;2025-12-17;16;1906
7;2025-12-17;17;2477
7;2025-12-17;18;2674
7;2025-12-17;19;1709
7;2025-12-17;20;1100
7;2025-12-17;21;658
7;2025-12-17;22;328
7;2025-12-17;23;214
7;2025-12-18;0;63
7;2025-12-18;1;14
7;2025-12-18;2;1
7;2025-12-18;3;0
7;2025-12-18;4;2
7;2025-12-18;5;188
7;2025-12-18;6;607
7;2025-12-18;7;1699
7;2025-12-18;8;2672
7;2025-12-18;9;1909
7;2025-12-18;10;1701
7;2025-12-18;11;1592
7;2025-12-18;12;1734
7;2025-12-18;13;1639
7;2025-12-18;14;1739
7;2025-12-18;15;1853
7;2025-12-18;16;1916
7;2025-12-18;17;2481
7;2025-12-18;18;2679
7;2025-12-18;19;1717
7;2025-12-18;20;1104
7;2025-12-18;21;661
7;2025-12-18;22;330
7;2025-12-18;23;215
7;2025-12-19;0;63
7;2025-12-19;1;14
7;2025-12-19;2;1
7;2025-12-19;3;0
7;2025-12-19;4;2
7;2025-12-19;5;186
7;2025-12-19;6;601
7;2025-12-19;7;1686
7;2025-12-19;8;2609
7;2025-12-19;9;1897
7;2025-12-19;10;1697
7;2025-12-19;11;1598
7;2025-12-19;12;1737
7;2025-12-19;13;1632
7;2025-12-19;14;1737
7;2025-12-19;15;1835
7;2025-12-19;16;1891
7;2025-12-19;17;2452
7;2025-12-19;18;2436
7;2025-12-19;19;1660
7;2025-12-19;20;1088
7;2025-12-19;21;653
7;2025-12-19;22;327
7;2025-12-19;23;213
7;2025-12-20;0;127
7;2025-12-20;1;28
7;2025-12-20;2;0
7;2025-12-20;3;0
7;2025-12-20;4;1
7;2025-12-20;5;51
7;2025-12-20;6;265
7;2025-12-20;7;294
7;2025-12-20;8;753
7;2025-12-20;9;632
7;2025-12-20;10;694
7;2025-12-20;11;681
7;2025-12-20;12;928
7;2025-12-20;13;866
7;2025-12-20;14;858
7;2025-12-20;15;838
7;2025-12-20;16;853
7;2025-12-20;17;813
7;2025-12-20;18;774
7;2025-12-20;19;615
7;2025-12-20;20;489
7;2025-12-20;21;356
7;2025-12-20;22;189
7;2025-12-20;23;154
7;2025-12-21;0;95
7;2025-12-21;1;28
7;2025-12-21;2;0
7;2025-12-21;3;0
7;2025-12-21;4;1
7;2025-12-21;5;31
7;2025-12-21;6;128
7;2025-12-21;7;182
7;2025-12-21;8;401
7;2025-12-21;9;543
7;2025-12-21;10;423
7;2025-12-21;11;640
7;2025-12-21;12;679
7;2025-12-21;13;666
7;2025-12-21;14;670
7;2025-12-21;15;732
7;2025-12-21;16;650
7;2025-12-21;17;640
7;2025-12-21;18;665
7;2025-12-21;19;496
7;2025-12-21;20;414
7;2025-12-21;21;289
7;2025-12-21;22;158
7;2025-12-21;23;121
7;2025-12-22;0;62
7;2025-12-22;1;14
7;2025-12-22;2;0
7;2025-12-22;3;0
7;2025-12-22;4;2
7;2025-12-22;5;184
7;2025-12-22;6;595
7;2025-12-22;7;1669
7;2025-12-22;8;2635
7;2025-12-22;9;1862
7;2025-12-22;10;1670
7;2025-12-22;11;1560
7;2025-12-22;12;1685
7;2025-12-22;13;1576
7;2025-12-22;14;1672
7;2025-12-22;15;1782
7;2025-12-22;16;1834
7;2025-12-22;17;2393
7;2025-12-22;18;2622
7;2025-12-22;19;1668
7;2025-12-22;20;1076
7;2025-12-22;21;644
7;2025-12-22;22;320
7;2025-12-22;23;206
7;2025-12-23;0;62
7;2025-12-23;1;14
7;2025-12-23;2;0
7;2025-12-23;3;0
7;2025-12-23;4;2
7;2025-12-23;5;185
7;2025-12-23;6;598
7;2025-12-23;7;1656
7;2025-12-23;8;2592
7;2025-12-23;9;1856
7;2025-12-23;10;1668
7;2025-12-23;11;1565
7;2025-12-23;12;1700
7;2025-12-23;13;1599
7;2025-12-23;14;1702
7;2025-12-23;15;1814
7;2025-12-23;16;1876
7;2025-12-23;17;2432
7;2025-12-23;18;2638
7;2025-12-23;19;1688
7;2025-12-23;20;1087
7;2025-12-23;21;649
7;2025-12-23;22;323
7;2025-12-23;23;208
7;2025-12-24;0;62
7;2025-12-24;1;14
7;2025-12-24;2;0
7;2025-12-24;3;0
7;2025-12-24;4;2
7;2025-12-24;5;185
7;2025-12-24;6;597
7;2025-12-24;7;1671
7;2025-12-24;8;2624
7;2025-12-24;9;1888
7;2025-12-24;10;1672
7;2025-12-24;11;1564
7;2025-12-24;12;1700
7;2025-12-24;13;1597
7;2025-12-24;14;1691
7;2025-12-24;15;1806
7;2025-12-24;16;1868
7;2025-12-24;17;2428
7;2025-12-24;18;2628
7;2025-12-24;19;1679
7;2025-12-24;20;1082
7;2025-12-24;21;649
7;2025-12-24;22;324
7;2025-12-24;23;211
7;2025-12-25;0;63
7;2025-12-25;1;14
7;2025-12-25;2;1
7;2025-12-25;3;0
7;2025-12-25;4;2
7;2025-12-25;5;187
7;2025-12-25;6;606
7;2025-12-25;7;1692
7;2025-12-25;8;2661
7;2025-12-25;9;1890
7;2025-12-25;10;1690
7;2025-12-25;11;1580
7;2025-12-25;12;1720
7;2025-12-25;13;1618
7;2025-12-25;14;1712
7;2025-12-25;15;1822
7;2025-12-25;16;1884
7;2025-12-25;17;2435
7;2025-12-25;18;2639
7;2025-12-25;19;1687
7;2025-12-25;20;1096
7;2025-12-25;21;658
7;2025-12-25;22;328
7;2025-12-25;23;214
7;2025-12-26;0;62
7;2025-12-26;1;13
7;2025-12-26;2;0
7;2025-12-26;3;0
7;2025-12-26;4;2
7;2025-12-26;5;182
7;2025-12-26;6;591
7;2025-12-26;7;1633
7;2025-12-26;8;2503
7;2025-12-26;9;1818
7;2025-12-26;10;1620
7;2025-12-26;11;1514
7;2025-12-26;12;1644
7;2025-12-26;13;1546
7;2025-12-26;14;1645
7;2025-12-26;15;1735
7;2025-12-26;16;1789
7;2025-12-26;17;2290
7;2025-12-26;18;2402
7;2025-12-26;19;1614
7;2025-12-26;20;1060
7;2025-12-26;21;640
7;2025-12-26;22;320
7;2025-12-26;23;209
7;2025-12-27;0;125
7;2025-12-27;1;28
7;2025-12-27;2;0
7;2025-12-27;3;0
7;2025-12-27;4;1
7;2025-12-27;5;50
7;2025-12-27;6;261
7;2025-12-27;7;290
7;2025-12-27;8;745
7;2025-12-27;9;628
7;2025-12-27;10;688
7;2025-12-27;11;673
7;2025-12-27;12;916
7;2025-12-27;13;857
7;2025-12-27;14;851
7;2025-12-27;15;827
7;2025-12-27;16;845
7;2025-12-27;17;806
7;2025-12-27;18;769
7;2025-12-27;19;613
7;2025-12-27;20;492
7;2025-12-27;21;356
7;2025-12-27;22;185
7;2025-12-27;23;153
7;2025-12-28;0;95
7;2025-12-28;1;28
7;2025-12-28;2;0
7;2025-12-28;3;0
7;2025-12-28;4;1
7;2025-12-28;5;31
7;2025-12-28;6;129
7;2025-12-28;7;178
7;2025-12-28;8;388
7;2025-12-28;9;534
7;2025-12-28;10;417
7;2025-12-28;11;630
7;2025-12-28;12;670
7;2025-12-28;13;656
7;2025-12-28;14;660
7;2025-12-28;15;720
7;2025-12-28;16;643
7;2025-12-28;17;634
7;2025-12-28;18;659
7;2025-12-28;19;494
7;2025-12-28;20;414
7;2025-12-28;21;287
7;2025-12-28;22;158
7;2025-12-28;23;121
7;2025-12-29;0;62
7;2025-12-29;1;14
7;2025-12-29;2;0
7;2025-12-29;3;0
7;2025-12-29;4;2
7;2025-12-29;5;184
7;2025-12-29;6;595
7;2025-12-29;7;1669
7;2025-12-29;8;2628
7;2025-12-29;9;1863
7;2025-12-29;10;1670
7;2025-12-29;11;1563
7;2025-12-29;12;1698
7;2025-12-29;13;1593
7;2025-12-29;14;1694
7;2025-12-29;15;1800
7;2025-12-29;16;1861
7;2025-12-29;17;2418
7;2025-12-29;18;2648
7;2025-12-29;19;1685
7;2025-12-29;20;1085
7;2025-12-29;21;645
7;2025-12-29;22;321
7;2025-12-29;23;207
7;2025-12-30;0;63
7;2025-12-30;1;14
7;2025-12-30;2;1
7;2025-12-30;3;0
7;2025-12-30;4;2
7;2025-12-30;5;186
7;2025-12-30;6;602
7;2025-12-30;7;1689
7;2025-12-30;8;2634
7;2025-12-30;9;1890
7;2025-12-30;10;1693
7;2025-12-30;11;1586
7;2025-12-30;12;1721
7;2025-12-30;13;1618
7;2025-12-30;14;1720
7;2025-12-30;15;1830
7;2025-12-30;16;1893
7;2025-12-30;17;2441
7;2025-12-30;18;2551
7;2025-12-30;19;1666
7;2025-12-30;20;1087
7;2025-12-30;21;652
7;2025-12-30;22;325
7;2025-12-30;23;209
7;2025-12-31;0;98
7;2025-12-31;1;28
7;2025-12-31;2;0
7;2025-12-31;3;0
7;2025-12-31;4;1
7;2025-12-31;5;32
7;2025-12-31;6;133
7;2025-12-31;7;187
7;2025-12-31;8;395
7;2025-12-31;9;526
7;2025-12-31;10;415
7;2025-12-31;11;623
7;2025-12-31;12;664
7;2025-12-31;13;648
7;2025-12-31;14;651
7;2025-12-31;15;710
7;2025-12-31;16;633
7;2025-12-31;17;623
7;2025-12-31;18;658
7;2025-12-31;19;492
7;2025-12-31;20;422
7;2025-12-31;21;295
7;2025-12-31;22;163
7;2025-12-31;23;124
11;2025-11-01;0;60
11;2025-11-01;1;3
11;2025-11-01;2;0
11;2025-11-01;3;0
11;2025-11-01;4;1
11;2025-11-01;5;243
11;2025-11-01;6;1321
11;2025-11-01;7;2410
11;2025-11-01;8;3066
11;2025-11-01;9;2401
11;2025-11-01;10;2061
11;2025-11-01;11;1887
11;2025-11-01;12;1932
11;2025-11-01;13;2064
11;2025-11-01;14;2059
11;2025-11-01;15;1988
11;2025-11-01;16;2199
11;2025-11-01;17;2738
11;2025-11-01;18;2874
11;2025-11-01;19;2098
11;2025-11-01;20;1332
11;2025-11-01;21;767
11;2025-11-01;22;370
11;2025-11-01;23;241
11;2025-11-02;0;122
11;2025-11-02;1;18
11;2025-11-02;2;0
11;2025-11-02;3;0
11;2025-11-02;4;0
11;2025-11-02;5;122
11;2025-11-02;6;516
11;2025-11-02;7;539
11;2025-11-02;8;764
11;2025-11-02;9;996
11;2025-11-02;10;1094
11;2025-11-02;11;1608
11;2025-11-02;12;1676
11;2025-11-02;13;1658
11;2025-11-02;14;1752
11;2025-11-02;15;1770
11;2025-11-02;16;1595
11;2025-11-02;17;1761
11;2025-11-02;18;1364
11;2025-11-02;19;1102
11;2025-11-02;20;840
11;2025-11-02;21;606
11;2025-11-02;22;364
11;2025-11-02;23;242
11;2025-11-03;0;119
11;2025-11-03;1;18
11;2025-11-03;2;0
11;2025-11-03;3;0
11;2025-11-03;4;0
11;2025-11-03;5;119
11;2025-11-03;6;509
11;2025-11-03;7;544
11;2025-11-03;8;776
11;2025-11-03;9;990
11;2025-11-03;10;1070
11;2025-11-03;11;1525
11;2025-11-03;12;1584
11;2025-11-03;13;1578
11;2025-11-03;14;1662
11;2025-11-03;15;1672
11;2025-11-03;16;1537
11;2025-11-03;17;1722
11;2025-11-03;18;1352
11;2025-11-03;19;1083
11;2025-11-03;20;825
11;2025-11-03;21;589
11;2025-11-03;22;355
11;2025-11-03;23;236
11;2025-11-04;0;122
11;2025-11-04;1;18
11;2025-11-04;2;0
11;2025-11-04;3;0
11;2025-11-04;4;0
11;2025-11-04;5;121
11;2025-11-04;6;513
11;2025-11-04;7;531
11;2025-11-04;8;759
11;2025-11-04;9;966
11;2025-11-04;10;1059
11;2025-11-04;11;1520
11;2025-11-04;12;1580
11;2025-11-04;13;1580
11;2025-11-04;14;1702
11;2025-11-04;15;1708
11;2025-11-04;16;1539
11;2025-11-04;17;1694
11;2025-11-04;18;1336
11;2025-11-04;19;1092
11;2025-11-04;20;840
11;2025-11-04;21;604
11;2025-11-04;22;363
11;2025-11-04;23;241
11;2025-11-05;0;63
11;2025-11-05;1;3
11;2025-11-05;2;0
11;2025-11-05;3;0
11;2025-11-05;4;1
11;2025-11-05;5;258
11;2025-11-05;6;1425
11;2025-11-05;7;2642
11;2025-11-05;8;3351
11;2025-11-05;9;2620
11;2025-11-05;10;2177
11;2025-11-05;11;1980
11;2025-11-05;12;2011
11;2025-11-05;13;2158
11;2025-11-05;14;2151
11;2025-11-05;15;2086
11;2025-11-05;16;2356
11;2025-11-05;17;2939
11;2025-11-05;18;3207
11;2025-11-05;19;2213
11;2025-11-05;20;1419
11;2025-11-05;21;808
11;2025-11-05;22;386
11;2025-11-05;23;252
11;2025-11-06;0;63
11;2025-11-06;1;3
11;2025-11-06;2;0
11;2025-11-06;3;0
11;2025-11-06;4;1
11;2025-11-06;5;256
11;2025-11-06;6;1418
11;2025-11-06;7;2624
11;2025-11-06;8;3327
11;2025-11-06;9;2603
11;2025-11-06;10;2159
11;2025-11-06;11;1960
11;2025-11-06;12;2001
11;2025-11-06;13;2152
11;2025-11-06;14;2119
11;2025-11-06;15;2050
11;2025-11-06;16;2333
11;2025-11-06;17;2902
11;2025-11-06;18;3170
11;2025-11-06;19;2207
11;2025-11-06;20;1400
11;2025-11-06;21;800
11;2025-11-06;22;382
11;2025-11-06;23;250
11;2025-11-07;0;64
11;2025-11-07;1;3
11;2025-11-07;2;0
11;2025-11-07;3;0
11;2025-11-07;4;1
11;2025-11-07;5;262
11;2025-11-07;6;1437
11;2025-11-07;7;2437
11;2025-11-07;8;3071
11;2025-11-07;9;2419
11;2025-11-07;10;2039
11;2025-11-07;11;1961
11;2025-11-07;12;1993
11;2025-11-07;13;2060
11;2025-11-07;14;2043
11;2025-11-07;15;2071
11;2025-11-07;16;2210
11;2025-11-07;17;2733
11;2025-11-07;18;2714
11;2025-11-07;19;1974
11;2025-11-07;20;1394
11;2025-11-07;21;812
11;2025-11-07;22;391
11;2025-11-07;23;254
11;2025-11-08;0;111
11;2025-11-08;1;1
11;2025-11-08;2;0
11;2025-11-08;3;0
11;2025-11-08;4;0
11;2025-11-08;5;173
11;2025-11-08;6;888
11;2025-11-08;7;778
11;2025-11-08;8;1102
11;2025-11-08;9;1230
11;2025-11-08;10;1474
11;2025-11-08;11;1792
11;2025-11-08;12;1985
11;2025-11-08;13;1914
11;2025-11-08;14;2147
11;2025-11-08;15;1992
11;2025-11-08;16;1893
11;2025-11-08;17;1983
11;2025-11-08;18;1566
11;2025-11-08;19;1509
11;2025-11-08;20;1027
11;2025-11-08;21;724
11;2025-11-08;22;435
11;2025-11-08;23;279
11;2025-11-09;0;120
11;2025-11-09;1;18
11;2025-11-09;2;0
11;2025-11-09;3;0
11;2025-11-09;4;0
11;2025-11-09;5;120
11;2025-11-09;6;508
11;2025-11-09;7;532
11;2025-11-09;8;780
11;2025-11-09;9;1009
11;2025-11-09;10;1109
11;2025-11-09;11;1602
11;2025-11-09;12;1671
11;2025-11-09;13;1662
11;2025-11-09;14;1742
11;2025-11-09;15;1761
11;2025-11-09;16;1603
11;2025-11-09;17;1762
11;2025-11-09;18;1374
11;2025-11-09;19;1120
11;2025-11-09;20;835
11;2025-11-09;21;598
11;2025-11-09;22;359
11;2025-11-09;23;241
11;2025-11-10;0;63
11;2025-11-10;1;3
11;2025-11-10;2;0
11;2025-11-10;3;0
11;2025-11-10;4;1
11;2025-11-10;5;255
11;2025-11-10;6;1420
11;2025-11-10;7;2630
11;2025-11-10;8;3389
11;2025-11-10;9;2594
11;2025-11-10;10;2150
11;2025-11-10;11;1962
11;2025-11-10;12;2004
11;2025-11-10;13;2143
11;2025-11-10;14;2117
11;2025-11-10;15;2063
11;2025-11-10;16;2340
11;2025-11-10;17;2922
11;2025-11-10;18;3233
11;2025-11-10;19;2225
11;2025-11-10;20;1418
11;2025-11-10;21;802
11;2025-11-10;22;382
11;2025-11-10;23;247
11;2025-11-11;0;63
11;2025-11-11;1;3
11;2025-11-11;2;0
11;2025-11-11;3;0
11;2025-11-11;4;1
11;2025-11-11;5;259
11;2025-11-11;6;1441
11;2025-11-11;7;2663
11;2025-11-11;8;3420
11;2025-11-11;9;2642
11;2025-11-11;10;2211
11;2025-11-11;11;2008
11;2025-11-11;12;2046
11;2025-11-11;13;2193
11;2025-11-11;14;2159
11;2025-11-11;15;2102
11;2025-11-11;16;2388
11;2025-11-11;17;2965
11;2025-11-11;18;3259
11;2025-11-11;19;2275
11;2025-11-11;20;1440
11;2025-11-11;21;815
11;2025-11-11;22;388
11;2025-11-11;23;251
11;2025-11-12;0;63
11;2025-11-12;1;3
11;2025-11-12;2;0
11;2025-11-12;3;0
11;2025-11-12;4;1
11;2025-11-12;5;257
11;2025-11-12;6;1425
11;2025-11-12;7;2644
11;2025-11-12;8;3393
11;2025-11-12;9;2623
11;2025-11-12;10;2182
11;2025-11-12;11;1984
11;2025-11-12;12;2021
11;2025-11-12;13;2164
11;2025-11-12;14;2154
11;2025-11-12;15;2086
11;2025-11-12;16;2358
11;2025-11-12;17;2933
11;2025-11-12;18;3230
11;2025-11-12;19;2217
11;2025-11-12;20;1421
11;2025-11-12;21;811
11;2025-11-12;22;387
11;2025-11-12;23;253
11;2025-11-13;0;63
11;2025-11-13;1;3
11;2025-11-13;2;0
11;2025-11-13;3;0
11;2025-11-13;4;1
11;2025-11-13;5;257
11;2025-11-13;6;1424
11;2025-11-13;7;2644
11;2025-11-13;8;3403
11;2025-11-13;9;2630
11;2025-11-13;10;2184
11;2025-11-13;11;1991
11;2025-11-13;12;2029
11;2025-11-13;13;2175
11;2025-11-13;14;2138
11;2025-11-13;15;2078
11;2025-11-13;16;2358
11;2025-11-13;17;2927
11;2025-11-13;18;3213
11;2025-11-13;19;2234
11;2025-11-13;20;1419
11;2025-11-13;21;806
11;2025-11-13;22;385
11;2025-11-13;23;252
11;2025-11-14;0;63
11;2025-11-14;1;3
11;2025-11-14;2;0
11;2025-11-14;3;0
11;2025-11-14;4;1
11;2025-11-14;5;255
11;2025-11-14;6;1415
11;2025-11-14;7;2600
11;2025-11-14;8;3222
11;2025-11-14;9;2579
11;2025-11-14;10;2149
11;2025-11-14;11;1972
11;2025-11-14;12;2007
11;2025-11-14;13;2145
11;2025-11-14;14;2127
11;2025-11-14;15;2070
11;2025-11-14;16;2346
11;2025-11-14;17;2907
11;2025-11-14;18;2958
11;2025-11-14;19;2175
11;2025-11-14;20;1404
11;2025-11-14;21;800
11;2025-11-14;22;385
11;2025-11-14;23;251
11;2025-11-15;0;108
11;2025-11-15;1;1
11;2025-11-15;2;0
11;2025-11-15;3;0
11;2025-11-15;4;0
11;2025-11-15;5;168
11;2025-11-15;6;856
11;2025-11-15;7;755
11;2025-11-15;8;1053
11;2025-11-15;9;1172
11;2025-11-15;10;1404
11;2025-11-15;11;1588
11;2025-11-15;12;1708
11;2025-11-15;13;1711
11;2025-11-15;14;1842
11;2025-11-15;15;1719
11;2025-11-15;16;1669
11;2025-11-15;17;1702
11;2025-11-15;18;1469
11;2025-11-15;19;1443
11;2025-11-15;20;1004
11;2025-11-15;21;714
11;2025-11-15;22;428
11;2025-11-15;23;274
11;2025-11-16;0;119
11;2025-11-16;1;18
11;2025-11-16;2;0
11;2025-11-16;3;0
11;2025-11-16;4;0
11;2025-11-16;5;119
11;2025-11-16;6;504
11;2025-11-16;7;527
11;2025-11-16;8;772
11;2025-11-16;9;997
11;2025-11-16;10;1098
11;2025-11-16;11;1584
11;2025-11-16;12;1655
11;2025-11-16;13;1650
11;2025-11-16;14;1726
11;2025-11-16;15;1748
11;2025-11-16;16;1580
11;2025-11-16;17;1732
11;2025-11-16;18;1357
11;2025-11-16;19;1118
11;2025-11-16;20;842
11;2025-11-16;21;603
11;2025-11-16;22;361
11;2025-11-16;23;241
11;2025-11-17;0;62
11;2025-11-17;1;3
11;2025-11-17;2;0
11;2025-11-17;3;0
11;2025-11-17;4;1
11;2025-11-17;5;254
11;2025-11-17;6;1412
11;2025-11-17;7;2606
11;2025-11-17;8;3333
11;2025-11-17;9;2545
11;2025-11-17;10;2116
11;2025-11-17;11;1928
11;2025-11-17;12;1969
11;2025-11-17;13;2105
11;2025-11-17;14;2080
11;2025-11-17;15;2032
11;2025-11-17;16;2301
11;2025-11-17;17;2874
11;2025-11-17;18;3202
11;2025-11-17;19;2217
11;2025-11-17;20;1425
11;2025-11-17;21;804
11;2025-11-17;22;383
11;2025-11-17;23;248
11;2025-11-18;0;61
11;2025-11-18;1;3
11;2025-11-18;2;0
11;2025-11-18;3;0
11;2025-11-18;4;1
11;2025-11-18;5;249
11;2025-11-18;6;1379
11;2025-11-18;7;2537
11;2025-11-18;8;3210
11;2025-11-18;9;2495
11;2025-11-18;10;2068
11;2025-11-18;11;1876
11;2025-11-18;12;1905
11;2025-11-18;13;2043
11;2025-11-18;14;2010
11;2025-11-18;15;1969
11;2025-11-18;16;2236
11;2025-11-18;17;2780
11;2025-11-18;18;3073
11;2025-11-18;19;2140
11;2025-11-18;20;1369
11;2025-11-18;21;778
11;2025-11-18;22;371
11;2025-11-18;23;239
11;2025-11-19;0;63
11;2025-11-19;1;3
11;2025-11-19;2;0
11;2025-11-19;3;0
11;2025-11-19;4;1
11;2025-11-19;5;258
11;2025-11-19;6;1430
11;2025-11-19;7;2654
11;2025-11-19;8;3400
11;2025-11-19;9;2633
11;2025-11-19;10;2180
11;2025-11-19;11;1993
11;2025-11-19;12;2035
11;2025-11-19;13;2180
11;2025-11-19;14;2166
11;2025-11-19;15;2099
11;2025-11-19;16;2373
11;2025-11-19;17;2950
11;2025-11-19;18;3242
11;2025-11-19;19;2249
11;2025-11-19;20;1449
11;2025-11-19;21;824
11;2025-11-19;22;394
11;2025-11-19;23;256
11;2025-11-20;0;63
11;2025-11-20;1;3
11;2025-11-20;2;0
11;2025-11-20;3;0
11;2025-11-20;4;1
11;2025-11-20;5;258
11;2025-11-20;6;1426
11;2025-11-20;7;2637
11;2025-11-20;8;3383
11;2025-11-20;9;2623
11;2025-11-20;10;2185
11;2025-11-20;11;1993
11;2025-11-20;12;2031
11;2025-11-20;13;2180
11;2025-11-20;14;2142
11;2025-11-20;15;2083
11;2025-11-20;16;2365
11;2025-11-20;17;2933
11;2025-11-20;18;3228
11;2025-11-20;19;2258
11;2025-11-20;20;1432
11;2025-11-20;21;814
11;2025-11-20;22;388
11;2025-11-20;23;253
11;2025-11-21;0;63
11;2025-11-21;1;3
11;2025-11-21;2;0
11;2025-11-21;3;0
11;2025-11-21;4;1
11;2025-11-21;5;257
11;2025-11-21;6;1430
11;2025-11-21;7;2638
11;2025-11-21;8;3295
11;2025-11-21;9;2613
11;2025-11-21;10;2178
11;2025-11-21;11;1968
11;2025-11-21;12;2009
11;2025-11-21;13;2154
11;2025-11-21;14;2135
11;2025-11-21;15;2067
11;2025-11-21;16;2344
11;2025-11-21;17;2899
11;2025-11-21;18;2978
11;2025-11-21;19;2186
11;2025-11-21;20;1433
11;2025-11-21;21;816
11;2025-11-21;22;392
11;2025-11-21;23;255
11;2025-11-22;0;112
11;2025-11-22;1;1
11;2025-11-22;2;0
11;2025-11-22;3;0
11;2025-11-22;4;0
11;2025-11-22;5;171
11;2025-11-22;6;877
11;2025-11-22;7;784
11;2025-11-22;8;1102
11;2025-11-22;9;1225
11;2025-11-22;10;1476
11;2025-11-22;11;1701
11;2025-11-22;12;1840
11;2025-11-22;13;1813
11;2025-11-22;14;1974
11;2025-11-22;15;1824
11;2025-11-22;16;1776
11;2025-11-22;17;1814
11;2025-11-22;18;1541
11;2025-11-22;19;1498
11;2025-11-22;20;1030
11;2025-11-22;21;710
11;2025-11-22;22;431
11;2025-11-22;23;276
11;2025-11-23;0;118
11;2025-11-23;1;18
11;2025-11-23;2;0
11;2025-11-23;3;0
11;2025-11-23;4;0
11;2025-11-23;5;118
11;2025-11-23;6;502
11;2025-11-23;7;526
11;2025-11-23;8;770
11;2025-11-23;9;994
11;2025-11-23;10;1093
11;2025-11-23;11;1585
11;2025-11-23;12;1653
11;2025-11-23;13;1648
11;2025-11-23;14;1728
11;2025-11-23;15;1748
11;2025-11-23;16;1582
11;2025-11-23;17;1740
11;2025-11-23;18;1360
11;2025-11-23;19;1115
11;2025-11-23;20;838
11;2025-11-23;21;600
11;2025-11-23;22;359
11;2025-11-23;23;239
11;2025-11-24;0;62
11;2025-11-24;1;3
11;2025-11-24;2;0
11;2025-11-24;3;0
11;2025-11-24;4;1
11;2025-11-24;5;253
11;2025-11-24;6;1401
11;2025-11-24;7;2592
11;2025-11-24;8;3315
11;2025-11-24;9;2542
11;2025-11-24;10;2098
11;2025-11-24;11;1900
11;2025-11-24;12;1944
11;2025-11-24;13;2072
11;2025-11-24;14;2046
11;2025-11-24;15;1998
11;2025-11-24;16;2258
11;2025-11-24;17;2821
11;2025-11-24;18;3149
11;2025-11-24;19;2162
11;2025-11-24;20;1382
11;2025-11-24;21;783
11;2025-11-24;22;374
11;2025-11-24;23;242
11;2025-11-25;0;63
11;2025-11-25;1;3
11;2025-11-25;2;0
11;2025-11-25;3;0
11;2025-11-25;4;1
11;2025-11-25;5;258
11;2025-11-25;6;1435
11;2025-11-25;7;2653
11;2025-11-25;8;3401
11;2025-11-25;9;2629
11;2025-11-25;10;2201
11;2025-11-25;11;1993
11;2025-11-25;12;2034
11;2025-11-25;13;2185
11;2025-11-25;14;2150
11;2025-11-25;15;2094
11;2025-11-25;16;2375
11;2025-11-25;17;2948
11;2025-11-25;18;3240
11;2025-11-25;19;2276
11;2025-11-25;20;1451
11;2025-11-25;21;820
11;2025-11-25;22;391
11;2025-11-25;23;253
11;2025-11-26;0;63
11;2025-11-26;1;3
11;2025-11-26;2;0
11;2025-11-26;3;0
11;2025-11-26;4;1
11;2025-11-26;5;257
11;2025-11-26;6;1415
11;2025-11-26;7;2628
11;2025-11-26;8;3365
11;2025-11-26;9;2591
11;2025-11-26;10;2166
11;2025-11-26;11;1962
11;2025-11-26;12;1996
11;2025-11-26;13;2141
11;2025-11-26;14;2121
11;2025-11-26;15;2056
11;2025-11-26;16;2325
11;2025-11-26;17;2893
11;2025-11-26;18;3225
11;2025-11-26;19;2225
11;2025-11-26;20;1441
11;2025-11-26;21;819
11;2025-11-26;22;392
11;2025-11-26;23;255
11;2025-11-27;0;63
11;2025-11-27;1;3
11;2025-11-27;2;0
11;2025-11-27;3;0
11;2025-11-27;4;1
11;2025-11-27;5;258
11;2025-11-27;6;1426
11;2025-11-27;7;2645
11;2025-11-27;8;3406
11;2025-11-27;9;2627
11;2025-11-27;10;2185
11;2025-11-27;11;1980
11;2025-11-27;12;2018
11;2025-11-27;13;2166
11;2025-11-27;14;2129
11;2025-11-27;15;2073
11;2025-11-27;16;2353
11;2025-11-27;17;2927
11;2025-11-27;18;3230
11;2025-11-27;19;2239
11;2025-11-27;20;1422
11;2025-11-27;21;807
11;2025-11-27;22;386
11;2025-11-27;23;252
11;2025-11-28;0;63
11;2025-11-28;1;3
11;2025-11-28;2;0
11;2025-11-28;3;0
11;2025-11-28;4;1
11;2025-11-28;5;257
11;2025-11-28;6;1427
11;2025-11-28;7;2609
11;2025-11-28;8;3316
11;2025-11-28;9;2587
11;2025-11-28;10;2159
11;2025-11-28;11;1950
11;2025-11-28;12;1982
11;2025-11-28;13;2132
11;2025-11-28;14;2113
11;2025-11-28;15;2046
11;2025-11-28;16;2320
11;2025-11-28;17;2886
11;2025-11-28;18;2990
11;2025-11-28;19;2142
11;2025-11-28;20;1405
11;2025-11-28;21;804
11;2025-11-28;22;386
11;2025-11-28;23;252
11;2025-11-29;0;112
11;2025-11-29;1;1
11;2025-11-29;2;0
11;2025-11-29;3;0
11;2025-11-29;4;0
11;2025-11-29;5;175
11;2025-11-29;6;899
11;2025-11-29;7;788
11;2025-11-29;8;1117
11;2025-11-29;9;1245
11;2025-11-29;10;1495
11;2025-11-29;11;1815
11;2025-11-29;12;2045
11;2025-11-29;13;1949
11;2025-11-29;14;2181
11;2025-11-29;15;2011
11;2025-11-29;16;1915
11;2025-11-29;17;2008
11;2025-11-29;18;1591
11;2025-11-29;19;1534
11;2025-11-29;20;1042
11;2025-11-29;21;734
11;2025-11-29;22;440
11;2025-11-29;23;282
11;2025-11-30;0;118
11;2025-11-30;1;18
11;2025-11-30;2;0
11;2025-11-30;3;0
11;2025-11-30;4;0
11;2025-11-30;5;119
11;2025-11-30;6;505
11;2025-11-30;7;529
11;2025-11-30;8;775
11;2025-11-30;9;1006
11;2025-11-30;10;1108
11;2025-11-30;11;1603
11;2025-11-30;12;1672
11;2025-11-30;13;1669
11;2025-11-30;14;1748
11;2025-11-30;15;1765
11;2025-11-30;16;1594
11;2025-11-30;17;1761
11;2025-11-30;18;1373
11;2025-11-30;19;1117
11;2025-11-30;20;834
11;2025-11-30;21;597
11;2025-11-30;22;358
11;2025-11-30;23;240
11;2025-12-01;0;60
11;2025-12-01;1;3
11;2025-12-01;2;0
11;2025-12-01;3;0
11;2025-12-01;4;1
11;2025-12-01;5;243
11;2025-12-01;6;1352
11;2025-12-01;7;2505
11;2025-12-01;8;3225
11;2025-12-01;9;2469
11;2025-12-01;10;2047
11;2025-12-01;11;1866
11;2025-12-01;12;1906
11;2025-12-01;13;2037
11;2025-12-01;14;2012
11;2025-12-01;15;1962
11;2025-12-01;16;2223
11;2025-12-01;17;2773
11;2025-12-01;18;3075
11;2025-12-01;19;2116
11;2025-12-01;20;1347
11;2025-12-01;21;764
11;2025-12-01;22;364
11;2025-12-01;23;235
11;2025-12-02;0;60
11;2025-12-02;1;3
11;2025-12-02;2;0
11;2025-12-02;3;0
11;2025-12-02;4;1
11;2025-12-02;5;246
11;2025-12-02;6;1370
11;2025-12-02;7;2528
11;2025-12-02;8;3253
11;2025-12-02;9;2508
11;2025-12-02;10;2100
11;2025-12-02;11;1905
11;2025-12-02;12;1942
11;2025-12-02;13;2082
11;2025-12-02;14;2049
11;2025-12-02;15;1998
11;2025-12-02;16;2266
11;2025-12-02;17;2814
11;2025-12-02;18;3092
11;2025-12-02;19;2161
11;2025-12-02;20;1368
11;2025-12-02;21;775
11;2025-12-02;22;369
11;2025-12-02;23;239
11;2025-12-03;0;61
11;2025-12-03;1;3
11;2025-12-03;2;0
11;2025-12-03;3;0
11;2025-12-03;4;1
11;2025-12-03;5;247
11;2025-12-03;6;1365
11;2025-12-03;7;2536
11;2025-12-03;8;3252
11;2025-12-03;9;2520
11;2025-12-03;10;2096
11;2025-12-03;11;1917
11;2025-12-03;12;1949
11;2025-12-03;13;2087
11;2025-12-03;14;2071
11;2025-12-03;15;2008
11;2025-12-03;16;2270
11;2025-12-03;17;2822
11;2025-12-03;18;3099
11;2025-12-03;19;2134
11;2025-12-03;20;1365
11;2025-12-03;21;777
11;2025-12-03;22;372
11;2025-12-03;23;242
11;2025-12-04;0;60
11;2025-12-04;1;3
11;2025-12-04;2;0
11;2025-12-04;3;0
11;2025-12-04;4;1
11;2025-12-04;5;247
11;2025-12-04;6;1365
11;2025-12-04;7;2533
11;2025-12-04;8;3255
11;2025-12-04;9;2514
11;2025-12-04;10;2092
11;2025-12-04;11;1907
11;2025-12-04;12;1943
11;2025-12-04;13;2090
11;2025-12-04;14;2055
11;2025-12-04;15;1998
11;2025-12-04;16;2267
11;2025-12-04;17;2816
11;2025-12-04;18;3098
11;2025-12-04;19;2160
11;2025-12-04;20;1370
11;2025-12-04;21;779
11;2025-12-04;22;372
11;2025-12-04;23;243
11;2025-12-05;0;60
11;2025-12-05;1;3
11;2025-12-05;2;0
11;2025-12-05;3;0
11;2025-12-05;4;1
11;2025-12-05;5;246
11;2025-12-05;6;1365
11;2025-12-05;7;2520
11;2025-12-05;8;3182
11;2025-12-05;9;2502
11;2025-12-05;10;2085
11;2025-12-05;11;1910
11;2025-12-05;12;1948
11;2025-12-05;13;2092
11;2025-12-05;14;2074
11;2025-12-05;15;2013
11;2025-12-05;16;2275
11;2025-12-05;17;2826
11;2025-12-05;18;2883
11;2025-12-05;19;2098
11;2025-12-05;20;1355
11;2025-12-05;21;772
11;2025-12-05;22;371
11;2025-12-05;23;242
11;2025-12-06;0;112
11;2025-12-06;1;1
11;2025-12-06;2;0
11;2025-12-06;3;0
11;2025-12-06;4;0
11;2025-12-06;5;175
11;2025-12-06;6;899
11;2025-12-06;7;788
11;2025-12-06;8;1118
11;2025-12-06;9;1247
11;2025-12-06;10;1501
11;2025-12-06;11;1824
11;2025-12-06;12;2052
11;2025-12-06;13;1960
11;2025-12-06;14;2193
11;2025-12-06;15;2026
11;2025-12-06;16;1920
11;2025-12-06;17;2012
11;2025-12-06;18;1594
11;2025-12-06;19;1536
11;2025-12-06;20;1043
11;2025-12-06;21;734
11;2025-12-06;22;440
11;2025-12-06;23;282
11;2025-12-07;0;120
11;2025-12-07;1;18
11;2025-12-07;2;0
11;2025-12-07;3;0
11;2025-12-07;4;0
11;2025-12-07;5;120
11;2025-12-07;6;509
11;2025-12-07;7;534
11;2025-12-07;8;782
11;2025-12-07;9;1013
11;2025-12-07;10;1116
11;2025-12-07;11;1617
11;2025-12-07;12;1685
11;2025-12-07;13;1681
11;2025-12-07;14;1763
11;2025-12-07;15;1787
11;2025-12-07;16;1612
11;2025-12-07;17;1777
11;2025-12-07;18;1385
11;2025-12-07;19;1126
11;2025-12-07;20;843
11;2025-12-07;21;603
11;2025-12-07;22;361
11;2025-12-07;23;243
11;2025-12-08;0;60
11;2025-12-08;1;3
11;2025-12-08;2;0
11;2025-12-08;3;0
11;2025-12-08;4;1
11;2025-12-08;5;244
11;2025-12-08;6;1351
11;2025-12-08;7;2502
11;2025-12-08;8;3223
11;2025-12-08;9;2468
11;2025-12-08;10;2046
11;2025-12-08;11;1865
11;2025-12-08;12;1903
11;2025-12-08;13;2033
11;2025-12-08;14;2009
11;2025-12-08;15;1961
11;2025-12-08;16;2221
11;2025-12-08;17;2768
11;2025-12-08;18;3068
11;2025-12-08;19;2113
11;2025-12-08;20;1347
11;2025-12-08;21;763
11;2025-12-08;22;363
11;2025-12-08;23;235
11;2025-12-09;0;60
11;2025-12-09;1;3
11;2025-12-09;2;0
11;2025-12-09;3;0
11;2025-12-09;4;1
11;2025-12-09;5;244
11;2025-12-09;6;1353
11;2025-12-09;7;2494
11;2025-12-09;8;3194
11;2025-12-09;9;2468
11;2025-12-09;10;2065
11;2025-12-09;11;1865
11;2025-12-09;12;1891
11;2025-12-09;13;2030
11;2025-12-09;14;1999
11;2025-12-09;15;1957
11;2025-12-09;16;2224
11;2025-12-09;17;2752
11;2025-12-09;18;3036
11;2025-12-09;19;2129
11;2025-12-09;20;1350
11;2025-12-09;21;765
11;2025-12-09;22;364
11;2025-12-09;23;235
11;2025-12-10;0;60
11;2025-12-10;1;3
11;2025-12-10;2;0
11;2025-12-10;3;0
11;2025-12-10;4;1
11;2025-12-10;5;246
11;2025-12-10;6;1349
11;2025-12-10;7;2504
11;2025-12-10;8;3198
11;2025-12-10;9;2473
11;2025-12-10;10;2059
11;2025-12-10;11;1874
11;2025-12-10;12;1911
11;2025-12-10;13;2047
11;2025-12-10;14;2032
11;2025-12-10;15;1970
11;2025-12-10;16;2226
11;2025-12-10;17;2767
11;2025-12-10;18;3068
11;2025-12-10;19;2120
11;2025-12-10;20;1373
11;2025-12-10;21;780
11;2025-12-10;22;373
11;2025-12-10;23;243
11;2025-12-11;0;60
11;2025-12-11;1;3
11;2025-12-11;2;0
11;2025-12-11;3;0
11;2025-12-11;4;1
11;2025-12-11;5;246
11;2025-12-11;6;1356
11;2025-12-11;7;2514
11;2025-12-11;8;3232
11;2025-12-11;9;2488
11;2025-12-11;10;2070
11;2025-12-11;11;1877
11;2025-12-11;12;1912
11;2025-12-11;13;2058
11;2025-12-11;14;2022
11;2025-12-11;15;1971
11;2025-12-11;16;2239
11;2025-12-11;17;2789
11;2025-12-11;18;3085
11;2025-12-11;19;2157
11;2025-12-11;20;1359
11;2025-12-11;21;772
11;2025-12-11;22;369
11;2025-12-11;23;240
11;2025-12-12;0;60
11;2025-12-12;1;3
11;2025-12-12;2;0
11;2025-12-12;3;0
11;2025-12-12;4;1
11;2025-12-12;5;243
11;2025-12-12;6;1351
11;2025-12-12;7;2479
11;2025-12-12;8;3122
11;2025-12-12;9;2457
11;2025-12-12;10;2043
11;2025-12-12;11;1845
11;2025-12-12;12;1877
11;2025-12-12;13;2013
11;2025-12-12;14;1996
11;2025-12-12;15;1931
11;2025-12-12;16;2187
11;2025-12-12;17;2686
11;2025-12-12;18;2793
11;2025-12-12;19;2034
11;2025-12-12;20;1358
11;2025-12-12;21;772
11;2025-12-12;22;369
11;2025-12-12;23;240
11;2025-12-13;0;110
11;2025-12-13;1;1
11;2025-12-13;2;0
11;2025-12-13;3;0
11;2025-12-13;4;0
11;2025-12-13;5;171
11;2025-12-13;6;878
11;2025-12-13;7;768
11;2025-12-13;8;1079
11;2025-12-13;9;1205
11;2025-12-13;10;1427
11;2025-12-13;11;1685
11;2025-12-13;12;1846
11;2025-12-13;13;1780
11;2025-12-13;14;1953
11;2025-12-13;15;1834
11;2025-12-13;16;1742
11;2025-12-13;17;1837
11;2025-12-13;18;1514
11;2025-12-13;19;1482
11;2025-12-13;20;1028
11;2025-12-13;21;723
11;2025-12-13;22;435
11;2025-12-13;23;278
11;2025-12-14;0;116
11;2025-12-14;1;18
11;2025-12-14;2;0
11;2025-12-14;3;0
11;2025-12-14;4;0
11;2025-12-14;5;117
11;2025-12-14;6;498
11;2025-12-14;7;520
11;2025-12-14;8;759
11;2025-12-14;9;979
11;2025-12-14;10;1075
11;2025-12-14;11;1528
11;2025-12-14;12;1552
11;2025-12-14;13;1547
11;2025-12-14;14;1594
11;2025-12-14;15;1616
11;2025-12-14;16;1538
11;2025-12-14;17;1656
11;2025-12-14;18;1338
11;2025-12-14;19;1104
11;2025-12-14;20;831
11;2025-12-14;21;594
11;2025-12-14;22;356
11;2025-12-14;23;239
11;2025-12-15;0;59
11;2025-12-15;1;3
11;2025-12-15;2;0
11;2025-12-15;3;0
11;2025-12-15;4;1
11;2025-12-15;5;241
11;2025-12-15;6;1336
11;2025-12-15;7;2467
11;2025-12-15;8;3168
11;2025-12-15;9;2428
11;2025-12-15;10;2015
11;2025-12-15;11;1836
11;2025-12-15;12;1874
11;2025-12-15;13;2003
11;2025-12-15;14;1978
11;2025-12-15;15;1928
11;2025-12-15;16;2185
11;2025-12-15;17;2721
11;2025-12-15;18;3031
11;2025-12-15;19;2102
11;2025-12-15;20;1349
11;2025-12-15;21;762
11;2025-12-15;22;363
11;2025-12-15;23;234
11;2025-12-16;0;60
11;2025-12-16;1;3
11;2025-12-16;2;0
11;2025-12-16;3;0
11;2025-12-16;4;1
11;2025-12-16;5;245
11;2025-12-16;6;1359
11;2025-12-16;7;2505
11;2025-12-16;8;3205
11;2025-12-16;9;2478
11;2025-12-16;10;2074
11;2025-12-16;11;1868
11;2025-12-16;12;1908
11;2025-12-16;13;2044
11;2025-12-16;14;2011
11;2025-12-16;15;1960
11;2025-12-16;16;2220
11;2025-12-16;17;2760
11;2025-12-16;18;3050
11;2025-12-16;19;2140
11;2025-12-16;20;1369
11;2025-12-16;21;774
11;2025-12-16;22;369
11;2025-12-16;23;239
11;2025-12-17;0;60
11;2025-12-17;1;3
11;2025-12-17;2;0
11;2025-12-17;3;0
11;2025-12-17;4;1
11;2025-12-17;5;245
11;2025-12-17;6;1356
11;2025-12-17;7;2516
11;2025-12-17;8;3218
11;2025-12-17;9;2496
11;2025-12-17;10;2076
11;2025-12-17;11;1897
11;2025-12-17;12;1928
11;2025-12-17;13;2067
11;2025-12-17;14;2052
11;2025-12-17;15;1989
11;2025-12-17;16;2247
11;2025-12-17;17;2795
11;2025-12-17;18;3065
11;2025-12-17;19;2128
11;2025-12-17;20;1374
11;2025-12-17;21;782
11;2025-12-17;22;374
11;2025-12-17;23;244
11;2025-12-18;0;60
11;2025-12-18;1;3
11;2025-12-18;2;0
11;2025-12-18;3;0
11;2025-12-18;4;1
11;2025-12-18;5;247
11;2025-12-18;6;1363
11;2025-12-18;7;2523
11;2025-12-18;8;3235
11;2025-12-18;9;2506
11;2025-12-18;10;2077
11;2025-12-18;11;1894
11;2025-12-18;12;1929
11;2025-12-18;13;2082
11;2025-12-18;14;2046
11;2025-12-18;15;1990
11;2025-12-18;16;2259
11;2025-12-18;17;2802
11;2025-12-18;18;3082
11;2025-12-18;19;2168
11;2025-12-18;20;1385
11;2025-12-18;21;785
11;2025-12-18;22;375
11;2025-12-18;23;245
11;2025-12-19;0;60
11;2025-12-19;1;3
11;2025-12-19;2;0
11;2025-12-19;3;0
11;2025-12-19;4;1
11;2025-12-19;5;244
11;2025-12-19;6;1358
11;2025-12-19;7;2505
11;2025-12-19;8;3149
11;2025-12-19;9;2487
11;2025-12-19;10;2072
11;2025-12-19;11;1878
11;2025-12-19;12;1914
11;2025-12-19;13;2052
11;2025-12-19;14;2033
11;2025-12-19;15;1971
11;2025-12-19;16;2230
11;2025-12-19;17;2769
11;2025-12-19;18;2812
11;2025-12-19;19;2078
11;2025-12-19;20;1363
11;2025-12-19;21;775
11;2025-12-19;22;372
11;2025-12-19;23;242
11;2025-12-20;0;112
11;2025-12-20;1;1
11;2025-12-20;2;0
11;2025-12-20;3;0
11;2025-12-20;4;0
11;2025-12-20;5;174
11;2025-12-20;6;895
11;2025-12-20;7;782
11;2025-12-20;8;1108
11;2025-12-20;9;1236
11;2025-12-20;10;1488
11;2025-12-20;11;1805
11;2025-12-20;12;2029
11;2025-12-20;13;1939
11;2025-12-20;14;2163
11;2025-12-20;15;2007
11;2025-12-20;16;1897
11;2025-12-20;17;1989
11;2025-12-20;18;1578
11;2025-12-20;19;1523
11;2025-12-20;20;1032
11;2025-12-20;21;727
11;2025-12-20;22;437
11;2025-12-20;23;280
11;2025-12-21;0;117
11;2025-12-21;1;18
11;2025-12-21;2;0
11;2025-12-21;3;0
11;2025-12-21;4;0
11;2025-12-21;5;118
11;2025-12-21;6;490
11;2025-12-21;7;523
11;2025-12-21;8;770
11;2025-12-21;9;997
11;2025-12-21;10;1095
11;2025-12-21;11;1555
11;2025-12-21;12;1610
11;2025-12-21;13;1615
11;2025-12-21;14;1676
11;2025-12-21;15;1700
11;2025-12-21;16;1567
11;2025-12-21;17;1694
11;2025-12-21;18;1360
11;2025-12-21;19;1108
11;2025-12-21;20;830
11;2025-12-21;21;599
11;2025-12-21;22;357
11;2025-12-21;23;240
11;2025-12-22;0;59
11;2025-12-22;1;3
11;2025-12-22;2;0
11;2025-12-22;3;0
11;2025-12-22;4;1
11;2025-12-22;5;242
11;2025-12-22;6;1345
11;2025-12-22;7;2485
11;2025-12-22;8;3191
11;2025-12-22;9;2441
11;2025-12-22;10;2027
11;2025-12-22;11;1840
11;2025-12-22;12;1869
11;2025-12-22;13;1989
11;2025-12-22;14;1957
11;2025-12-22;15;1917
11;2025-12-22;16;2162
11;2025-12-22;17;2699
11;2025-12-22;18;3013
11;2025-12-22;19;2088
11;2025-12-22;20;1346
11;2025-12-22;21;765
11;2025-12-22;22;364
11;2025-12-22;23;235
11;2025-12-23;0;60
11;2025-12-23;1;3
11;2025-12-23;2;0
11;2025-12-23;3;0
11;2025-12-23;4;1
11;2025-12-23;5;243
11;2025-12-23;6;1346
11;2025-12-23;7;2461
11;2025-12-23;8;3137
11;2025-12-23;9;2435
11;2025-12-23;10;2048
11;2025-12-23;11;1860
11;2025-12-23;12;1891
11;2025-12-23;13;2027
11;2025-12-23;14;2000
11;2025-12-23;15;1952
11;2025-12-23;16;2213
11;2025-12-23;17;2749
11;2025-12-23;18;3024
11;2025-12-23;19;2134
11;2025-12-23;20;1361
11;2025-12-23;21;770
11;2025-12-23;22;367
11;2025-12-23;23;238
11;2025-12-24;0;60
11;2025-12-24;1;3
11;2025-12-24;2;0
11;2025-12-24;3;0
11;2025-12-24;4;1
11;2025-12-24;5;243
11;2025-12-24;6;1341
11;2025-12-24;7;2481
11;2025-12-24;8;3171
11;2025-12-24;9;2457
11;2025-12-24;10;2043
11;2025-12-24;11;1862
11;2025-12-24;12;1894
11;2025-12-24;13;2019
11;2025-12-24;14;2004
11;2025-12-24;15;1948
11;2025-12-24;16;2203
11;2025-12-24;17;2743
11;2025-12-24;18;3022
11;2025-12-24;19;2091
11;2025-12-24;20;1352
11;2025-12-24;21;770
11;2025-12-24;22;368
11;2025-12-24;23;240
11;2025-12-25;0;60
11;2025-12-25;1;3
11;2025-12-25;2;0
11;2025-12-25;3;0
11;2025-12-25;4;1
11;2025-12-25;5;246
11;2025-12-25;6;1360
11;2025-12-25;7;2511
11;2025-12-25;8;3223
11;2025-12-25;9;2480
11;2025-12-25;10;2064
11;2025-12-25;11;1872
11;2025-12-25;12;1912
11;2025-12-25;13;2054
11;2025-12-25;14;2012
11;2025-12-25;15;1956
11;2025-12-25;16;2221
11;2025-12-25;17;2744
11;2025-12-25;18;3035
11;2025-12-25;19;2130
11;2025-12-25;20;1374
11;2025-12-25;21;781
11;2025-12-25;22;374
11;2025-12-25;23;244
11;2025-12-26;0;59
11;2025-12-26;1;3
11;2025-12-26;2;0
11;2025-12-26;3;0
11;2025-12-26;4;1
11;2025-12-26;5;240
11;2025-12-26;6;1328
11;2025-12-26;7;2418
11;2025-12-26;8;3029
11;2025-12-26;9;2363
11;2025-12-26;10;1973
11;2025-12-26;11;1780
11;2025-12-26;12;1810
11;2025-12-26;13;1935
11;2025-12-26;14;1918
11;2025-12-26;15;1862
11;2025-12-26;16;2092
11;2025-12-26;17;2600
11;2025-12-26;18;2770
11;2025-12-26;19;2001
11;2025-12-26;20;1330
11;2025-12-26;21;759
11;2025-12-26;22;364
11;2025-12-26;23;238
11;2025-12-27;0;110
11;2025-12-27;1;1
11;2025-12-27;2;0
11;2025-12-27;3;0
11;2025-12-27;4;0
11;2025-12-27;5;171
11;2025-12-27;6;881
11;2025-12-27;7;771
11;2025-12-27;8;1098
11;2025-12-27;9;1228
11;2025-12-27;10;1470
11;2025-12-27;11;1748
11;2025-12-27;12;1936
11;2025-12-27;13;1862
11;2025-12-27;14;2061
11;2025-12-27;15;1918
11;2025-12-27;16;1824
11;2025-12-27;17;1911
11;2025-12-27;18;1546
11;2025-12-27;19;1511
11;2025-12-27;20;1040
11;2025-12-27;21;728
11;2025-12-27;22;428
11;2025-12-27;23;279
11;2025-12-28;0;117
11;2025-12-28;1;18
11;2025-12-28;2;0
11;2025-12-28;3;0
11;2025-12-28;4;0
11;2025-12-28;5;117
11;2025-12-28;6;496
11;2025-12-28;7;509
11;2025-12-28;8;746
11;2025-12-28;9;978
11;2025-12-28;10;1078
11;2025-12-28;11;1503
11;2025-12-28;12;1551
11;2025-12-28;13;1546
11;2025-12-28;14;1605
11;2025-12-28;15;1626
11;2025-12-28;16;1522
11;2025-12-28;17;1631
11;2025-12-28;18;1341
11;2025-12-28;19;1095
11;2025-12-28;20;830
11;2025-12-28;21;594
11;2025-12-28;22;356
11;2025-12-28;23;239
11;2025-12-29;0;59
11;2025-12-29;1;3
11;2025-12-29;2;0
11;2025-12-29;3;0
11;2025-12-29;4;1
11;2025-12-29;5;242
11;2025-12-29;6;1345
11;2025-12-29;7;2478
11;2025-12-29;8;3184
11;2025-12-29;9;2424
11;2025-12-29;10;2027
11;2025-12-29;11;1842
11;2025-12-29;12;1882
11;2025-12-29;13;2011
11;2025-12-29;14;1985
11;2025-12-29;15;1934
11;2025-12-29;16;2178
11;2025-12-29;17;2722
11;2025-12-29;18;3045
11;2025-12-29;19;2107
11;2025-12-29;20;1356
11;2025-12-29;21;766
11;2025-12-29;22;365
11;2025-12-29;23;236
11;2025-12-30;0;60
11;2025-12-30;1;3
11;2025-12-30;2;0
11;2025-12-30;3;0
11;2025-12-30;4;1
11;2025-12-30;5;244
11;2025-12-30;6;1359
11;2025-12-30;7;2502
11;2025-12-30;8;3192
11;2025-12-30;9;2464
11;2025-12-30;10;2069
11;2025-12-30;11;1877
11;2025-12-30;12;1913
11;2025-12-30;13;2047
11;2025-12-30;14;2020
11;2025-12-30;15;1967
11;2025-12-30;16;2216
11;2025-12-30;17;2761
11;2025-12-30;18;2940
11;2025-12-30;19;2090
11;2025-12-30;20;1363
11;2025-12-30;21;773
11;2025-12-30;22;370
11;2025-12-30;23;238
11;2025-12-31;0;120
11;2025-12-31;1;18
11;2025-12-31;2;0
11;2025-12-31;3;0
11;2025-12-31;4;0
11;2025-12-31;5;121
11;2025-12-31;6;514
11;2025-12-31;7;542
11;2025-12-31;8;763
11;2025-12-31;9;986
11;2025-12-31;10;1072
11;2025-12-31;11;1551
11;2025-12-31;12;1618
11;2025-12-31;13;1606
11;2025-12-31;14;1684
11;2025-12-31;15;1698
11;2025-12-31;16;1543
11;2025-12-31;17;1706
11;2025-12-31;18;1346
11;2025-12-31;19;1083
11;2025-12-31;20;851
11;2025-12-31;21;612
11;2025-12-31;22;368
11;2025-12-31;23;245
12;2025-11-01;0;56
12;2025-11-01;1;2
12;2025-11-01;2;0
12;2025-11-01;3;0
12;2025-11-01;4;6
12;2025-11-01;5;318
12;2025-11-01;6;1417
12;2025-11-01;7;2610
12;2025-11-01;8;3564
12;2025-11-01;9;2552
12;2025-11-01;10;2045
12;2025-11-01;11;1961
12;2025-11-01;12;2075
12;2025-11-01;13;2085
12;2025-11-01;14;2042
12;2025-11-01;15;2148
12;2025-11-01;16;2651
12;2025-11-01;17;2989
12;2025-11-01;18;3034
12;2025-11-01;19;2346
12;2025-11-01;20;1556
12;2025-11-01;21;972
12;2025-11-01;22;501
12;2025-11-01;23;258
12;2025-11-02;0;80
12;2025-11-02;1;3
12;2025-11-02;2;0
12;2025-11-02;3;0
12;2025-11-02;4;4
12;2025-11-02;5;143
12;2025-11-02;6;541
12;2025-11-02;7;725
12;2025-11-02;8;729
12;2025-11-02;9;938
12;2025-11-02;10;1163
12;2025-11-02;11;1262
12;2025-11-02;12;1339
12;2025-11-02;13;1548
12;2025-11-02;14;1514
12;2025-11-02;15;1500
12;2025-11-02;16;1473
12;2025-11-02;17;1549
12;2025-11-02;18;1286
12;2025-11-02;19;1034
12;2025-11-02;20;768
12;2025-11-02;21;589
12;2025-11-02;22;356
12;2025-11-02;23;196
12;2025-11-03;0;78
12;2025-11-03;1;3
12;2025-11-03;2;0
12;2025-11-03;3;0
12;2025-11-03;4;3
12;2025-11-03;5;140
12;2025-11-03;6;533
12;2025-11-03;7;732
12;2025-11-03;8;744
12;2025-11-03;9;933
12;2025-11-03;10;1133
12;2025-11-03;11;1205
12;2025-11-03;12;1270
12;2025-11-03;13;1482
12;2025-11-03;14;1438
12;2025-11-03;15;1424
12;2025-11-03;16;1434
12;2025-11-03;17;1520
12;2025-11-03;18;1277
12;2025-11-03;19;1017
12;2025-11-03;20;755
12;2025-11-03;21;573
12;2025-11-03;22;348
12;2025-11-03;23;191
12;2025-11-04;0;80
12;2025-11-04;1;3
12;2025-11-04;2;0
12;2025-11-04;3;0
12;2025-11-04;4;3
12;2025-11-04;5;142
12;2025-11-04;6;538
12;2025-11-04;7;714
12;2025-11-04;8;728
12;2025-11-04;9;908
12;2025-11-04;10;1121
12;2025-11-04;11;1197
12;2025-11-04;12;1274
12;2025-11-04;13;1476
12;2025-11-04;14;1461
12;2025-11-04;15;1455
12;2025-11-04;16;1430
12;2025-11-04;17;1495
12;2025-11-04;18;1267
12;2025-11-04;19;1013
12;2025-11-04;20;768
12;2025-11-04;21;588
12;2025-11-04;22;355
12;2025-11-04;23;196
12;2025-11-05;0;59
12;2025-11-05;1;2
12;2025-11-05;2;0
12;2025-11-05;3;0
12;2025-11-05;4;6
12;2025-11-05;5;338
12;2025-11-05;6;1517
12;2025-11-05;7;2869
12;2025-11-05;8;3907
12;2025-11-05;9;2769
12;2025-11-05;10;2177
12;2025-11-05;11;2062
12;2025-11-05;12;2179
12;2025-11-05;13;2190
12;2025-11-05;14;2144
12;2025-11-05;15;2298
12;2025-11-05;16;2841
12;2025-11-05;17;3189
12;2025-11-05;18;3344
12;2025-11-05;19;2546
12;2025-11-05;20;1636
12;2025-11-05;21;1023
12;2025-11-05;22;525
12;2025-11-05;23;271
12;2025-11-06;0;59
12;2025-11-06;1;2
12;2025-11-06;2;0
12;2025-11-06;3;0
12;2025-11-06;4;6
12;2025-11-06;5;336
12;2025-11-06;6;1509
12;2025-11-06;7;2852
12;2025-11-06;8;3906
12;2025-11-06;9;2751
12;2025-11-06;10;2163
12;2025-11-06;11;2042
12;2025-11-06;12;2182
12;2025-11-06;13;2190
12;2025-11-06;14;2140
12;2025-11-06;15;2269
12;2025-11-06;16;2813
12;2025-11-06;17;3160
12;2025-11-06;18;3295
12;2025-11-06;19;2505
12;2025-11-06;20;1610
12;2025-11-06;21;1012
12;2025-11-06;22;520
12;2025-11-06;23;268
12;2025-11-07;0;60
12;2025-11-07;1;2
12;2025-11-07;2;0
12;2025-11-07;3;0
12;2025-11-07;4;6
12;2025-11-07;5;343
12;2025-11-07;6;1494
12;2025-11-07;7;2649
12;2025-11-07;8;3621
12;2025-11-07;9;2540
12;2025-11-07;10;2062
12;2025-11-07;11;2048
12;2025-11-07;12;2009
12;2025-11-07;13;2012
12;2025-11-07;14;2032
12;2025-11-07;15;2146
12;2025-11-07;16;2630
12;2025-11-07;17;2934
12;2025-11-07;18;2840
12;2025-11-07;19;2218
12;2025-11-07;20;1577
12;2025-11-07;21;1027
12;2025-11-07;22;528
12;2025-11-07;23;273
12;2025-11-08;0;66
12;2025-11-08;1;2
12;2025-11-08;2;0
12;2025-11-08;3;0
12;2025-11-08;4;1
12;2025-11-08;5;226
12;2025-11-08;6;827
12;2025-11-08;7;939
12;2025-11-08;8;1125
12;2025-11-08;9;1330
12;2025-11-08;10;1511
12;2025-11-08;11;1567
12;2025-11-08;12;1564
12;2025-11-08;13;1742
12;2025-11-08;14;1657
12;2025-11-08;15;1609
12;2025-11-08;16;1687
12;2025-11-08;17;1605
12;2025-11-08;18;1630
12;2025-11-08;19;1346
12;2025-11-08;20;873
12;2025-11-08;21;750
12;2025-11-08;22;392
12;2025-11-08;23;286
12;2025-11-09;0;78
12;2025-11-09;1;3
12;2025-11-09;2;0
12;2025-11-09;3;0
12;2025-11-09;4;3
12;2025-11-09;5;141
12;2025-11-09;6;532
12;2025-11-09;7;721
12;2025-11-09;8;744
12;2025-11-09;9;950
12;2025-11-09;10;1178
12;2025-11-09;11;1273
12;2025-11-09;12;1350
12;2025-11-09;13;1556
12;2025-11-09;14;1521
12;2025-11-09;15;1507
12;2025-11-09;16;1487
12;2025-11-09;17;1560
12;2025-11-09;18;1295
12;2025-11-09;19;1049
12;2025-11-09;20;763
12;2025-11-09;21;581
12;2025-11-09;22;352
12;2025-11-09;23;196
12;2025-11-10;0;59
12;2025-11-10;1;2
12;2025-11-10;2;0
12;2025-11-10;3;0
12;2025-11-10;4;6
12;2025-11-10;5;335
12;2025-11-10;6;1506
12;2025-11-10;7;2855
12;2025-11-10;8;3955
12;2025-11-10;9;2736
12;2025-11-10;10;2132
12;2025-11-10;11;2037
12;2025-11-10;12;2161
12;2025-11-10;13;2168
12;2025-11-10;14;2122
12;2025-11-10;15;2268
12;2025-11-10;16;2817
12;2025-11-10;17;3174
12;2025-11-10;18;3348
12;2025-11-10;19;2545
12;2025-11-10;20;1635
12;2025-11-10;21;1015
12;2025-11-10;22;520
12;2025-11-10;23;265
12;2025-11-11;0;60
12;2025-11-11;1;2
12;2025-11-11;2;0
12;2025-11-11;3;0
12;2025-11-11;4;6
12;2025-11-11;5;339
12;2025-11-11;6;1526
12;2025-11-11;7;2891
12;2025-11-11;8;3981
12;2025-11-11;9;2788
12;2025-11-11;10;2187
12;2025-11-11;11;2129
12;2025-11-11;12;2227
12;2025-11-11;13;2233
12;2025-11-11;14;2187
12;2025-11-11;15;2322
12;2025-11-11;16;2865
12;2025-11-11;17;3219
12;2025-11-11;18;3384
12;2025-11-11;19;2579
12;2025-11-11;20;1657
12;2025-11-11;21;1032
12;2025-11-11;22;528
12;2025-11-11;23;269
12;2025-11-12;0;59
12;2025-11-12;1;2
12;2025-11-12;2;0
12;2025-11-12;3;0
12;2025-11-12;4;6
12;2025-11-12;5;338
12;2025-11-12;6;1517
12;2025-11-12;7;2870
12;2025-11-12;8;3954
12;2025-11-12;9;2771
12;2025-11-12;10;2183
12;2025-11-12;11;2067
12;2025-11-12;12;2189
12;2025-11-12;13;2197
12;2025-11-12;14;2145
12;2025-11-12;15;2300
12;2025-11-12;16;2837
12;2025-11-12;17;3187
12;2025-11-12;18;3347
12;2025-11-12;19;2549
12;2025-11-12;20;1638
12;2025-11-12;21;1025
12;2025-11-12;22;526
12;2025-11-12;23;271
12;2025-11-13;0;59
12;2025-11-13;1;2
12;2025-11-13;2;0
12;2025-11-13;3;0
12;2025-11-13;4;6
12;2025-11-13;5;337
12;2025-11-13;6;1516
12;2025-11-13;7;2874
12;2025-11-13;8;3969
12;2025-11-13;9;2778
12;2025-11-13;10;2185
12;2025-11-13;11;2079
12;2025-11-13;12;2207
12;2025-11-13;13;2212
12;2025-11-13;14;2155
12;2025-11-13;15;2298
12;2025-11-13;16;2838
12;2025-11-13;17;3182
12;2025-11-13;18;3338
12;2025-11-13;19;2535
12;2025-11-13;20;1633
12;2025-11-13;21;1020
12;2025-11-13;22;524
12;2025-11-13;23;270
12;2025-11-14;0;59
12;2025-11-14;1;2
12;2025-11-14;2;0
12;2025-11-14;3;0
12;2025-11-14;4;6
12;2025-11-14;5;334
12;2025-11-14;6;1499
12;2025-11-14;7;2821
12;2025-11-14;8;3764
12;2025-11-14;9;2718
12;2025-11-14;10;2148
12;2025-11-14;11;2060
12;2025-11-14;12;2180
12;2025-11-14;13;2186
12;2025-11-14;14;2145
12;2025-11-14;15;2290
12;2025-11-14;16;2814
12;2025-11-14;17;3154
12;2025-11-14;18;3146
12;2025-11-14;19;2465
12;2025-11-14;20;1610
12;2025-11-14;21;1012
12;2025-11-14;22;522
12;2025-11-14;23;270
12;2025-11-15;0;64
12;2025-11-15;1;2
12;2025-11-15;2;0
12;2025-11-15;3;0
12;2025-11-15;4;1
12;2025-11-15;5;219
12;2025-11-15;6;802
12;2025-11-15;7;903
12;2025-11-15;8;1073
12;2025-11-15;9;1274
12;2025-11-15;10;1435
12;2025-11-15;11;1456
12;2025-11-15;12;1462
12;2025-11-15;13;1613
12;2025-11-15;14;1530
12;2025-11-15;15;1489
12;2025-11-15;16;1554
12;2025-11-15;17;1476
12;2025-11-15;18;1514
12;2025-11-15;19;1298
12;2025-11-15;20;855
12;2025-11-15;21;741
12;2025-11-15;22;386
12;2025-11-15;23;282
12;2025-11-16;0;78
12;2025-11-16;1;3
12;2025-11-16;2;0
12;2025-11-16;3;0
12;2025-11-16;4;3
12;2025-11-16;5;140
12;2025-11-16;6;528
12;2025-11-16;7;714
12;2025-11-16;8;736
12;2025-11-16;9;939
12;2025-11-16;10;1166
12;2025-11-16;11;1259
12;2025-11-16;12;1338
12;2025-11-16;13;1546
12;2025-11-16;14;1502
12;2025-11-16;15;1492
12;2025-11-16;16;1465
12;2025-11-16;17;1534
12;2025-11-16;18;1280
12;2025-11-16;19;1049
12;2025-11-16;20;770
12;2025-11-16;21;586
12;2025-11-16;22;354
12;2025-11-16;23;195
12;2025-11-17;0;59
12;2025-11-17;1;2
12;2025-11-17;2;0
12;2025-11-17;3;0
12;2025-11-17;4;6
12;2025-11-17;5;333
12;2025-11-17;6;1498
12;2025-11-17;7;2828
12;2025-11-17;8;3896
12;2025-11-17;9;2686
12;2025-11-17;10;2103
12;2025-11-17;11;2002
12;2025-11-17;12;2126
12;2025-11-17;13;2134
12;2025-11-17;14;2088
12;2025-11-17;15;2232
12;2025-11-17;16;2768
12;2025-11-17;17;3125
12;2025-11-17;18;3310
12;2025-11-17;19;2535
12;2025-11-17;20;1643
12;2025-11-17;21;1020
12;2025-11-17;22;522
12;2025-11-17;23;266
12;2025-11-18;0;58
12;2025-11-18;1;2
12;2025-11-18;2;0
12;2025-11-18;3;0
12;2025-11-18;4;6
12;2025-11-18;5;327
12;2025-11-18;6;1462
12;2025-11-18;7;2752
12;2025-11-18;8;3770
12;2025-11-18;9;2629
12;2025-11-18;10;2053
12;2025-11-18;11;1996
12;2025-11-18;12;2082
12;2025-11-18;13;2086
12;2025-11-18;14;2046
12;2025-11-18;15;2175
12;2025-11-18;16;2684
12;2025-11-18;17;3026
12;2025-11-18;18;3190
12;2025-11-18;19;2427
12;2025-11-18;20;1577
12;2025-11-18;21;984
12;2025-11-18;22;504
12;2025-11-18;23;257
12;2025-11-19;0;59
12;2025-11-19;1;2
12;2025-11-19;2;0
12;2025-11-19;3;0
12;2025-11-19;4;6
12;2025-11-19;5;338
12;2025-11-19;6;1522
12;2025-11-19;7;2881
12;2025-11-19;8;3961
12;2025-11-19;9;2782
12;2025-11-19;10;2182
12;2025-11-19;11;2079
12;2025-11-19;12;2204
12;2025-11-19;13;2212
12;2025-11-19;14;2159
12;2025-11-19;15;2313
12;2025-11-19;16;2855
12;2025-11-19;17;3200
12;2025-11-19;18;3364
12;2025-11-19;19;2585
12;2025-11-19;20;1672
12;2025-11-19;21;1045
12;2025-11-19;22;536
12;2025-11-19;23;275
12;2025-11-20;0;59
12;2025-11-20;1;2
12;2025-11-20;2;0
12;2025-11-20;3;0
12;2025-11-20;4;6
12;2025-11-20;5;338
12;2025-11-20;6;1519
12;2025-11-20;7;2866
12;2025-11-20;8;3938
12;2025-11-20;9;2771
12;2025-11-20;10;2186
12;2025-11-20;11;2079
12;2025-11-20;12;2210
12;2025-11-20;13;2218
12;2025-11-20;14;2159
12;2025-11-20;15;2303
12;2025-11-20;16;2843
12;2025-11-20;17;3185
12;2025-11-20;18;3348
12;2025-11-20;19;2559
12;2025-11-20;20;1648
12;2025-11-20;21;1029
12;2025-11-20;22;528
12;2025-11-20;23;272
12;2025-11-21;0;59
12;2025-11-21;1;2
12;2025-11-21;2;0
12;2025-11-21;3;0
12;2025-11-21;4;6
12;2025-11-21;5;337
12;2025-11-21;6;1514
12;2025-11-21;7;2861
12;2025-11-21;8;3843
12;2025-11-21;9;2756
12;2025-11-21;10;2166
12;2025-11-21;11;2056
12;2025-11-21;12;2176
12;2025-11-21;13;2188
12;2025-11-21;14;2142
12;2025-11-21;15;2287
12;2025-11-21;16;2813
12;2025-11-21;17;3146
12;2025-11-21;18;3154
12;2025-11-21;19;2478
12;2025-11-21;20;1642
12;2025-11-21;21;1034
12;2025-11-21;22;531
12;2025-11-21;23;274
12;2025-11-22;0;66
12;2025-11-22;1;2
12;2025-11-22;2;0
12;2025-11-22;3;0
12;2025-11-22;4;1
12;2025-11-22;5;223
12;2025-11-22;6;819
12;2025-11-22;7;941
12;2025-11-22;8;1124
12;2025-11-22;9;1329
12;2025-11-22;10;1513
12;2025-11-22;11;1542
12;2025-11-22;12;1554
12;2025-11-22;13;1705
12;2025-11-22;14;1626
12;2025-11-22;15;1574
12;2025-11-22;16;1648
12;2025-11-22;17;1567
12;2025-11-22;18;1601
12;2025-11-22;19;1346
12;2025-11-22;20;875
12;2025-11-22;21;736
12;2025-11-22;22;389
12;2025-11-22;23;283
12;2025-11-23;0;77
12;2025-11-23;1;3
12;2025-11-23;2;0
12;2025-11-23;3;0
12;2025-11-23;4;3
12;2025-11-23;5;139
12;2025-11-23;6;526
12;2025-11-23;7;711
12;2025-11-23;8;734
12;2025-11-23;9;936
12;2025-11-23;10;1160
12;2025-11-23;11;1257
12;2025-11-23;12;1334
12;2025-11-23;13;1544
12;2025-11-23;14;1503
12;2025-11-23;15;1491
12;2025-11-23;16;1466
12;2025-11-23;17;1540
12;2025-11-23;18;1282
12;2025-11-23;19;1046
12;2025-11-23;20;766
12;2025-11-23;21;583
12;2025-11-23;22;351
12;2025-11-23;23;194
12;2025-11-24;0;58
12;2025-11-24;1;2
12;2025-11-24;2;0
12;2025-11-24;3;0
12;2025-11-24;4;6
12;2025-11-24;5;332
12;2025-11-24;6;1488
12;2025-11-24;7;2808
12;2025-11-24;8;3882
12;2025-11-24;9;2681
12;2025-11-24;10;2080
12;2025-11-24;11;1972
12;2025-11-24;12;2094
12;2025-11-24;13;2096
12;2025-11-24;14;2051
12;2025-11-24;15;2196
12;2025-11-24;16;2714
12;2025-11-24;17;3067
12;2025-11-24;18;3257
12;2025-11-24;19;2473
12;2025-11-24;20;1596
12;2025-11-24;21;992
12;2025-11-24;22;508
12;2025-11-24;23;258
12;2025-11-25;0;59
12;2025-11-25;1;2
12;2025-11-25;2;0
12;2025-11-25;3;0
12;2025-11-25;4;6
12;2025-11-25;5;338
12;2025-11-25;6;1521
12;2025-11-25;7;2879
12;2025-11-25;8;3958
12;2025-11-25;9;2774
12;2025-11-25;10;2177
12;2025-11-25;11;2114
12;2025-11-25;12;2214
12;2025-11-25;13;2225
12;2025-11-25;14;2180
12;2025-11-25;15;2312
12;2025-11-25;16;2850
12;2025-11-25;17;3197
12;2025-11-25;18;3362
12;2025-11-25;19;2581
12;2025-11-25;20;1671
12;2025-11-25;21;1040
12;2025-11-25;22;531
12;2025-11-25;23;271
12;2025-11-26;0;59
12;2025-11-26;1;2
12;2025-11-26;2;0
12;2025-11-26;3;0
12;2025-11-26;4;6
12;2025-11-26;5;338
12;2025-11-26;6;1507
12;2025-11-26;7;2850
12;2025-11-26;8;3936
12;2025-11-26;9;2736
12;2025-11-26;10;2164
12;2025-11-26;11;2044
12;2025-11-26;12;2159
12;2025-11-26;13;2169
12;2025-11-26;14;2109
12;2025-11-26;15;2266
12;2025-11-26;16;2795
12;2025-11-26;17;3147
12;2025-11-26;18;3334
12;2025-11-26;19;2557
12;2025-11-26;20;1659
12;2025-11-26;21;1038
12;2025-11-26;22;532
12;2025-11-26;23;274
12;2025-11-27;0;59
12;2025-11-27;1;2
12;2025-11-27;2;0
12;2025-11-27;3;0
12;2025-11-27;4;6
12;2025-11-27;5;338
12;2025-11-27;6;1519
12;2025-11-27;7;2875
12;2025-11-27;8;3981
12;2025-11-27;9;2776
12;2025-11-27;10;2184
12;2025-11-27;11;2062
12;2025-11-27;12;2197
12;2025-11-27;13;2203
12;2025-11-27;14;2145
12;2025-11-27;15;2292
12;2025-11-27;16;2832
12;2025-11-27;17;3185
12;2025-11-27;18;3343
12;2025-11-27;19;2539
12;2025-11-27;20;1637
12;2025-11-27;21;1022
12;2025-11-27;22;525
12;2025-11-27;23;271
12;2025-11-28;0;59
12;2025-11-28;1;2
12;2025-11-28;2;0
12;2025-11-28;3;0
12;2025-11-28;4;6
12;2025-11-28;5;337
12;2025-11-28;6;1511
12;2025-11-28;7;2830
12;2025-11-28;8;3882
12;2025-11-28;9;2730
12;2025-11-28;10;2148
12;2025-11-28;11;2036
12;2025-11-28;12;2148
12;2025-11-28;13;2166
12;2025-11-28;14;2119
12;2025-11-28;15;2265
12;2025-11-28;16;2787
12;2025-11-28;17;3141
12;2025-11-28;18;3146
12;2025-11-28;19;2430
12;2025-11-28;20;1596
12;2025-11-28;21;1017
12;2025-11-28;22;523
12;2025-11-28;23;271
12;2025-11-29;0;66
12;2025-11-29;1;2
12;2025-11-29;2;0
12;2025-11-29;3;0
12;2025-11-29;4;1
12;2025-11-29;5;228
12;2025-11-29;6;837
12;2025-11-29;7;951
12;2025-11-29;8;1139
12;2025-11-29;9;1348
12;2025-11-29;10;1533
12;2025-11-29;11;1582
12;2025-11-29;12;1596
12;2025-11-29;13;1773
12;2025-11-29;14;1676
12;2025-11-29;15;1622
12;2025-11-29;16;1706
12;2025-11-29;17;1622
12;2025-11-29;18;1654
12;2025-11-29;19;1364
12;2025-11-29;20;886
12;2025-11-29;21;761
12;2025-11-29;22;397
12;2025-11-29;23;289
12;2025-11-30;0;77
12;2025-11-30;1;3
12;2025-11-30;2;0
12;2025-11-30;3;0
12;2025-11-30;4;3
12;2025-11-30;5;140
12;2025-11-30;6;529
12;2025-11-30;7;716
12;2025-11-30;8;740
12;2025-11-30;9;947
12;2025-11-30;10;1176
12;2025-11-30;11;1271
12;2025-11-30;12;1349
12;2025-11-30;13;1563
12;2025-11-30;14;1520
12;2025-11-30;15;1507
12;2025-11-30;16;1478
12;2025-11-30;17;1559
12;2025-11-30;18;1294
12;2025-11-30;19;1048
12;2025-11-30;20;762
12;2025-11-30;21;580
12;2025-11-30;22;351
12;2025-11-30;23;195
12;2025-12-01;0;56
12;2025-12-01;1;2
12;2025-12-01;2;0
12;2025-12-01;3;0
12;2025-12-01;4;6
12;2025-12-01;5;319
12;2025-12-01;6;1433
12;2025-12-01;7;2719
12;2025-12-01;8;3762
12;2025-12-01;9;2605
12;2025-12-01;10;2030
12;2025-12-01;11;1938
12;2025-12-01;12;2054
12;2025-12-01;13;2061
12;2025-12-01;14;2018
12;2025-12-01;15;2156
12;2025-12-01;16;2675
12;2025-12-01;17;3012
12;2025-12-01;18;3183
12;2025-12-01;19;2421
12;2025-12-01;20;1554
12;2025-12-01;21;967
12;2025-12-01;22;495
12;2025-12-01;23;252
12;2025-12-02;0;57
12;2025-12-02;1;2
12;2025-12-02;2;0
12;2025-12-02;3;0
12;2025-12-02;4;6
12;2025-12-02;5;323
12;2025-12-02;6;1452
12;2025-12-02;7;2744
12;2025-12-02;8;3784
12;2025-12-02;9;2646
12;2025-12-02;10;2078
12;2025-12-02;11;2021
12;2025-12-02;12;2114
12;2025-12-02;13;2120
12;2025-12-02;14;2077
12;2025-12-02;15;2207
12;2025-12-02;16;2719
12;2025-12-02;17;3052
12;2025-12-02;18;3209
12;2025-12-02;19;2450
12;2025-12-02;20;1574
12;2025-12-02;21;981
12;2025-12-02;22;502
12;2025-12-02;23;256
12;2025-12-03;0;57
12;2025-12-03;1;2
12;2025-12-03;2;0
12;2025-12-03;3;0
12;2025-12-03;4;6
12;2025-12-03;5;324
12;2025-12-03;6;1454
12;2025-12-03;7;2754
12;2025-12-03;8;3788
12;2025-12-03;9;2664
12;2025-12-03;10;2097
12;2025-12-03;11;2000
12;2025-12-03;12;2111
12;2025-12-03;13;2118
12;2025-12-03;14;2063
12;2025-12-03;15;2213
12;2025-12-03;16;2732
12;2025-12-03;17;3060
12;2025-12-03;18;3216
12;2025-12-03;19;2453
12;2025-12-03;20;1575
12;2025-12-03;21;984
12;2025-12-03;22;505
12;2025-12-03;23;260
12;2025-12-04;0;57
12;2025-12-04;1;2
12;2025-12-04;2;0
12;2025-12-04;3;0
12;2025-12-04;4;6
12;2025-12-04;5;324
12;2025-12-04;6;1454
12;2025-12-04;7;2754
12;2025-12-04;8;3792
12;2025-12-04;9;2656
12;2025-12-04;10;2093
12;2025-12-04;11;1990
12;2025-12-04;12;2115
12;2025-12-04;13;2126
12;2025-12-04;14;2072
12;2025-12-04;15;2210
12;2025-12-04;16;2728
12;2025-12-04;17;3061
12;2025-12-04;18;3217
12;2025-12-04;19;2450
12;2025-12-04;20;1577
12;2025-12-04;21;985
12;2025-12-04;22;506
12;2025-12-04;23;261
12;2025-12-05;0;56
12;2025-12-05;1;2
12;2025-12-05;2;0
12;2025-12-05;3;0
12;2025-12-05;4;6
12;2025-12-05;5;322
12;2025-12-05;6;1446
12;2025-12-05;7;2736
12;2025-12-05;8;3706
12;2025-12-05;9;2640
12;2025-12-05;10;2074
12;2025-12-05;11;1994
12;2025-12-05;12;2109
12;2025-12-05;13;2126
12;2025-12-05;14;2081
12;2025-12-05;15;2227
12;2025-12-05;16;2732
12;2025-12-05;17;3068
12;2025-12-05;18;3060
12;2025-12-05;19;2378
12;2025-12-05;20;1552
12;2025-12-05;21;977
12;2025-12-05;22;503
12;2025-12-05;23;260
12;2025-12-06;0;66
12;2025-12-06;1;2
12;2025-12-06;2;0
12;2025-12-06;3;0
12;2025-12-06;4;1
12;2025-12-06;5;228
12;2025-12-06;6;838
12;2025-12-06;7;950
12;2025-12-06;8;1140
12;2025-12-06;9;1351
12;2025-12-06;10;1539
12;2025-12-06;11;1589
12;2025-12-06;12;1600
12;2025-12-06;13;1783
12;2025-12-06;14;1685
12;2025-12-06;15;1634
12;2025-12-06;16;1710
12;2025-12-06;17;1625
12;2025-12-06;18;1657
12;2025-12-06;19;1365
12;2025-12-06;20;886
12;2025-12-06;21;762
12;2025-12-06;22;397
12;2025-12-06;23;289
12;2025-12-07;0;78
12;2025-12-07;1;3
12;2025-12-07;2;0
12;2025-12-07;3;0
12;2025-12-07;4;3
12;2025-12-07;5;141
12;2025-12-07;6;534
12;2025-12-07;7;722
12;2025-12-07;8;746
12;2025-12-07;9;954
12;2025-12-07;10;1185
12;2025-12-07;11;1282
12;2025-12-07;12;1360
12;2025-12-07;13;1576
12;2025-12-07;14;1534
12;2025-12-07;15;1524
12;2025-12-07;16;1494
12;2025-12-07;17;1574
12;2025-12-07;18;1306
12;2025-12-07;19;1057
12;2025-12-07;20;770
12;2025-12-07;21;586
12;2025-12-07;22;354
12;2025-12-07;23;197
12;2025-12-08;0;56
12;2025-12-08;1;2
12;2025-12-08;2;0
12;2025-12-08;3;0
12;2025-12-08;4;6
12;2025-12-08;5;319
12;2025-12-08;6;1432
12;2025-12-08;7;2717
12;2025-12-08;8;3759
12;2025-12-08;9;2604
12;2025-12-08;10;2029
12;2025-12-08;11;1936
12;2025-12-08;12;2051
12;2025-12-08;13;2057
12;2025-12-08;14;2014
12;2025-12-08;15;2155
12;2025-12-08;16;2673
12;2025-12-08;17;3006
12;2025-12-08;18;3176
12;2025-12-08;19;2417
12;2025-12-08;20;1554
12;2025-12-08;21;966
12;2025-12-08;22;494
12;2025-12-08;23;252
12;2025-12-09;0;56
12;2025-12-09;1;2
12;2025-12-09;2;0
12;2025-12-09;3;0
12;2025-12-09;4;6
12;2025-12-09;5;319
12;2025-12-09;6;1435
12;2025-12-09;7;2704
12;2025-12-09;8;3715
12;2025-12-09;9;2602
12;2025-12-09;10;2044
12;2025-12-09;11;1978
12;2025-12-09;12;2064
12;2025-12-09;13;2071
12;2025-12-09;14;2032
12;2025-12-09;15;2162
12;2025-12-09;16;2668
12;2025-12-09;17;2983
12;2025-12-09;18;3142
12;2025-12-09;19;2413
12;2025-12-09;20;1556
12;2025-12-09;21;968
12;2025-12-09;22;495
12;2025-12-09;23;253
12;2025-12-10;0;56
12;2025-12-10;1;2
12;2025-12-10;2;0
12;2025-12-10;3;0
12;2025-12-10;4;6
12;2025-12-10;5;322
12;2025-12-10;6;1436
12;2025-12-10;7;2716
12;2025-12-10;8;3739
12;2025-12-10;9;2612
12;2025-12-10;10;2059
12;2025-12-10;11;1958
12;2025-12-10;12;2069
12;2025-12-10;13;2076
12;2025-12-10;14;2024
12;2025-12-10;15;2170
12;2025-12-10;16;2676
12;2025-12-10;17;3005
12;2025-12-10;18;3171
12;2025-12-10;19;2438
12;2025-12-10;20;1583
12;2025-12-10;21;989
12;2025-12-10;22;507
12;2025-12-10;23;261
12;2025-12-11;0;56
12;2025-12-11;1;2
12;2025-12-11;2;0
12;2025-12-11;3;0
12;2025-12-11;4;6
12;2025-12-11;5;322
12;2025-12-11;6;1446
12;2025-12-11;7;2731
12;2025-12-11;8;3779
12;2025-12-11;9;2631
12;2025-12-11;10;2074
12;2025-12-11;11;1956
12;2025-12-11;12;2085
12;2025-12-11;13;2096
12;2025-12-11;14;2041
12;2025-12-11;15;2180
12;2025-12-11;16;2695
12;2025-12-11;17;3034
12;2025-12-11;18;3194
12;2025-12-11;19;2446
12;2025-12-11;20;1565
12;2025-12-11;21;976
12;2025-12-11;22;501
12;2025-12-11;23;258
12;2025-12-12;0;56
12;2025-12-12;1;2
12;2025-12-12;2;0
12;2025-12-12;3;0
12;2025-12-12;4;6
12;2025-12-12;5;319
12;2025-12-12;6;1432
12;2025-12-12;7;2688
12;2025-12-12;8;3660
12;2025-12-12;9;2591
12;2025-12-12;10;2032
12;2025-12-12;11;1927
12;2025-12-12;12;2034
12;2025-12-12;13;2046
12;2025-12-12;14;2003
12;2025-12-12;15;2138
12;2025-12-12;16;2625
12;2025-12-12;17;2912
12;2025-12-12;18;2938
12;2025-12-12;19;2307
12;2025-12-12;20;1546
12;2025-12-12;21;978
12;2025-12-12;22;501
12;2025-12-12;23;258
12;2025-12-13;0;65
12;2025-12-13;1;2
12;2025-12-13;2;0
12;2025-12-13;3;0
12;2025-12-13;4;1
12;2025-12-13;5;223
12;2025-12-13;6;818
12;2025-12-13;7;926
12;2025-12-13;8;1100
12;2025-12-13;9;1295
12;2025-12-13;10;1461
12;2025-12-13;11;1502
12;2025-12-13;12;1512
12;2025-12-13;13;1646
12;2025-12-13;14;1578
12;2025-12-13;15;1528
12;2025-12-13;16;1601
12;2025-12-13;17;1533
12;2025-12-13;18;1574
12;2025-12-13;19;1325
12;2025-12-13;20;874
12;2025-12-13;21;750
12;2025-12-13;22;392
12;2025-12-13;23;285
12;2025-12-14;0;76
12;2025-12-14;1;3
12;2025-12-14;2;0
12;2025-12-14;3;0
12;2025-12-14;4;3
12;2025-12-14;5;137
12;2025-12-14;6;521
12;2025-12-14;7;705
12;2025-12-14;8;724
12;2025-12-14;9;922
12;2025-12-14;10;1138
12;2025-12-14;11;1230
12;2025-12-14;12;1283
12;2025-12-14;13;1458
12;2025-12-14;14;1430
12;2025-12-14;15;1421
12;2025-12-14;16;1427
12;2025-12-14;17;1492
12;2025-12-14;18;1262
12;2025-12-14;19;1035
12;2025-12-14;20;760
12;2025-12-14;21;578
12;2025-12-14;22;349
12;2025-12-14;23;193
12;2025-12-15;0;55
12;2025-12-15;1;2
12;2025-12-15;2;0
12;2025-12-15;3;0
12;2025-12-15;4;6
12;2025-12-15;5;315
12;2025-12-15;6;1416
12;2025-12-15;7;2678
12;2025-12-15;8;3698
12;2025-12-15;9;2561
12;2025-12-15;10;1998
12;2025-12-15;11;1908
12;2025-12-15;12;2021
12;2025-12-15;13;2027
12;2025-12-15;14;1983
12;2025-12-15;15;2119
12;2025-12-15;16;2625
12;2025-12-15;17;2958
12;2025-12-15;18;3136
12;2025-12-15;19;2401
12;2025-12-15;20;1556
12;2025-12-15;21;967
12;2025-12-15;22;494
12;2025-12-15;23;252
12;2025-12-16;0;56
12;2025-12-16;1;2
12;2025-12-16;2;0
12;2025-12-16;3;0
12;2025-12-16;4;6
12;2025-12-16;5;320
12;2025-12-16;6;1440
12;2025-12-16;7;2718
12;2025-12-16;8;3736
12;2025-12-16;9;2613
12;2025-12-16;10;2050
12;2025-12-16;11;1980
12;2025-12-16;12;2076
12;2025-12-16;13;2081
12;2025-12-16;14;2036
12;2025-12-16;15;2166
12;2025-12-16;16;2664
12;2025-12-16;17;2997
12;2025-12-16;18;3152
12;2025-12-16;19;2425
12;2025-12-16;20;1575
12;2025-12-16;21;981
12;2025-12-16;22;502
12;2025-12-16;23;256
12;2025-12-17;0;56
12;2025-12-17;1;2
12;2025-12-17;2;0
12;2025-12-17;3;0
12;2025-12-17;4;6
12;2025-12-17;5;321
12;2025-12-17;6;1443
12;2025-12-17;7;2731
12;2025-12-17;8;3751
12;2025-12-17;9;2637
12;2025-12-17;10;2078
12;2025-12-17;11;1981
12;2025-12-17;12;2089
12;2025-12-17;13;2098
12;2025-12-17;14;2043
12;2025-12-17;15;2191
12;2025-12-17;16;2702
12;2025-12-17;17;3025
12;2025-12-17;18;3179
12;2025-12-17;19;2446
12;2025-12-17;20;1586
12;2025-12-17;21;990
12;2025-12-17;22;508
12;2025-12-17;23;262
12;2025-12-18;0;57
12;2025-12-18;1;2
12;2025-12-18;2;0
12;2025-12-18;3;0
12;2025-12-18;4;6
12;2025-12-18;5;323
12;2025-12-18;6;1452
12;2025-12-18;7;2742
12;2025-12-18;8;3766
12;2025-12-18;9;2648
12;2025-12-18;10;2079
12;2025-12-18;11;1975
12;2025-12-18;12;2101
12;2025-12-18;13;2119
12;2025-12-18;14;2063
12;2025-12-18;15;2201
12;2025-12-18;16;2718
12;2025-12-18;17;3043
12;2025-12-18;18;3199
12;2025-12-18;19;2459
12;2025-12-18;20;1596
12;2025-12-18;21;995
12;2025-12-18;22;510
12;2025-12-18;23;263
12;2025-12-19;0;56
12;2025-12-19;1;2
12;2025-12-19;2;0
12;2025-12-19;3;0
12;2025-12-19;4;6
12;2025-12-19;5;320
12;2025-12-19;6;1439
12;2025-12-19;7;2719
12;2025-12-19;8;3669
12;2025-12-19;9;2625
12;2025-12-19;10;2061
12;2025-12-19;11;1961
12;2025-12-19;12;2074
12;2025-12-19;13;2085
12;2025-12-19;14;2040
12;2025-12-19;15;2181
12;2025-12-19;16;2675
12;2025-12-19;17;2997
12;2025-12-19;18;2982
12;2025-12-19;19;2354
12;2025-12-19;20;1561
12;2025-12-19;21;982
12;2025-12-19;22;505
12;2025-12-19;23;260
12;2025-12-20;0;66
12;2025-12-20;1;2
12;2025-12-20;2;0
12;2025-12-20;3;0
12;2025-12-20;4;1
12;2025-12-20;5;227
12;2025-12-20;6;833
12;2025-12-20;7;944
12;2025-12-20;8;1129
12;2025-12-20;9;1339
12;2025-12-20;10;1525
12;2025-12-20;11;1573
12;2025-12-20;12;1584
12;2025-12-20;13;1764
12;2025-12-20;14;1666
12;2025-12-20;15;1618
12;2025-12-20;16;1690
12;2025-12-20;17;1606
12;2025-12-20;18;1641
12;2025-12-20;19;1352
12;2025-12-20;20;877
12;2025-12-20;21;754
12;2025-12-20;22;394
12;2025-12-20;23;287
12;2025-12-21;0;77
12;2025-12-21;1;3
12;2025-12-21;2;0
12;2025-12-21;3;0
12;2025-12-21;4;3
12;2025-12-21;5;139
12;2025-12-21;6;513
12;2025-12-21;7;708
12;2025-12-21;8;735
12;2025-12-21;9;939
12;2025-12-21;10;1162
12;2025-12-21;11;1252
12;2025-12-21;12;1326
12;2025-12-21;13;1526
12;2025-12-21;14;1484
12;2025-12-21;15;1476
12;2025-12-21;16;1454
12;2025-12-21;17;1525
12;2025-12-21;18;1283
12;2025-12-21;19;1040
12;2025-12-21;20;758
12;2025-12-21;21;582
12;2025-12-21;22;350
12;2025-12-21;23;195
12;2025-12-22;0;56
12;2025-12-22;1;2
12;2025-12-22;2;0
12;2025-12-22;3;0
12;2025-12-22;4;6
12;2025-12-22;5;317
12;2025-12-22;6;1426
12;2025-12-22;7;2697
12;2025-12-22;8;3734
12;2025-12-22;9;2574
12;2025-12-22;10;2011
12;2025-12-22;11;1911
12;2025-12-22;12;2016
12;2025-12-22;13;2016
12;2025-12-22;14;1972
12;2025-12-22;15;2107
12;2025-12-22;16;2598
12;2025-12-22;17;2930
12;2025-12-22;18;3112
12;2025-12-22;19;2388
12;2025-12-22;20;1551
12;2025-12-22;21;969
12;2025-12-22;22;496
12;2025-12-22;23;252
12;2025-12-23;0;56
12;2025-12-23;1;2
12;2025-12-23;2;0
12;2025-12-23;3;0
12;2025-12-23;4;6
12;2025-12-23;5;319
12;2025-12-23;6;1421
12;2025-12-23;7;2670
12;2025-12-23;8;3664
12;2025-12-23;9;2568
12;2025-12-23;10;2031
12;2025-12-23;11;1971
12;2025-12-23;12;2062
12;2025-12-23;13;2067
12;2025-12-23;14;2031
12;2025-12-23;15;2155
12;2025-12-23;16;2654
12;2025-12-23;17;2979
12;2025-12-23;18;3136
12;2025-12-23;19;2418
12;2025-12-23;20;1567
12;2025-12-23;21;977
12;2025-12-23;22;499
12;2025-12-23;23;255
12;2025-12-24;0;56
12;2025-12-24;1;2
12;2025-12-24;2;0
12;2025-12-24;3;0
12;2025-12-24;4;6
12;2025-12-24;5;318
12;2025-12-24;6;1430
12;2025-12-24;7;2694
12;2025-12-24;8;3693
12;2025-12-24;9;2595
12;2025-12-24;10;2043
12;2025-12-24;11;1943
12;2025-12-24;12;2052
12;2025-12-24;13;2052
12;2025-12-24;14;2002
12;2025-12-24;15;2146
12;2025-12-24;16;2647
12;2025-12-24;17;2977
12;2025-12-24;18;3128
12;2025-12-24;19;2404
12;2025-12-24;20;1559
12;2025-12-24;21;976
12;2025-12-24;22;501
12;2025-12-24;23;258
12;2025-12-25;0;57
12;2025-12-25;1;2
12;2025-12-25;2;0
12;2025-12-25;3;0
12;2025-12-25;4;6
12;2025-12-25;5;323
12;2025-12-25;6;1450
12;2025-12-25;7;2726
12;2025-12-25;8;3755
12;2025-12-25;9;2618
12;2025-12-25;10;2063
12;2025-12-25;11;1955
12;2025-12-25;12;2080
12;2025-12-25;13;2089
12;2025-12-25;14;2029
12;2025-12-25;15;2162
12;2025-12-25;16;2669
12;2025-12-25;17;2978
12;2025-12-25;18;3139
12;2025-12-25;19;2415
12;2025-12-25;20;1577
12;2025-12-25;21;990
12;2025-12-25;22;508
12;2025-12-25;23;262
12;2025-12-26;0;55
12;2025-12-26;1;2
12;2025-12-26;2;0
12;2025-12-26;3;0
12;2025-12-26;4;6
12;2025-12-26;5;314
12;2025-12-26;6;1409
12;2025-12-26;7;2618
12;2025-12-26;8;3547
12;2025-12-26;9;2502
12;2025-12-26;10;1968
12;2025-12-26;11;1850
12;2025-12-26;12;1960
12;2025-12-26;13;1965
12;2025-12-26;14;1930
12;2025-12-26;15;2047
12;2025-12-26;16;2515
12;2025-12-26;17;2822
12;2025-12-26;18;2899
12;2025-12-26;19;2274
12;2025-12-26;20;1514
12;2025-12-26;21;962
12;2025-12-26;22;494
12;2025-12-26;23;255
12;2025-12-27;0;65
12;2025-12-27;1;2
12;2025-12-27;2;0
12;2025-12-27;3;0
12;2025-12-27;4;1
12;2025-12-27;5;223
12;2025-12-27;6;821
12;2025-12-27;7;930
12;2025-12-27;8;1119
12;2025-12-27;9;1330
12;2025-12-27;10;1507
12;2025-12-27;11;1549
12;2025-12-27;12;1560
12;2025-12-27;13;1709
12;2025-12-27;14;1631
12;2025-12-27;15;1577
12;2025-12-27;16;1652
12;2025-12-27;17;1572
12;2025-12-27;18;1606
12;2025-12-27;19;1349
12;2025-12-27;20;883
12;2025-12-27;21;755
12;2025-12-27;22;386
12;2025-12-27;23;286
12;2025-12-28;0;76
12;2025-12-28;1;3
12;2025-12-28;2;0
12;2025-12-28;3;0
12;2025-12-28;4;3
12;2025-12-28;5;138
12;2025-12-28;6;520
12;2025-12-28;7;690
12;2025-12-28;8;711
12;2025-12-28;9;921
12;2025-12-28;10;1146
12;2025-12-28;11;1227
12;2025-12-28;12;1302
12;2025-12-28;13;1473
12;2025-12-28;14;1445
12;2025-12-28;15;1435
12;2025-12-28;16;1423
12;2025-12-28;17;1482
12;2025-12-28;18;1264
12;2025-12-28;19;1031
12;2025-12-28;20;759
12;2025-12-28;21;578
12;2025-12-28;22;349
12;2025-12-28;23;194
12;2025-12-29;0;56
12;2025-12-29;1;2
12;2025-12-29;2;0
12;2025-12-29;3;0
12;2025-12-29;4;6
12;2025-12-29;5;317
12;2025-12-29;6;1426
12;2025-12-29;7;2685
12;2025-12-29;8;3728
12;2025-12-29;9;2569
12;2025-12-29;10;2009
12;2025-12-29;11;1914
12;2025-12-29;12;2028
12;2025-12-29;13;2034
12;2025-12-29;14;1989
12;2025-12-29;15;2119
12;2025-12-29;16;2624
12;2025-12-29;17;2962
12;2025-12-29;18;3140
12;2025-12-29;19;2398
12;2025-12-29;20;1564
12;2025-12-29;21;971
12;2025-12-29;22;496
12;2025-12-29;23;253
12;2025-12-30;0;56
12;2025-12-30;1;2
12;2025-12-30;2;0
12;2025-12-30;3;0
12;2025-12-30;4;6
12;2025-12-30;5;320
12;2025-12-30;6;1440
12;2025-12-30;7;2715
12;2025-12-30;8;3726
12;2025-12-30;9;2608
12;2025-12-30;10;2054
12;2025-12-30;11;1974
12;2025-12-30;12;2072
12;2025-12-30;13;2076
12;2025-12-30;14;2035
12;2025-12-30;15;2164
12;2025-12-30;16;2668
12;2025-12-30;17;3000
12;2025-12-30;18;3061
12;2025-12-30;19;2374
12;2025-12-30;20;1566
12;2025-12-30;21;980
12;2025-12-30;22;503
12;2025-12-30;23;256
12;2025-12-31;0;79
12;2025-12-31;1;3
12;2025-12-31;2;0
12;2025-12-31;3;0
12;2025-12-31;4;3
12;2025-12-31;5;142
12;2025-12-31;6;540
12;2025-12-31;7;727
12;2025-12-31;8;731
12;2025-12-31;9;924
12;2025-12-31;10;1134
12;2025-12-31;11;1222
12;2025-12-31;12;1297
12;2025-12-31;13;1499
12;2025-12-31;14;1454
12;2025-12-31;15;1435
12;2025-12-31;16;1434
12;2025-12-31;17;1500
12;2025-12-31;18;1267
12;2025-12-31;19;1014
12;2025-12-31;20;778
12;2025-12-31;21;595
12;2025-12-31;22;360
12;2025-12-31;23;199
17;2025-11-01;0;120
17;2025-11-01;1;14
17;2025-11-01;2;0
17;2025-11-01;3;0
17;2025-11-01;4;25
17;2025-11-01;5;315
17;2025-11-01;6;1559
17;2025-11-01;7;4167
17;2025-11-01;8;5346
17;2025-11-01;9;3912
17;2025-11-01;10;3044
17;2025-11-01;11;3031
17;2025-11-01;12;3045
17;2025-11-01;13;3100
17;2025-11-01;14;3225
17;2025-11-01;15;3333
17;2025-11-01;16;3787
17;2025-11-01;17;4574
17;2025-11-01;18;4669
17;2025-11-01;19;3186
17;2025-11-01;20;2224
17;2025-11-01;21;1428
17;2025-11-01;22;699
17;2025-11-01;23;363
17;2025-11-02;0;204
17;2025-11-02;1;27
17;2025-11-02;2;0
17;2025-11-02;3;0
17;2025-11-02;4;2
17;2025-11-02;5;108
17;2025-11-02;6;463
17;2025-11-02;7;919
17;2025-11-02;8;1332
17;2025-11-02;9;1798
17;2025-11-02;10;2127
17;2025-11-02;11;2729
17;2025-11-02;12;3031
17;2025-11-02;13;3237
17;2025-11-02;14;3383
17;2025-11-02;15;3326
17;2025-11-02;16;3306
17;2025-11-02;17;3123
17;2025-11-02;18;2671
17;2025-11-02;19;2146
17;2025-11-02;20;1549
17;2025-11-02;21;1170
17;2025-11-02;22;740
17;2025-11-02;23;324
17;2025-11-03;0;199
17;2025-11-03;1;26
17;2025-11-03;2;0
17;2025-11-03;3;0
17;2025-11-03;4;2
17;2025-11-03;5;106
17;2025-11-03;6;457
17;2025-11-03;7;927
17;2025-11-03;8;1368
17;2025-11-03;9;1782
17;2025-11-03;10;2062
17;2025-11-03;11;2588
17;2025-11-03;12;2854
17;2025-11-03;13;3087
17;2025-11-03;14;3238
17;2025-11-03;15;3165
17;2025-11-03;16;3163
17;2025-11-03;17;3042
17;2025-11-03;18;2603
17;2025-11-03;19;2075
17;2025-11-03;20;1513
17;2025-11-03;21;1142
17;2025-11-03;22;723
17;2025-11-03;23;316
17;2025-11-04;0;204
17;2025-11-04;1;27
17;2025-11-04;2;0
17;2025-11-04;3;0
17;2025-11-04;4;2
17;2025-11-04;5;108
17;2025-11-04;6;461
17;2025-11-04;7;915
17;2025-11-04;8;1343
17;2025-11-04;9;1718
17;2025-11-04;10;1853
17;2025-11-04;11;2350
17;2025-11-04;12;2584
17;2025-11-04;13;2816
17;2025-11-04;14;3040
17;2025-11-04;15;3001
17;2025-11-04;16;2947
17;2025-11-04;17;2844
17;2025-11-04;18;2448
17;2025-11-04;19;1939
17;2025-11-04;20;1499
17;2025-11-04;21;1164
17;2025-11-04;22;738
17;2025-11-04;23;323
17;2025-11-05;0;127
17;2025-11-05;1;15
17;2025-11-05;2;0
17;2025-11-05;3;0
17;2025-11-05;4;27
17;2025-11-05;5;335
17;2025-11-05;6;1659
17;2025-11-05;7;4540
17;2025-11-05;8;5821
17;2025-11-05;9;4142
17;2025-11-05;10;3192
17;2025-11-05;11;3152
17;2025-11-05;12;3162
17;2025-11-05;13;3213
17;2025-11-05;14;3367
17;2025-11-05;15;3467
17;2025-11-05;16;3949
17;2025-11-05;17;4789
17;2025-11-05;18;5048
17;2025-11-05;19;3362
17;2025-11-05;20;2409
17;2025-11-05;21;1500
17;2025-11-05;22;729
17;2025-11-05;23;379
17;2025-11-06;0;126
17;2025-11-06;1;15
17;2025-11-06;2;0
17;2025-11-06;3;0
17;2025-11-06;4;27
17;2025-11-06;5;333
17;2025-11-06;6;1646
17;2025-11-06;7;4546
17;2025-11-06;8;5822
17;2025-11-06;9;4135
17;2025-11-06;10;3180
17;2025-11-06;11;3140
17;2025-11-06;12;3160
17;2025-11-06;13;3204
17;2025-11-06;14;3345
17;2025-11-06;15;3429
17;2025-11-06;16;3929
17;2025-11-06;17;4759
17;2025-11-06;18;4995
17;2025-11-06;19;3321
17;2025-11-06;20;2372
17;2025-11-06;21;1484
17;2025-11-06;22;722
17;2025-11-06;23;376
17;2025-11-07;0;129
17;2025-11-07;1;15
17;2025-11-07;2;0
17;2025-11-07;3;0
17;2025-11-07;4;27
17;2025-11-07;5;340
17;2025-11-07;6;1632
17;2025-11-07;7;4242
17;2025-11-07;8;5447
17;2025-11-07;9;3784
17;2025-11-07;10;2879
17;2025-11-07;11;2862
17;2025-11-07;12;2833
17;2025-11-07;13;2866
17;2025-11-07;14;3028
17;2025-11-07;15;3185
17;2025-11-07;16;3634
17;2025-11-07;17;4472
17;2025-11-07;18;4415
17;2025-11-07;19;2895
17;2025-11-07;20;2117
17;2025-11-07;21;1460
17;2025-11-07;22;737
17;2025-11-07;23;383
17;2025-11-08;0;204
17;2025-11-08;1;31
17;2025-11-08;2;0
17;2025-11-08;3;0
17;2025-11-08;4;5
17;2025-11-08;5;134
17;2025-11-08;6;595
17;2025-11-08;7;1329
17;2025-11-08;8;1869
17;2025-11-08;9;2466
17;2025-11-08;10;2632
17;2025-11-08;11;3090
17;2025-11-08;12;3366
17;2025-11-08;13;3602
17;2025-11-08;14;3700
17;2025-11-08;15;3718
17;2025-11-08;16;3697
17;2025-11-08;17;3511
17;2025-11-08;18;3122
17;2025-11-08;19;2466
17;2025-11-08;20;1864
17;2025-11-08;21;1383
17;2025-11-08;22;854
17;2025-11-08;23;471
17;2025-11-09;0;200
17;2025-11-09;1;26
17;2025-11-09;2;0
17;2025-11-09;3;0
17;2025-11-09;4;2
17;2025-11-09;5;106
17;2025-11-09;6;455
17;2025-11-09;7;908
17;2025-11-09;8;1354
17;2025-11-09;9;1797
17;2025-11-09;10;2124
17;2025-11-09;11;2719
17;2025-11-09;12;3004
17;2025-11-09;13;3224
17;2025-11-09;14;3345
17;2025-11-09;15;3287
17;2025-11-09;16;3295
17;2025-11-09;17;3099
17;2025-11-09;18;2656
17;2025-11-09;19;2125
17;2025-11-09;20;1531
17;2025-11-09;21;1154
17;2025-11-09;22;729
17;2025-11-09;23;323
17;2025-11-10;0;126
17;2025-11-10;1;15
17;2025-11-10;2;0
17;2025-11-10;3;0
17;2025-11-10;4;27
17;2025-11-10;5;332
17;2025-11-10;6;1642
17;2025-11-10;7;4526
17;2025-11-10;8;5812
17;2025-11-10;9;4117
17;2025-11-10;10;3157
17;2025-11-10;11;3131
17;2025-11-10;12;3144
17;2025-11-10;13;3197
17;2025-11-10;14;3337
17;2025-11-10;15;3438
17;2025-11-10;16;3928
17;2025-11-10;17;4782
17;2025-11-10;18;5064
17;2025-11-10;19;3362
17;2025-11-10;20;2336
17;2025-11-10;21;1489
17;2025-11-10;22;722
17;2025-11-10;23;372
17;2025-11-11;0;128
17;2025-11-11;1;15
17;2025-11-11;2;0
17;2025-11-11;3;0
17;2025-11-11;4;27
17;2025-11-11;5;336
17;2025-11-11;6;1666
17;2025-11-11;7;4571
17;2025-11-11;8;5851
17;2025-11-11;9;4174
17;2025-11-11;10;3219
17;2025-11-11;11;3205
17;2025-11-11;12;3215
17;2025-11-11;13;3259
17;2025-11-11;14;3401
17;2025-11-11;15;3498
17;2025-11-11;16;3985
17;2025-11-11;17;4837
17;2025-11-11;18;5111
17;2025-11-11;19;3403
17;2025-11-11;20;2435
17;2025-11-11;21;1514
17;2025-11-11;22;734
17;2025-11-11;23;378
17;2025-11-12;0;127
17;2025-11-12;1;15
17;2025-11-12;2;0
17;2025-11-12;3;0
17;2025-11-12;4;27
17;2025-11-12;5;334
17;2025-11-12;6;1657
17;2025-11-12;7;4541
17;2025-11-12;8;5803
17;2025-11-12;9;4146
17;2025-11-12;10;3199
17;2025-11-12;11;3163
17;2025-11-12;12;3177
17;2025-11-12;13;3220
17;2025-11-12;14;3366
17;2025-11-12;15;3464
17;2025-11-12;16;3947
17;2025-11-12;17;4778
17;2025-11-12;18;5053
17;2025-11-12;19;3368
17;2025-11-12;20;2411
17;2025-11-12;21;1505
17;2025-11-12;22;732
17;2025-11-12;23;381
17;2025-11-13;0;127
17;2025-11-13;1;15
17;2025-11-13;2;0
17;2025-11-13;3;0
17;2025-11-13;4;27
17;2025-11-13;5;334
17;2025-11-13;6;1658
17;2025-11-13;7;4548
17;2025-11-13;8;5838
17;2025-11-13;9;4155
17;2025-11-13;10;3201
17;2025-11-13;11;3178
17;2025-11-13;12;3189
17;2025-11-13;13;3229
17;2025-11-13;14;3364
17;2025-11-13;15;3465
17;2025-11-13;16;3945
17;2025-11-13;17;4770
17;2025-11-13;18;5034
17;2025-11-13;19;3344
17;2025-11-13;20;2404
17;2025-11-13;21;1496
17;2025-11-13;22;728
17;2025-11-13;23;379
17;2025-11-14;0;126
17;2025-11-14;1;15
17;2025-11-14;2;0
17;2025-11-14;3;0
17;2025-11-14;4;26
17;2025-11-14;5;331
17;2025-11-14;6;1640
17;2025-11-14;7;4466
17;2025-11-14;8;5604
17;2025-11-14;9;4073
17;2025-11-14;10;3167
17;2025-11-14;11;3150
17;2025-11-14;12;3166
17;2025-11-14;13;3196
17;2025-11-14;14;3347
17;2025-11-14;15;3462
17;2025-11-14;16;3927
17;2025-11-14;17;4702
17;2025-11-14;18;4762
17;2025-11-14;19;3261
17;2025-11-14;20;2371
17;2025-11-14;21;1486
17;2025-11-14;22;728
17;2025-11-14;23;378
17;2025-11-15;0;197
17;2025-11-15;1;30
17;2025-11-15;2;0
17;2025-11-15;3;0
17;2025-11-15;4;5
17;2025-11-15;5;130
17;2025-11-15;6;576
17;2025-11-15;7;1272
17;2025-11-15;8;1688
17;2025-11-15;9;2180
17;2025-11-15;10;2342
17;2025-11-15;11;2686
17;2025-11-15;12;2950
17;2025-11-15;13;3186
17;2025-11-15;14;3226
17;2025-11-15;15;3236
17;2025-11-15;16;3204
17;2025-11-15;17;3058
17;2025-11-15;18;2762
17;2025-11-15;19;2202
17;2025-11-15;20;1708
17;2025-11-15;21;1360
17;2025-11-15;22;845
17;2025-11-15;23;464
17;2025-11-16;0;199
17;2025-11-16;1;26
17;2025-11-16;2;0
17;2025-11-16;3;0
17;2025-11-16;4;2
17;2025-11-16;5;106
17;2025-11-16;6;452
17;2025-11-16;7;898
17;2025-11-16;8;1334
17;2025-11-16;9;1770
17;2025-11-16;10;2096
17;2025-11-16;11;2682
17;2025-11-16;12;2968
17;2025-11-16;13;3193
17;2025-11-16;14;3335
17;2025-11-16;15;3277
17;2025-11-16;16;3237
17;2025-11-16;17;3038
17;2025-11-16;18;2616
17;2025-11-16;19;2114
17;2025-11-16;20;1537
17;2025-11-16;21;1164
17;2025-11-16;22;734
17;2025-11-16;23;322
17;2025-11-17;0;125
17;2025-11-17;1;15
17;2025-11-17;2;0
17;2025-11-17;3;0
17;2025-11-17;4;26
17;2025-11-17;5;330
17;2025-11-17;6;1635
17;2025-11-17;7;4491
17;2025-11-17;8;5705
17;2025-11-17;9;4048
17;2025-11-17;10;3109
17;2025-11-17;11;3071
17;2025-11-17;12;3084
17;2025-11-17;13;3131
17;2025-11-17;14;3268
17;2025-11-17;15;3374
17;2025-11-17;16;3861
17;2025-11-17;17;4717
17;2025-11-17;18;5021
17;2025-11-17;19;3351
17;2025-11-17;20;2349
17;2025-11-17;21;1497
17;2025-11-17;22;724
17;2025-11-17;23;373
17;2025-11-18;0;123
17;2025-11-18;1;14
17;2025-11-18;2;0
17;2025-11-18;3;0
17;2025-11-18;4;26
17;2025-11-18;5;323
17;2025-11-18;6;1598
17;2025-11-18;7;4387
17;2025-11-18;8;5621
17;2025-11-18;9;3968
17;2025-11-18;10;3033
17;2025-11-18;11;3009
17;2025-11-18;12;3018
17;2025-11-18;13;3051
17;2025-11-18;14;3182
17;2025-11-18;15;3289
17;2025-11-18;16;3750
17;2025-11-18;17;4558
17;2025-11-18;18;4840
17;2025-11-18;19;3211
17;2025-11-18;20;2320
17;2025-11-18;21;1444
17;2025-11-18;22;700
17;2025-11-18;23;361
17;2025-11-19;0;127
17;2025-11-19;1;15
17;2025-11-19;2;0
17;2025-11-19;3;0
17;2025-11-19;4;27
17;2025-11-19;5;335
17;2025-11-19;6;1663
17;2025-11-19;7;4557
17;2025-11-19;8;5812
17;2025-11-19;9;4158
17;2025-11-19;10;3190
17;2025-11-19;11;3169
17;2025-11-19;12;3193
17;2025-11-19;13;3237
17;2025-11-19;14;3380
17;2025-11-19;15;3478
17;2025-11-19;16;3962
17;2025-11-19;17;4806
17;2025-11-19;18;5077
17;2025-11-19;19;3408
17;2025-11-19;20;2458
17;2025-11-19;21;1534
17;2025-11-19;22;743
17;2025-11-19;23;385
17;2025-11-20;0;127
17;2025-11-20;1;15
17;2025-11-20;2;0
17;2025-11-20;3;0
17;2025-11-20;4;27
17;2025-11-20;5;335
17;2025-11-20;6;1657
17;2025-11-20;7;4533
17;2025-11-20;8;5782
17;2025-11-20;9;4140
17;2025-11-20;10;3196
17;2025-11-20;11;3174
17;2025-11-20;12;3184
17;2025-11-20;13;3227
17;2025-11-20;14;3362
17;2025-11-20;15;3464
17;2025-11-20;16;3947
17;2025-11-20;17;4788
17;2025-11-20;18;5059
17;2025-11-20;19;3375
17;2025-11-20;20;2421
17;2025-11-20;21;1510
17;2025-11-20;22;734
17;2025-11-20;23;381
17;2025-11-21;0;126
17;2025-11-21;1;15
17;2025-11-21;2;0
17;2025-11-21;3;0
17;2025-11-21;4;27
17;2025-11-21;5;334
17;2025-11-21;6;1655
17;2025-11-21;7;4522
17;2025-11-21;8;5684
17;2025-11-21;9;4129
17;2025-11-21;10;3190
17;2025-11-21;11;3140
17;2025-11-21;12;3156
17;2025-11-21;13;3205
17;2025-11-21;14;3355
17;2025-11-21;15;3452
17;2025-11-21;16;3923
17;2025-11-21;17;4719
17;2025-11-21;18;4781
17;2025-11-21;19;3272
17;2025-11-21;20;2395
17;2025-11-21;21;1519
17;2025-11-21;22;739
17;2025-11-21;23;384
17;2025-11-22;0;205
17;2025-11-22;1;31
17;2025-11-22;2;0
17;2025-11-22;3;0
17;2025-11-22;4;5
17;2025-11-22;5;132
17;2025-11-22;6;588
17;2025-11-22;7;1326
17;2025-11-22;8;1784
17;2025-11-22;9;2308
17;2025-11-22;10;2480
17;2025-11-22;11;2884
17;2025-11-22;12;3167
17;2025-11-22;13;3386
17;2025-11-22;14;3453
17;2025-11-22;15;3443
17;2025-11-22;16;3422
17;2025-11-22;17;3253
17;2025-11-22;18;2924
17;2025-11-22;19;2286
17;2025-11-22;20;1760
17;2025-11-22;21;1356
17;2025-11-22;22;850
17;2025-11-22;23;466
17;2025-11-23;0;197
17;2025-11-23;1;26
17;2025-11-23;2;0
17;2025-11-23;3;0
17;2025-11-23;4;2
17;2025-11-23;5;105
17;2025-11-23;6;450
17;2025-11-23;7;896
17;2025-11-23;8;1335
17;2025-11-23;9;1769
17;2025-11-23;10;2094
17;2025-11-23;11;2657
17;2025-11-23;12;2934
17;2025-11-23;13;3152
17;2025-11-23;14;3303
17;2025-11-23;15;3240
17;2025-11-23;16;3202
17;2025-11-23;17;3024
17;2025-11-23;18;2600
17;2025-11-23;19;2099
17;2025-11-23;20;1536
17;2025-11-23;21;1160
17;2025-11-23;22;728
17;2025-11-23;23;320
17;2025-11-24;0;124
17;2025-11-24;1;15
17;2025-11-24;2;0
17;2025-11-24;3;0
17;2025-11-24;4;26
17;2025-11-24;5;328
17;2025-11-24;6;1624
17;2025-11-24;7;4455
17;2025-11-24;8;5698
17;2025-11-24;9;4036
17;2025-11-24;10;3081
17;2025-11-24;11;3036
17;2025-11-24;12;3045
17;2025-11-24;13;3094
17;2025-11-24;14;3228
17;2025-11-24;15;3331
17;2025-11-24;16;3782
17;2025-11-24;17;4617
17;2025-11-24;18;4930
17;2025-11-24;19;3261
17;2025-11-24;20;2280
17;2025-11-24;21;1455
17;2025-11-24;22;706
17;2025-11-24;23;363
17;2025-11-25;0;127
17;2025-11-25;1;15
17;2025-11-25;2;0
17;2025-11-25;3;0
17;2025-11-25;4;27
17;2025-11-25;5;334
17;2025-11-25;6;1660
17;2025-11-25;7;4553
17;2025-11-25;8;5815
17;2025-11-25;9;4153
17;2025-11-25;10;3200
17;2025-11-25;11;3177
17;2025-11-25;12;3192
17;2025-11-25;13;3242
17;2025-11-25;14;3385
17;2025-11-25;15;3481
17;2025-11-25;16;3958
17;2025-11-25;17;4807
17;2025-11-25;18;5080
17;2025-11-25;19;3402
17;2025-11-25;20;2454
17;2025-11-25;21;1528
17;2025-11-25;22;738
17;2025-11-25;23;381
17;2025-11-26;0;127
17;2025-11-26;1;15
17;2025-11-26;2;0
17;2025-11-26;3;0
17;2025-11-26;4;27
17;2025-11-26;5;334
17;2025-11-26;6;1644
17;2025-11-26;7;4518
17;2025-11-26;8;5783
17;2025-11-26;9;4100
17;2025-11-26;10;3169
17;2025-11-26;11;3125
17;2025-11-26;12;3132
17;2025-11-26;13;3185
17;2025-11-26;14;3314
17;2025-11-26;15;3409
17;2025-11-26;16;3889
17;2025-11-26;17;4727
17;2025-11-26;18;5043
17;2025-11-26;19;3377
17;2025-11-26;20;2438
17;2025-11-26;21;1526
17;2025-11-26;22;739
17;2025-11-26;23;384
17;2025-11-27;0;127
17;2025-11-27;1;15
17;2025-11-27;2;0
17;2025-11-27;3;0
17;2025-11-27;4;27
17;2025-11-27;5;335
17;2025-11-27;6;1658
17;2025-11-27;7;4560
17;2025-11-27;8;5840
17;2025-11-27;9;4154
17;2025-11-27;10;3200
17;2025-11-27;11;3164
17;2025-11-27;12;3169
17;2025-11-27;13;3213
17;2025-11-27;14;3348
17;2025-11-27;15;3452
17;2025-11-27;16;3939
17;2025-11-27;17;4779
17;2025-11-27;18;5046
17;2025-11-27;19;3357
17;2025-11-27;20;2404
17;2025-11-27;21;1499
17;2025-11-27;22;730
17;2025-11-27;23;380
17;2025-11-28;0;127
17;2025-11-28;1;15
17;2025-11-28;2;0
17;2025-11-28;3;0
17;2025-11-28;4;27
17;2025-11-28;5;334
17;2025-11-28;6;1636
17;2025-11-28;7;4501
17;2025-11-28;8;5741
17;2025-11-28;9;4096
17;2025-11-28;10;3173
17;2025-11-28;11;3121
17;2025-11-28;12;3121
17;2025-11-28;13;3179
17;2025-11-28;14;3326
17;2025-11-28;15;3424
17;2025-11-28;16;3893
17;2025-11-28;17;4709
17;2025-11-28;18;4767
17;2025-11-28;19;3212
17;2025-11-28;20;2326
17;2025-11-28;21;1493
17;2025-11-28;22;731
17;2025-11-28;23;380
17;2025-11-29;0;206
17;2025-11-29;1;31
17;2025-11-29;2;0
17;2025-11-29;3;0
17;2025-11-29;4;5
17;2025-11-29;5;135
17;2025-11-29;6;602
17;2025-11-29;7;1340
17;2025-11-29;8;1896
17;2025-11-29;9;2518
17;2025-11-29;10;2700
17;2025-11-29;11;3184
17;2025-11-29;12;3516
17;2025-11-29;13;3752
17;2025-11-29;14;3828
17;2025-11-29;15;3818
17;2025-11-29;16;3810
17;2025-11-29;17;3611
17;2025-11-29;18;3219
17;2025-11-29;19;2520
17;2025-11-29;20;1891
17;2025-11-29;21;1405
17;2025-11-29;22;866
17;2025-11-29;23;477
17;2025-11-30;0;198
17;2025-11-30;1;26
17;2025-11-30;2;0
17;2025-11-30;3;0
17;2025-11-30;4;2
17;2025-11-30;5;106
17;2025-11-30;6;452
17;2025-11-30;7;902
17;2025-11-30;8;1346
17;2025-11-30;9;1792
17;2025-11-30;10;2030
17;2025-11-30;11;2569
17;2025-11-30;12;2832
17;2025-11-30;13;3044
17;2025-11-30;14;3182
17;2025-11-30;15;3115
17;2025-11-30;16;3078
17;2025-11-30;17;2919
17;2025-11-30;18;2509
17;2025-11-30;19;2011
17;2025-11-30;20;1530
17;2025-11-30;21;1152
17;2025-11-30;22;727
17;2025-11-30;23;322
17;2025-12-01;0;120
17;2025-12-01;1;14
17;2025-12-01;2;0
17;2025-12-01;3;0
17;2025-12-01;4;26
17;2025-12-01;5;316
17;2025-12-01;6;1564
17;2025-12-01;7;4308
17;2025-12-01;8;5526
17;2025-12-01;9;3917
17;2025-12-01;10;3004
17;2025-12-01;11;2976
17;2025-12-01;12;2986
17;2025-12-01;13;3037
17;2025-12-01;14;3170
17;2025-12-01;15;3265
17;2025-12-01;16;3727
17;2025-12-01;17;4540
17;2025-12-01;18;4816
17;2025-12-01;19;3196
17;2025-12-01;20;2220
17;2025-12-01;21;1415
17;2025-12-01;22;687
17;2025-12-01;23;354
17;2025-12-02;0;121
17;2025-12-02;1;14
17;2025-12-02;2;0
17;2025-12-02;3;0
17;2025-12-02;4;26
17;2025-12-02;5;319
17;2025-12-02;6;1585
17;2025-12-02;7;4338
17;2025-12-02;8;5563
17;2025-12-02;9;3959
17;2025-12-02;10;3055
17;2025-12-02;11;3038
17;2025-12-02;12;3048
17;2025-12-02;13;3090
17;2025-12-02;14;3225
17;2025-12-02;15;3322
17;2025-12-02;16;3778
17;2025-12-02;17;4588
17;2025-12-02;18;4849
17;2025-12-02;19;3230
17;2025-12-02;20;2313
17;2025-12-02;21;1439
17;2025-12-02;22;698
17;2025-12-02;23;360
17;2025-12-03;0;122
17;2025-12-03;1;14
17;2025-12-03;2;0
17;2025-12-03;3;0
17;2025-12-03;4;26
17;2025-12-03;5;320
17;2025-12-03;6;1589
17;2025-12-03;7;4353
17;2025-12-03;8;5562
17;2025-12-03;9;3979
17;2025-12-03;10;3068
17;2025-12-03;11;3049
17;2025-12-03;12;3059
17;2025-12-03;13;3100
17;2025-12-03;14;3232
17;2025-12-03;15;3328
17;2025-12-03;16;3791
17;2025-12-03;17;4596
17;2025-12-03;18;4854
17;2025-12-03;19;3234
17;2025-12-03;20;2316
17;2025-12-03;21;1444
17;2025-12-03;22;702
17;2025-12-03;23;365
17;2025-12-04;0;122
17;2025-12-04;1;14
17;2025-12-04;2;0
17;2025-12-04;3;0
17;2025-12-04;4;26
17;2025-12-04;5;320
17;2025-12-04;6;1588
17;2025-12-04;7;4355
17;2025-12-04;8;5566
17;2025-12-04;9;3971
17;2025-12-04;10;3064
17;2025-12-04;11;3043
17;2025-12-04;12;3054
17;2025-12-04;13;3100
17;2025-12-04;14;3232
17;2025-12-04;15;3329
17;2025-12-04;16;3790
17;2025-12-04;17;4593
17;2025-12-04;18;4851
17;2025-12-04;19;3233
17;2025-12-04;20;2316
17;2025-12-04;21;1447
17;2025-12-04;22;703
17;2025-12-04;23;366
17;2025-12-05;0;121
17;2025-12-05;1;14
17;2025-12-05;2;0
17;2025-12-05;3;0
17;2025-12-05;4;26
17;2025-12-05;5;318
17;2025-12-05;6;1578
17;2025-12-05;7;4332
17;2025-12-05;8;5485
17;2025-12-05;9;3954
17;2025-12-05;10;3058
17;2025-12-05;11;3052
17;2025-12-05;12;3064
17;2025-12-05;13;3117
17;2025-12-05;14;3264
17;2025-12-05;15;3365
17;2025-12-05;16;3811
17;2025-12-05;17;4602
17;2025-12-05;18;4625
17;2025-12-05;19;3140
17;2025-12-05;20;2283
17;2025-12-05;21;1434
17;2025-12-05;22;702
17;2025-12-05;23;364
17;2025-12-06;0;206
17;2025-12-06;1;31
17;2025-12-06;2;0
17;2025-12-06;3;0
17;2025-12-06;4;5
17;2025-12-06;5;135
17;2025-12-06;6;602
17;2025-12-06;7;1341
17;2025-12-06;8;1903
17;2025-12-06;9;2523
17;2025-12-06;10;2711
17;2025-12-06;11;3203
17;2025-12-06;12;3530
17;2025-12-06;13;3778
17;2025-12-06;14;3852
17;2025-12-06;15;3850
17;2025-12-06;16;3823
17;2025-12-06;17;3621
17;2025-12-06;18;3228
17;2025-12-06;19;2525
17;2025-12-06;20;1894
17;2025-12-06;21;1407
17;2025-12-06;22;867
17;2025-12-06;23;477
17;2025-12-07;0;200
17;2025-12-07;1;26
17;2025-12-07;2;0
17;2025-12-07;3;0
17;2025-12-07;4;2
17;2025-12-07;5;107
17;2025-12-07;6;457
17;2025-12-07;7;910
17;2025-12-07;8;1359
17;2025-12-07;9;1805
17;2025-12-07;10;2140
17;2025-12-07;11;2738
17;2025-12-07;12;3024
17;2025-12-07;13;3258
17;2025-12-07;14;3411
17;2025-12-07;15;3352
17;2025-12-07;16;3306
17;2025-12-07;17;3120
17;2025-12-07;18;2675
17;2025-12-07;19;2144
17;2025-12-07;20;1545
17;2025-12-07;21;1165
17;2025-12-07;22;734
17;2025-12-07;23;325
17;2025-12-08;0;120
17;2025-12-08;1;14
17;2025-12-08;2;0
17;2025-12-08;3;0
17;2025-12-08;4;26
17;2025-12-08;5;316
17;2025-12-08;6;1563
17;2025-12-08;7;4304
17;2025-12-08;8;5522
17;2025-12-08;9;3915
17;2025-12-08;10;3002
17;2025-12-08;11;2973
17;2025-12-08;12;2981
17;2025-12-08;13;3029
17;2025-12-08;14;3164
17;2025-12-08;15;3263
17;2025-12-08;16;3724
17;2025-12-08;17;4529
17;2025-12-08;18;4806
17;2025-12-08;19;3190
17;2025-12-08;20;2220
17;2025-12-08;21;1415
17;2025-12-08;22;686
17;2025-12-08;23;354
17;2025-12-09;0;120
17;2025-12-09;1;14
17;2025-12-09;2;0
17;2025-12-09;3;0
17;2025-12-09;4;26
17;2025-12-09;5;316
17;2025-12-09;6;1567
17;2025-12-09;7;4280
17;2025-12-09;8;5459
17;2025-12-09;9;3894
17;2025-12-09;10;3002
17;2025-12-09;11;2964
17;2025-12-09;12;2966
17;2025-12-09;13;3003
17;2025-12-09;14;3137
17;2025-12-09;15;3250
17;2025-12-09;16;3710
17;2025-12-09;17;4484
17;2025-12-09;18;4758
17;2025-12-09;19;3179
17;2025-12-09;20;2287
17;2025-12-09;21;1422
17;2025-12-09;22;688
17;2025-12-09;23;355
17;2025-12-10;0;121
17;2025-12-10;1;14
17;2025-12-10;2;0
17;2025-12-10;3;0
17;2025-12-10;4;26
17;2025-12-10;5;318
17;2025-12-10;6;1570
17;2025-12-10;7;4314
17;2025-12-10;8;5505
17;2025-12-10;9;3917
17;2025-12-10;10;3014
17;2025-12-10;11;2983
17;2025-12-10;12;2998
17;2025-12-10;13;3040
17;2025-12-10;14;3171
17;2025-12-10;15;3262
17;2025-12-10;16;3720
17;2025-12-10;17;4522
17;2025-12-10;18;4802
17;2025-12-10;19;3215
17;2025-12-10;20;2328
17;2025-12-10;21;1452
17;2025-12-10;22;704
17;2025-12-10;23;366
17;2025-12-11;0;121
17;2025-12-11;1;14
17;2025-12-11;2;0
17;2025-12-11;3;0
17;2025-12-11;4;26
17;2025-12-11;5;318
17;2025-12-11;6;1579
17;2025-12-11;7;4333
17;2025-12-11;8;5537
17;2025-12-11;9;3927
17;2025-12-11;10;3033
17;2025-12-11;11;2993
17;2025-12-11;12;3005
17;2025-12-11;13;3048
17;2025-12-11;14;3171
17;2025-12-11;15;3285
17;2025-12-11;16;3748
17;2025-12-11;17;4550
17;2025-12-11;18;4817
17;2025-12-11;19;3234
17;2025-12-11;20;2298
17;2025-12-11;21;1433
17;2025-12-11;22;696
17;2025-12-11;23;362
17;2025-12-12;0;120
17;2025-12-12;1;14
17;2025-12-12;2;0
17;2025-12-12;3;0
17;2025-12-12;4;26
17;2025-12-12;5;316
17;2025-12-12;6;1553
17;2025-12-12;7;4267
17;2025-12-12;8;5416
17;2025-12-12;9;3890
17;2025-12-12;10;2998
17;2025-12-12;11;2951
17;2025-12-12;12;2955
17;2025-12-12;13;3000
17;2025-12-12;14;3141
17;2025-12-12;15;3227
17;2025-12-12;16;3657
17;2025-12-12;17;4354
17;2025-12-12;18;4468
17;2025-12-12;19;3037
17;2025-12-12;20;2254
17;2025-12-12;21;1433
17;2025-12-12;22;697
17;2025-12-12;23;362
17;2025-12-13;0;202
17;2025-12-13;1;31
17;2025-12-13;2;0
17;2025-12-13;3;0
17;2025-12-13;4;5
17;2025-12-13;5;132
17;2025-12-13;6;589
17;2025-12-13;7;1306
17;2025-12-13;8;1772
17;2025-12-13;9;2331
17;2025-12-13;10;2466
17;2025-12-13;11;2868
17;2025-12-13;12;3145
17;2025-12-13;13;3333
17;2025-12-13;14;3397
17;2025-12-13;15;3390
17;2025-12-13;16;3372
17;2025-12-13;17;3250
17;2025-12-13;18;2936
17;2025-12-13;19;2318
17;2025-12-13;20;1783
17;2025-12-13;21;1379
17;2025-12-13;22;858
17;2025-12-13;23;469
17;2025-12-14;0;193
17;2025-12-14;1;25
17;2025-12-14;2;0
17;2025-12-14;3;0
17;2025-12-14;4;2
17;2025-12-14;5;104
17;2025-12-14;6;446
17;2025-12-14;7;888
17;2025-12-14;8;1308
17;2025-12-14;9;1702
17;2025-12-14;10;2009
17;2025-12-14;11;2544
17;2025-12-14;12;2671
17;2025-12-14;13;2844
17;2025-12-14;14;2983
17;2025-12-14;15;2927
17;2025-12-14;16;3049
17;2025-12-14;17;2884
17;2025-12-14;18;2504
17;2025-12-14;19;2024
17;2025-12-14;20;1510
17;2025-12-14;21;1147
17;2025-12-14;22;724
17;2025-12-14;23;320
17;2025-12-15;0;118
17;2025-12-15;1;14
17;2025-12-15;2;0
17;2025-12-15;3;0
17;2025-12-15;4;25
17;2025-12-15;5;312
17;2025-12-15;6;1546
17;2025-12-15;7;4240
17;2025-12-15;8;5433
17;2025-12-15;9;3852
17;2025-12-15;10;2953
17;2025-12-15;11;2923
17;2025-12-15;12;2932
17;2025-12-15;13;2981
17;2025-12-15;14;3111
17;2025-12-15;15;3205
17;2025-12-15;16;3658
17;2025-12-15;17;4462
17;2025-12-15;18;4749
17;2025-12-15;19;3168
17;2025-12-15;20;2223
17;2025-12-15;21;1416
17;2025-12-15;22;686
17;2025-12-15;23;353
17;2025-12-16;0;120
17;2025-12-16;1;14
17;2025-12-16;2;0
17;2025-12-16;3;0
17;2025-12-16;4;26
17;2025-12-16;5;317
17;2025-12-16;6;1572
17;2025-12-16;7;4303
17;2025-12-16;8;5491
17;2025-12-16;9;3910
17;2025-12-16;10;3014
17;2025-12-16;11;2978
17;2025-12-16;12;2991
17;2025-12-16;13;3031
17;2025-12-16;14;3166
17;2025-12-16;15;3260
17;2025-12-16;16;3707
17;2025-12-16;17;4512
17;2025-12-16;18;4780
17;2025-12-16;19;3198
17;2025-12-16;20;2315
17;2025-12-16;21;1440
17;2025-12-16;22;697
17;2025-12-16;23;360
17;2025-12-17;0;121
17;2025-12-17;1;14
17;2025-12-17;2;0
17;2025-12-17;3;0
17;2025-12-17;4;26
17;2025-12-17;5;318
17;2025-12-17;6;1577
17;2025-12-17;7;4310
17;2025-12-17;8;5506
17;2025-12-17;9;3933
17;2025-12-17;10;3033
17;2025-12-17;11;3009
17;2025-12-17;12;3019
17;2025-12-17;13;3062
17;2025-12-17;14;3193
17;2025-12-17;15;3286
17;2025-12-17;16;3743
17;2025-12-17;17;4543
17;2025-12-17;18;4797
17;2025-12-17;19;3218
17;2025-12-17;20;2330
17;2025-12-17;21;1455
17;2025-12-17;22;706
17;2025-12-17;23;367
17;2025-12-18;0;122
17;2025-12-18;1;14
17;2025-12-18;2;0
17;2025-12-18;3;0
17;2025-12-18;4;26
17;2025-12-18;5;320
17;2025-12-18;6;1584
17;2025-12-18;7;4338
17;2025-12-18;8;5524
17;2025-12-18;9;3959
17;2025-12-18;10;3041
17;2025-12-18;11;3013
17;2025-12-18;12;3029
17;2025-12-18;13;3085
17;2025-12-18;14;3215
17;2025-12-18;15;3312
17;2025-12-18;16;3775
17;2025-12-18;17;4564
17;2025-12-18;18;4826
17;2025-12-18;19;3242
17;2025-12-18;20;2343
17;2025-12-18;21;1461
17;2025-12-18;22;709
17;2025-12-18;23;369
17;2025-12-19;0;120
17;2025-12-19;1;14
17;2025-12-19;2;0
17;2025-12-19;3;0
17;2025-12-19;4;26
17;2025-12-19;5;317
17;2025-12-19;6;1570
17;2025-12-19;7;4294
17;2025-12-19;8;5431
17;2025-12-19;9;3919
17;2025-12-19;10;3027
17;2025-12-19;11;2986
17;2025-12-19;12;2998
17;2025-12-19;13;3043
17;2025-12-19;14;3185
17;2025-12-19;15;3282
17;2025-12-19;16;3719
17;2025-12-19;17;4500
17;2025-12-19;18;4510
17;2025-12-19;19;3098
17;2025-12-19;20;2276
17;2025-12-19;21;1443
17;2025-12-19;22;703
17;2025-12-19;23;365
17;2025-12-20;0;205
17;2025-12-20;1;31
17;2025-12-20;2;0
17;2025-12-20;3;0
17;2025-12-20;4;5
17;2025-12-20;5;134
17;2025-12-20;6;599
17;2025-12-20;7;1332
17;2025-12-20;8;1883
17;2025-12-20;9;2500
17;2025-12-20;10;2685
17;2025-12-20;11;3164
17;2025-12-20;12;3486
17;2025-12-20;13;3720
17;2025-12-20;14;3793
17;2025-12-20;15;3807
17;2025-12-20;16;3760
17;2025-12-20;17;3574
17;2025-12-20;18;3190
17;2025-12-20;19;2502
17;2025-12-20;20;1875
17;2025-12-20;21;1393
17;2025-12-20;22;860
17;2025-12-20;23;474
17;2025-12-21;0;196
17;2025-12-21;1;26
17;2025-12-21;2;0
17;2025-12-21;3;0
17;2025-12-21;4;2
17;2025-12-21;5;105
17;2025-12-21;6;439
17;2025-12-21;7;893
17;2025-12-21;8;1335
17;2025-12-21;9;1738
17;2025-12-21;10;1962
17;2025-12-21;11;2472
17;2025-12-21;12;2713
17;2025-12-21;13;2922
17;2025-12-21;14;3051
17;2025-12-21;15;3004
17;2025-12-21;16;2968
17;2025-12-21;17;2809
17;2025-12-21;18;2431
17;2025-12-21;19;1951
17;2025-12-21;20;1513
17;2025-12-21;21;1158
17;2025-12-21;22;726
17;2025-12-21;23;322
17;2025-12-22;0;119
17;2025-12-22;1;14
17;2025-12-22;2;0
17;2025-12-22;3;0
17;2025-12-22;4;25
17;2025-12-22;5;314
17;2025-12-22;6;1556
17;2025-12-22;7;4285
17;2025-12-22;8;5495
17;2025-12-22;9;3876
17;2025-12-22;10;2976
17;2025-12-22;11;2934
17;2025-12-22;12;2933
17;2025-12-22;13;2958
17;2025-12-22;14;3075
17;2025-12-22;15;3183
17;2025-12-22;16;3628
17;2025-12-22;17;4431
17;2025-12-22;18;4735
17;2025-12-22;19;3147
17;2025-12-22;20;2216
17;2025-12-22;21;1424
17;2025-12-22;22;689
17;2025-12-22;23;354
17;2025-12-23;0;120
17;2025-12-23;1;14
17;2025-12-23;2;0
17;2025-12-23;3;0
17;2025-12-23;4;26
17;2025-12-23;5;316
17;2025-12-23;6;1550
17;2025-12-23;7;4230
17;2025-12-23;8;5380
17;2025-12-23;9;3853
17;2025-12-23;10;2981
17;2025-12-23;11;2960
17;2025-12-23;12;2968
17;2025-12-23;13;3003
17;2025-12-23;14;3144
17;2025-12-23;15;3240
17;2025-12-23;16;3685
17;2025-12-23;17;4476
17;2025-12-23;18;4742
17;2025-12-23;19;3186
17;2025-12-23;20;2303
17;2025-12-23;21;1432
17;2025-12-23;22;693
17;2025-12-23;23;358
17;2025-12-24;0;120
17;2025-12-24;1;14
17;2025-12-24;2;0
17;2025-12-24;3;0
17;2025-12-24;4;25
17;2025-12-24;5;315
17;2025-12-24;6;1560
17;2025-12-24;7;4251
17;2025-12-24;8;5427
17;2025-12-24;9;3879
17;2025-12-24;10;2988
17;2025-12-24;11;2959
17;2025-12-24;12;2972
17;2025-12-24;13;2995
17;2025-12-24;14;3122
17;2025-12-24;15;3224
17;2025-12-24;16;3676
17;2025-12-24;17;4469
17;2025-12-24;18;4729
17;2025-12-24;19;3169
17;2025-12-24;20;2294
17;2025-12-24;21;1432
17;2025-12-24;22;696
17;2025-12-24;23;362
17;2025-12-25;0;121
17;2025-12-25;1;14
17;2025-12-25;2;0
17;2025-12-25;3;0
17;2025-12-25;4;26
17;2025-12-25;5;319
17;2025-12-25;6;1584
17;2025-12-25;7;4310
17;2025-12-25;8;5489
17;2025-12-25;9;3918
17;2025-12-25;10;3017
17;2025-12-25;11;2984
17;2025-12-25;12;2996
17;2025-12-25;13;3039
17;2025-12-25;14;3156
17;2025-12-25;15;3250
17;2025-12-25;16;3706
17;2025-12-25;17;4469
17;2025-12-25;18;4754
17;2025-12-25;19;3179
17;2025-12-25;20;2318
17;2025-12-25;21;1442
17;2025-12-25;22;706
17;2025-12-25;23;367
17;2025-12-26;0;118
17;2025-12-26;1;13
17;2025-12-26;2;0
17;2025-12-26;3;0
17;2025-12-26;4;25
17;2025-12-26;5;311
17;2025-12-26;6;1528
17;2025-12-26;7;4140
17;2025-12-26;8;5240
17;2025-12-26;9;3741
17;2025-12-26;10;2886
17;2025-12-26;11;2826
17;2025-12-26;12;2832
17;2025-12-26;13;2872
17;2025-12-26;14;3000
17;2025-12-26;15;3088
17;2025-12-26;16;3510
17;2025-12-26;17;4240
17;2025-12-26;18;4416
17;2025-12-26;19;3002
17;2025-12-26;20;2186
17;2025-12-26;21;1415
17;2025-12-26;22;688
17;2025-12-26;23;358
17;2025-12-27;0;202
17;2025-12-27;1;31
17;2025-12-27;2;0
17;2025-12-27;3;0
17;2025-12-27;4;5
17;2025-12-27;5;132
17;2025-12-27;6;590
17;2025-12-27;7;1316
17;2025-12-27;8;1832
17;2025-12-27;9;2418
17;2025-12-27;10;2588
17;2025-12-27;11;3021
17;2025-12-27;12;3309
17;2025-12-27;13;3530
17;2025-12-27;14;3612
17;2025-12-27;15;3600
17;2025-12-27;16;3581
17;2025-12-27;17;3404
17;2025-12-27;18;3059
17;2025-12-27;19;2405
17;2025-12-27;20;1833
17;2025-12-27;21;1392
17;2025-12-27;22;844
17;2025-12-27;23;471
17;2025-12-28;0;196
17;2025-12-28;1;26
17;2025-12-28;2;0
17;2025-12-28;3;0
17;2025-12-28;4;2
17;2025-12-28;5;104
17;2025-12-28;6;445
17;2025-12-28;7;869
17;2025-12-28;8;1285
17;2025-12-28;9;1664
17;2025-12-28;10;1966
17;2025-12-28;11;2472
17;2025-12-28;12;2723
17;2025-12-28;13;2923
17;2025-12-28;14;3077
17;2025-12-28;15;3019
17;2025-12-28;16;2984
17;2025-12-28;17;2824
17;2025-12-28;18;2446
17;2025-12-28;19;1970
17;2025-12-28;20;1490
17;2025-12-28;21;1148
17;2025-12-28;22;724
17;2025-12-28;23;320
17;2025-12-29;0;119
17;2025-12-29;1;14
17;2025-12-29;2;0
17;2025-12-29;3;0
17;2025-12-29;4;25
17;2025-12-29;5;314
17;2025-12-29;6;1555
17;2025-12-29;7;4262
17;2025-12-29;8;5472
17;2025-12-29;9;3861
17;2025-12-29;10;2966
17;2025-12-29;11;2928
17;2025-12-29;12;2938
17;2025-12-29;13;2987
17;2025-12-29;14;3111
17;2025-12-29;15;3205
17;2025-12-29;16;3662
17;2025-12-29;17;4482
17;2025-12-29;18;4775
17;2025-12-29;19;3170
17;2025-12-29;20;2233
17;2025-12-29;21;1424
17;2025-12-29;22;689
17;2025-12-29;23;355
17;2025-12-30;0;121
17;2025-12-30;1;14
17;2025-12-30;2;0
17;2025-12-30;3;0
17;2025-12-30;4;26
17;2025-12-30;5;317
17;2025-12-30;6;1575
17;2025-12-30;7;4304
17;2025-12-30;8;5482
17;2025-12-30;9;3899
17;2025-12-30;10;3018
17;2025-12-30;11;2989
17;2025-12-30;12;2996
17;2025-12-30;13;3039
17;2025-12-30;14;3172
17;2025-12-30;15;3268
17;2025-12-30;16;3723
17;2025-12-30;17;4520
17;2025-12-30;18;4655
17;2025-12-30;19;3138
17;2025-12-30;20;2286
17;2025-12-30;21;1440
17;2025-12-30;22;698
17;2025-12-30;23;360
17;2025-12-31;0;201
17;2025-12-31;1;26
17;2025-12-31;2;0
17;2025-12-31;3;0
17;2025-12-31;4;2
17;2025-12-31;5;107
17;2025-12-31;6;462
17;2025-12-31;7;922
17;2025-12-31;8;1334
17;2025-12-31;9;1784
17;2025-12-31;10;2074
17;2025-12-31;11;2621
17;2025-12-31;12;2908
17;2025-12-31;13;3132
17;2025-12-31;14;3320
17;2025-12-31;15;3250
17;2025-12-31;16;3187
17;2025-12-31;17;3042
17;2025-12-31;18;2632
17;2025-12-31;19;2113
17;2025-12-31;20;1572
17;2025-12-31;21;1187
17;2025-12-31;22;748
17;2025-12-31;23;328
25;2025-11-01;0;4
25;2025-11-01;1;0
25;2025-11-01;2;0
25;2025-11-01;3;0
25;2025-11-01;4;0
25;2025-11-01;5;18
25;2025-11-01;6;266
25;2025-11-01;7;570
25;2025-11-01;8;979
25;2025-11-01;9;516
25;2025-11-01;10;400
25;2025-11-01;11;465
25;2025-11-01;12;456
25;2025-11-01;13;570
25;2025-11-01;14;503
25;2025-11-01;15;590
25;2025-11-01;16;711
25;2025-11-01;17;790
25;2025-11-01;18;759
25;2025-11-01;19;623
25;2025-11-01;20;324
25;2025-11-01;21;225
25;2025-11-01;22;92
25;2025-11-01;23;8
25;2025-11-02;0;17
25;2025-11-02;1;0
25;2025-11-02;2;0
25;2025-11-02;3;0
25;2025-11-02;4;0
25;2025-11-02;5;9
25;2025-11-02;6;106
25;2025-11-02;7;108
25;2025-11-02;8;220
25;2025-11-02;9;235
25;2025-11-02;10;242
25;2025-11-02;11;352
25;2025-11-02;12;416
25;2025-11-02;13;543
25;2025-11-02;14;663
25;2025-11-02;15;735
25;2025-11-02;16;628
25;2025-11-02;17;624
25;2025-11-02;18;476
25;2025-11-02;19;324
25;2025-11-02;20;242
25;2025-11-02;21;150
25;2025-11-02;22;95
25;2025-11-02;23;38
25;2025-11-03;0;16
25;2025-11-03;1;0
25;2025-11-03;2;0
25;2025-11-03;3;0
25;2025-11-03;4;0
25;2025-11-03;5;9
25;2025-11-03;6;104
25;2025-11-03;7;106
25;2025-11-03;8;218
25;2025-11-03;9;229
25;2025-11-03;10;235
25;2025-11-03;11;333
25;2025-11-03;12;396
25;2025-11-03;13;527
25;2025-11-03;14;645
25;2025-11-03;15;717
25;2025-11-03;16;608
25;2025-11-03;17;611
25;2025-11-03;18;456
25;2025-11-03;19;319
25;2025-11-03;20;236
25;2025-11-03;21;146
25;2025-11-03;22;93
25;2025-11-03;23;38
25;2025-11-04;0;17
25;2025-11-04;1;0
25;2025-11-04;2;0
25;2025-11-04;3;0
25;2025-11-04;4;0
25;2025-11-04;5;9
25;2025-11-04;6;106
25;2025-11-04;7;108
25;2025-11-04;8;222
25;2025-11-04;9;233
25;2025-11-04;10;240
25;2025-11-04;11;345
25;2025-11-04;12;404
25;2025-11-04;13;544
25;2025-11-04;14;676
25;2025-11-04;15;751
25;2025-11-04;16;631
25;2025-11-04;17;623
25;2025-11-04;18;467
25;2025-11-04;19;327
25;2025-11-04;20;242
25;2025-11-04;21;150
25;2025-11-04;22;95
25;2025-11-04;23;39
25;2025-11-05;0;4
25;2025-11-05;1;0
25;2025-11-05;2;0
25;2025-11-05;3;0
25;2025-11-05;4;0
25;2025-11-05;5;19
25;2025-11-05;6;284
25;2025-11-05;7;601
25;2025-11-05;8;1044
25;2025-11-05;9;542
25;2025-11-05;10;434
25;2025-11-05;11;497
25;2025-11-05;12;487
25;2025-11-05;13;613
25;2025-11-05;14;545
25;2025-11-05;15;636
25;2025-11-05;16;770
25;2025-11-05;17;867
25;2025-11-05;18;849
25;2025-11-05;19;665
25;2025-11-05;20;344
25;2025-11-05;21;237
25;2025-11-05;22;97
25;2025-11-05;23;8
25;2025-11-06;0;4
25;2025-11-06;1;0
25;2025-11-06;2;0
25;2025-11-06;3;0
25;2025-11-06;4;0
25;2025-11-06;5;19
25;2025-11-06;6;281
25;2025-11-06;7;595
25;2025-11-06;8;1032
25;2025-11-06;9;540
25;2025-11-06;10;430
25;2025-11-06;11;495
25;2025-11-06;12;487
25;2025-11-06;13;610
25;2025-11-06;14;540
25;2025-11-06;15;624
25;2025-11-06;16;753
25;2025-11-06;17;857
25;2025-11-06;18;838
25;2025-11-06;19;654
25;2025-11-06;20;339
25;2025-11-06;21;235
25;2025-11-06;22;96
25;2025-11-06;23;8
25;2025-11-07;0;4
25;2025-11-07;1;0
25;2025-11-07;2;0
25;2025-11-07;3;0
25;2025-11-07;4;0
25;2025-11-07;5;20
25;2025-11-07;6;288
25;2025-11-07;7;607
25;2025-11-07;8;1047
25;2025-11-07;9;545
25;2025-11-07;10;443
25;2025-11-07;11;512
25;2025-11-07;12;500
25;2025-11-07;13;625
25;2025-11-07;14;552
25;2025-11-07;15;648
25;2025-11-07;16;775
25;2025-11-07;17;870
25;2025-11-07;18;811
25;2025-11-07;19;653
25;2025-11-07;20;344
25;2025-11-07;21;238
25;2025-11-07;22;98
25;2025-11-07;23;9
25;2025-11-08;0;0
25;2025-11-08;1;0
25;2025-11-08;2;0
25;2025-11-08;3;0
25;2025-11-08;4;0
25;2025-11-08;5;18
25;2025-11-08;6;138
25;2025-11-08;7;141
25;2025-11-08;8;334
25;2025-11-08;9;316
25;2025-11-08;10;324
25;2025-11-08;11;398
25;2025-11-08;12;444
25;2025-11-08;13;705
25;2025-11-08;14;715
25;2025-11-08;15;846
25;2025-11-08;16;811
25;2025-11-08;17;658
25;2025-11-08;18;547
25;2025-11-08;19;454
25;2025-11-08;20;262
25;2025-11-08;21;192
25;2025-11-08;22;114
25;2025-11-08;23;42
25;2025-11-09;0;16
25;2025-11-09;1;0
25;2025-11-09;2;0
25;2025-11-09;3;0
25;2025-11-09;4;0
25;2025-11-09;5;9
25;2025-11-09;6;104
25;2025-11-09;7;107
25;2025-11-09;8;224
25;2025-11-09;9;237
25;2025-11-09;10;243
25;2025-11-09;11;356
25;2025-11-09;12;421
25;2025-11-09;13;551
25;2025-11-09;14;670
25;2025-11-09;15;743
25;2025-11-09;16;639
25;2025-11-09;17;632
25;2025-11-09;18;480
25;2025-11-09;19;330
25;2025-11-09;20;240
25;2025-11-09;21;148
25;2025-11-09;22;94
25;2025-11-09;23;38
25;2025-11-10;0;4
25;2025-11-10;1;0
25;2025-11-10;2;0
25;2025-11-10;3;0
25;2025-11-10;4;0
25;2025-11-10;5;19
25;2025-11-10;6;280
25;2025-11-10;7;596
25;2025-11-10;8;1048
25;2025-11-10;9;536
25;2025-11-10;10;427
25;2025-11-10;11;494
25;2025-11-10;12;484
25;2025-11-10;13;611
25;2025-11-10;14;540
25;2025-11-10;15;630
25;2025-11-10;16;761
25;2025-11-10;17;876
25;2025-11-10;18;861
25;2025-11-10;19;665
25;2025-11-10;20;343
25;2025-11-10;21;235
25;2025-11-10;22;94
25;2025-11-10;23;8
25;2025-11-11;0;4
25;2025-11-11;1;0
25;2025-11-11;2;0
25;2025-11-11;3;0
25;2025-11-11;4;0
25;2025-11-11;5;20
25;2025-11-11;6;285
25;2025-11-11;7;605
25;2025-11-11;8;1057
25;2025-11-11;9;546
25;2025-11-11;10;439
25;2025-11-11;11;507
25;2025-11-11;12;498
25;2025-11-11;13;624
25;2025-11-11;14;550
25;2025-11-11;15;642
25;2025-11-11;16;773
25;2025-11-11;17;883
25;2025-11-11;18;865
25;2025-11-11;19;674
25;2025-11-11;20;349
25;2025-11-11;21;239
25;2025-11-11;22;97
25;2025-11-11;23;9
25;2025-11-12;0;4
25;2025-11-12;1;0
25;2025-11-12;2;0
25;2025-11-12;3;0
25;2025-11-12;4;0
25;2025-11-12;5;19
25;2025-11-12;6;282
25;2025-11-12;7;597
25;2025-11-12;8;1044
25;2025-11-12;9;539
25;2025-11-12;10;434
25;2025-11-12;11;498
25;2025-11-12;12;487
25;2025-11-12;13;612
25;2025-11-12;14;542
25;2025-11-12;15;630
25;2025-11-12;16;760
25;2025-11-12;17;868
25;2025-11-12;18;853
25;2025-11-12;19;663
25;2025-11-12;20;344
25;2025-11-12;21;238
25;2025-11-12;22;97
25;2025-11-12;23;8
25;2025-11-13;0;4
25;2025-11-13;1;0
25;2025-11-13;2;0
25;2025-11-13;3;0
25;2025-11-13;4;0
25;2025-11-13;5;19
25;2025-11-13;6;284
25;2025-11-13;7;601
25;2025-11-13;8;1051
25;2025-11-13;9;546
25;2025-11-13;10;436
25;2025-11-13;11;504
25;2025-11-13;12;495
25;2025-11-13;13;617
25;2025-11-13;14;545
25;2025-11-13;15;634
25;2025-11-13;16;761
25;2025-11-13;17;868
25;2025-11-13;18;852
25;2025-11-13;19;663
25;2025-11-13;20;343
25;2025-11-13;21;237
25;2025-11-13;22;97
25;2025-11-13;23;8
25;2025-11-14;0;4
25;2025-11-14;1;0
25;2025-11-14;2;0
25;2025-11-14;3;0
25;2025-11-14;4;0
25;2025-11-14;5;19
25;2025-11-14;6;280
25;2025-11-14;7;589
25;2025-11-14;8;996
25;2025-11-14;9;531
25;2025-11-14;10;428
25;2025-11-14;11;497
25;2025-11-14;12;487
25;2025-11-14;13;608
25;2025-11-14;14;538
25;2025-11-14;15;631
25;2025-11-14;16;754
25;2025-11-14;17;830
25;2025-11-14;18;785
25;2025-11-14;19;647
25;2025-11-14;20;340
25;2025-11-14;21;235
25;2025-11-14;22;96
25;2025-11-14;23;8
25;2025-11-15;0;0
25;2025-11-15;1;0
25;2025-11-15;2;0
25;2025-11-15;3;0
25;2025-11-15;4;0
25;2025-11-15;5;18
25;2025-11-15;6;134
25;2025-11-15;7;136
25;2025-11-15;8;321
25;2025-11-15;9;302
25;2025-11-15;10;308
25;2025-11-15;11;374
25;2025-11-15;12;419
25;2025-11-15;13;675
25;2025-11-15;14;676
25;2025-11-15;15;810
25;2025-11-15;16;773
25;2025-11-15;17;613
25;2025-11-15;18;517
25;2025-11-15;19;436
25;2025-11-15;20;256
25;2025-11-15;21;188
25;2025-11-15;22;112
25;2025-11-15;23;41
25;2025-11-16;0;16
25;2025-11-16;1;0
25;2025-11-16;2;0
25;2025-11-16;3;0
25;2025-11-16;4;0
25;2025-11-16;5;9
25;2025-11-16;6;104
25;2025-11-16;7;106
25;2025-11-16;8;222
25;2025-11-16;9;235
25;2025-11-16;10;242
25;2025-11-16;11;354
25;2025-11-16;12;419
25;2025-11-16;13;550
25;2025-11-16;14;666
25;2025-11-16;15;743
25;2025-11-16;16;632
25;2025-11-16;17;624
25;2025-11-16;18;477
25;2025-11-16;19;330
25;2025-11-16;20;242
25;2025-11-16;21;149
25;2025-11-16;22;95
25;2025-11-16;23;38
25;2025-11-17;0;4
25;2025-11-17;1;0
25;2025-11-17;2;0
25;2025-11-17;3;0
25;2025-11-17;4;0
25;2025-11-17;5;19
25;2025-11-17;6;279
25;2025-11-17;7;584
25;2025-11-17;8;1027
25;2025-11-17;9;524
25;2025-11-17;10;419
25;2025-11-17;11;482
25;2025-11-17;12;472
25;2025-11-17;13;595
25;2025-11-17;14;526
25;2025-11-17;15;613
25;2025-11-17;16;742
25;2025-11-17;17;854
25;2025-11-17;18;843
25;2025-11-17;19;659
25;2025-11-17;20;343
25;2025-11-17;21;236
25;2025-11-17;22;96
25;2025-11-17;23;8
25;2025-11-18;0;4
25;2025-11-18;1;0
25;2025-11-18;2;0
25;2025-11-18;3;0
25;2025-11-18;4;0
25;2025-11-18;5;19
25;2025-11-18;6;273
25;2025-11-18;7;572
25;2025-11-18;8;989
25;2025-11-18;9;511
25;2025-11-18;10;407
25;2025-11-18;11;472
25;2025-11-18;12;462
25;2025-11-18;13;579
25;2025-11-18;14;510
25;2025-11-18;15;596
25;2025-11-18;16;722
25;2025-11-18;17;820
25;2025-11-18;18;808
25;2025-11-18;19;633
25;2025-11-18;20;331
25;2025-11-18;21;228
25;2025-11-18;22;92
25;2025-11-18;23;8
25;2025-11-19;0;4
25;2025-11-19;1;0
25;2025-11-19;2;0
25;2025-11-19;3;0
25;2025-11-19;4;0
25;2025-11-19;5;19
25;2025-11-19;6;284
25;2025-11-19;7;602
25;2025-11-19;8;1050
25;2025-11-19;9;540
25;2025-11-19;10;432
25;2025-11-19;11;499
25;2025-11-19;12;490
25;2025-11-19;13;616
25;2025-11-19;14;544
25;2025-11-19;15;632
25;2025-11-19;16;763
25;2025-11-19;17;873
25;2025-11-19;18;857
25;2025-11-19;19;670
25;2025-11-19;20;351
25;2025-11-19;21;243
25;2025-11-19;22;98
25;2025-11-19;23;9
25;2025-11-20;0;4
25;2025-11-20;1;0
25;2025-11-20;2;0
25;2025-11-20;3;0
25;2025-11-20;4;0
25;2025-11-20;5;19
25;2025-11-20;6;284
25;2025-11-20;7;600
25;2025-11-20;8;1049
25;2025-11-20;9;545
25;2025-11-20;10;436
25;2025-11-20;11;503
25;2025-11-20;12;494
25;2025-11-20;13;617
25;2025-11-20;14;545
25;2025-11-20;15;634
25;2025-11-20;16;765
25;2025-11-20;17;877
25;2025-11-20;18;859
25;2025-11-20;19;669
25;2025-11-20;20;346
25;2025-11-20;21;239
25;2025-11-20;22;97
25;2025-11-20;23;8
25;2025-11-21;0;4
25;2025-11-21;1;0
25;2025-11-21;2;0
25;2025-11-21;3;0
25;2025-11-21;4;0
25;2025-11-21;5;19
25;2025-11-21;6;282
25;2025-11-21;7;596
25;2025-11-21;8;1017
25;2025-11-21;9;537
25;2025-11-21;10;433
25;2025-11-21;11;500
25;2025-11-21;12;489
25;2025-11-21;13;613
25;2025-11-21;14;543
25;2025-11-21;15;633
25;2025-11-21;16;756
25;2025-11-21;17;842
25;2025-11-21;18;794
25;2025-11-21;19;653
25;2025-11-21;20;345
25;2025-11-21;21;239
25;2025-11-21;22;98
25;2025-11-21;23;9
25;2025-11-22;0;0
25;2025-11-22;1;0
25;2025-11-22;2;0
25;2025-11-22;3;0
25;2025-11-22;4;0
25;2025-11-22;5;18
25;2025-11-22;6;137
25;2025-11-22;7;142
25;2025-11-22;8;336
25;2025-11-22;9;317
25;2025-11-22;10;326
25;2025-11-22;11;397
25;2025-11-22;12;445
25;2025-11-22;13;709
25;2025-11-22;14;712
25;2025-11-22;15;849
25;2025-11-22;16;813
25;2025-11-22;17;648
25;2025-11-22;18;543
25;2025-11-22;19;454
25;2025-11-22;20;262
25;2025-11-22;21;188
25;2025-11-22;22;113
25;2025-11-22;23;41
25;2025-11-23;0;16
25;2025-11-23;1;0
25;2025-11-23;2;0
25;2025-11-23;3;0
25;2025-11-23;4;0
25;2025-11-23;5;9
25;2025-11-23;6;103
25;2025-11-23;7;105
25;2025-11-23;8;221
25;2025-11-23;9;234
25;2025-11-23;10;240
25;2025-11-23;11;352
25;2025-11-23;12;416
25;2025-11-23;13;546
25;2025-11-23;14;663
25;2025-11-23;15;737
25;2025-11-23;16;628
25;2025-11-23;17;623
25;2025-11-23;18;476
25;2025-11-23;19;329
25;2025-11-23;20;241
25;2025-11-23;21;149
25;2025-11-23;22;94
25;2025-11-23;23;38
25;2025-11-24;0;4
25;2025-11-24;1;0
25;2025-11-24;2;0
25;2025-11-24;3;0
25;2025-11-24;4;0
25;2025-11-24;5;19
25;2025-11-24;6;277
25;2025-11-24;7;581
25;2025-11-24;8;1017
25;2025-11-24;9;521
25;2025-11-24;10;413
25;2025-11-24;11;475
25;2025-11-24;12;464
25;2025-11-24;13;587
25;2025-11-24;14;518
25;2025-11-24;15;606
25;2025-11-24;16;730
25;2025-11-24;17;840
25;2025-11-24;18;832
25;2025-11-24;19;643
25;2025-11-24;20;335
25;2025-11-24;21;230
25;2025-11-24;22;92
25;2025-11-24;23;8
25;2025-11-25;0;4
25;2025-11-25;1;0
25;2025-11-25;2;0
25;2025-11-25;3;0
25;2025-11-25;4;0
25;2025-11-25;5;19
25;2025-11-25;6;284
25;2025-11-25;7;598
25;2025-11-25;8;1045
25;2025-11-25;9;540
25;2025-11-25;10;434
25;2025-11-25;11;501
25;2025-11-25;12;491
25;2025-11-25;13;616
25;2025-11-25;14;544
25;2025-11-25;15;635
25;2025-11-25;16;763
25;2025-11-25;17;872
25;2025-11-25;18;856
25;2025-11-25;19;672
25;2025-11-25;20;350
25;2025-11-25;21;240
25;2025-11-25;22;98
25;2025-11-25;23;9
25;2025-11-26;0;4
25;2025-11-26;1;0
25;2025-11-26;2;0
25;2025-11-26;3;0
25;2025-11-26;4;0
25;2025-11-26;5;19
25;2025-11-26;6;282
25;2025-11-26;7;596
25;2025-11-26;8;1040
25;2025-11-26;9;534
25;2025-11-26;10;429
25;2025-11-26;11;492
25;2025-11-26;12;482
25;2025-11-26;13;606
25;2025-11-26;14;533
25;2025-11-26;15;622
25;2025-11-26;16;752
25;2025-11-26;17;861
25;2025-11-26;18;852
25;2025-11-26;19;664
25;2025-11-26;20;349
25;2025-11-26;21;240
25;2025-11-26;22;98
25;2025-11-26;23;9
25;2025-11-27;0;4
25;2025-11-27;1;0
25;2025-11-27;2;0
25;2025-11-27;3;0
25;2025-11-27;4;0
25;2025-11-27;5;19
25;2025-11-27;6;284
25;2025-11-27;7;602
25;2025-11-27;8;1053
25;2025-11-27;9;542
25;2025-11-27;10;433
25;2025-11-27;11;499
25;2025-11-27;12;488
25;2025-11-27;13;612
25;2025-11-27;14;541
25;2025-11-27;15;630
25;2025-11-27;16;759
25;2025-11-27;17;873
25;2025-11-27;18;855
25;2025-11-27;19;664
25;2025-11-27;20;344
25;2025-11-27;21;237
25;2025-11-27;22;97
25;2025-11-27;23;8
25;2025-11-28;0;4
25;2025-11-28;1;0
25;2025-11-28;2;0
25;2025-11-28;3;0
25;2025-11-28;4;0
25;2025-11-28;5;19
25;2025-11-28;6;281
25;2025-11-28;7;595
25;2025-11-28;8;1033
25;2025-11-28;9;537
25;2025-11-28;10;434
25;2025-11-28;11;502
25;2025-11-28;12;488
25;2025-11-28;13;616
25;2025-11-28;14;545
25;2025-11-28;15;636
25;2025-11-28;16;764
25;2025-11-28;17;859
25;2025-11-28;18;808
25;2025-11-28;19;649
25;2025-11-28;20;340
25;2025-11-28;21;236
25;2025-11-28;22;97
25;2025-11-28;23;8
25;2025-11-29;0;0
25;2025-11-29;1;0
25;2025-11-29;2;0
25;2025-11-29;3;0
25;2025-11-29;4;0
25;2025-11-29;5;19
25;2025-11-29;6;140
25;2025-11-29;7;142
25;2025-11-29;8;338
25;2025-11-29;9;320
25;2025-11-29;10;328
25;2025-11-29;11;400
25;2025-11-29;12;451
25;2025-11-29;13;715
25;2025-11-29;14;720
25;2025-11-29;15;858
25;2025-11-29;16;825
25;2025-11-29;17;660
25;2025-11-29;18;551
25;2025-11-29;19;460
25;2025-11-29;20;265
25;2025-11-29;21;194
25;2025-11-29;22;116
25;2025-11-29;23;42
25;2025-11-30;0;16
25;2025-11-30;1;0
25;2025-11-30;2;0
25;2025-11-30;3;0
25;2025-11-30;4;0
25;2025-11-30;5;9
25;2025-11-30;6;104
25;2025-11-30;7;106
25;2025-11-30;8;223
25;2025-11-30;9;236
25;2025-11-30;10;243
25;2025-11-30;11;356
25;2025-11-30;12;421
25;2025-11-30;13;553
25;2025-11-30;14;670
25;2025-11-30;15;744
25;2025-11-30;16;634
25;2025-11-30;17;630
25;2025-11-30;18;479
25;2025-11-30;19;329
25;2025-11-30;20;240
25;2025-11-30;21;148
25;2025-11-30;22;94
25;2025-11-30;23;38
25;2025-12-01;0;4
25;2025-12-01;1;0
25;2025-12-01;2;0
25;2025-12-01;3;0
25;2025-12-01;4;0
25;2025-12-01;5;18
25;2025-12-01;6;267
25;2025-12-01;7;568
25;2025-12-01;8;996
25;2025-12-01;9;510
25;2025-12-01;10;407
25;2025-12-01;11;470
25;2025-12-01;12;460
25;2025-12-01;13;581
25;2025-12-01;14;513
25;2025-12-01;15;599
25;2025-12-01;16;723
25;2025-12-01;17;831
25;2025-12-01;18;817
25;2025-12-01;19;633
25;2025-12-01;20;326
25;2025-12-01;21;224
25;2025-12-01;22;90
25;2025-12-01;23;8
25;2025-12-02;0;4
25;2025-12-02;1;0
25;2025-12-02;2;0
25;2025-12-02;3;0
25;2025-12-02;4;0
25;2025-12-02;5;18
25;2025-12-02;6;270
25;2025-12-02;7;574
25;2025-12-02;8;1006
25;2025-12-02;9;518
25;2025-12-02;10;417
25;2025-12-02;11;482
25;2025-12-02;12;472
25;2025-12-02;13;592
25;2025-12-02;14;522
25;2025-12-02;15;610
25;2025-12-02;16;734
25;2025-12-02;17;839
25;2025-12-02;18;822
25;2025-12-02;19;640
25;2025-12-02;20;331
25;2025-12-02;21;228
25;2025-12-02;22;92
25;2025-12-02;23;9
25;2025-12-03;0;4
25;2025-12-03;1;0
25;2025-12-03;2;0
25;2025-12-03;3;0
25;2025-12-03;4;0
25;2025-12-03;5;19
25;2025-12-03;6;271
25;2025-12-03;7;576
25;2025-12-03;8;1007
25;2025-12-03;9;520
25;2025-12-03;10;418
25;2025-12-03;11;483
25;2025-12-03;12;473
25;2025-12-03;13;593
25;2025-12-03;14;523
25;2025-12-03;15;609
25;2025-12-03;16;735
25;2025-12-03;17;840
25;2025-12-03;18;824
25;2025-12-03;19;638
25;2025-12-03;20;331
25;2025-12-03;21;229
25;2025-12-03;22;93
25;2025-12-03;23;9
25;2025-12-04;0;4
25;2025-12-04;1;0
25;2025-12-04;2;0
25;2025-12-04;3;0
25;2025-12-04;4;0
25;2025-12-04;5;19
25;2025-12-04;6;271
25;2025-12-04;7;576
25;2025-12-04;8;1007
25;2025-12-04;9;522
25;2025-12-04;10;418
25;2025-12-04;11;482
25;2025-12-04;12;473
25;2025-12-04;13;593
25;2025-12-04;14;523
25;2025-12-04;15;609
25;2025-12-04;16;733
25;2025-12-04;17;839
25;2025-12-04;18;823
25;2025-12-04;19;640
25;2025-12-04;20;331
25;2025-12-04;21;229
25;2025-12-04;22;93
25;2025-12-04;23;9
25;2025-12-05;0;4
25;2025-12-05;1;0
25;2025-12-05;2;0
25;2025-12-05;3;0
25;2025-12-05;4;0
25;2025-12-05;5;18
25;2025-12-05;6;270
25;2025-12-05;7;573
25;2025-12-05;8;984
25;2025-12-05;9;518
25;2025-12-05;10;416
25;2025-12-05;11;483
25;2025-12-05;12;473
25;2025-12-05;13;595
25;2025-12-05;14;526
25;2025-12-05;15;615
25;2025-12-05;16;736
25;2025-12-05;17;821
25;2025-12-05;18;768
25;2025-12-05;19;624
25;2025-12-05;20;328
25;2025-12-05;21;227
25;2025-12-05;22;92
25;2025-12-05;23;9
25;2025-12-06;0;0
25;2025-12-06;1;0
25;2025-12-06;2;0
25;2025-12-06;3;0
25;2025-12-06;4;0
25;2025-12-06;5;19
25;2025-12-06;6;140
25;2025-12-06;7;142
25;2025-12-06;8;338
25;2025-12-06;9;320
25;2025-12-06;10;329
25;2025-12-06;11;402
25;2025-12-06;12;453
25;2025-12-06;13;719
25;2025-12-06;14;724
25;2025-12-06;15;864
25;2025-12-06;16;827
25;2025-12-06;17;661
25;2025-12-06;18;552
25;2025-12-06;19;460
25;2025-12-06;20;266
25;2025-12-06;21;194
25;2025-12-06;22;116
25;2025-12-06;23;42
25;2025-12-07;0;16
25;2025-12-07;1;0
25;2025-12-07;2;0
25;2025-12-07;3;0
25;2025-12-07;4;0
25;2025-12-07;5;9
25;2025-12-07;6;105
25;2025-12-07;7;107
25;2025-12-07;8;225
25;2025-12-07;9;238
25;2025-12-07;10;245
25;2025-12-07;11;359
25;2025-12-07;12;424
25;2025-12-07;13;557
25;2025-12-07;14;676
25;2025-12-07;15;753
25;2025-12-07;16;640
25;2025-12-07;17;636
25;2025-12-07;18;484
25;2025-12-07;19;332
25;2025-12-07;20;242
25;2025-12-07;21;150
25;2025-12-07;22;95
25;2025-12-07;23;38
25;2025-12-08;0;4
25;2025-12-08;1;0
25;2025-12-08;2;0
25;2025-12-08;3;0
25;2025-12-08;4;0
25;2025-12-08;5;18
25;2025-12-08;6;267
25;2025-12-08;7;567
25;2025-12-08;8;997
25;2025-12-08;9;510
25;2025-12-08;10;407
25;2025-12-08;11;469
25;2025-12-08;12;458
25;2025-12-08;13;578
25;2025-12-08;14;511
25;2025-12-08;15;599
25;2025-12-08;16;722
25;2025-12-08;17;828
25;2025-12-08;18;814
25;2025-12-08;19;632
25;2025-12-08;20;326
25;2025-12-08;21;224
25;2025-12-08;22;90
25;2025-12-08;23;8
25;2025-12-09;0;4
25;2025-12-09;1;0
25;2025-12-09;2;0
25;2025-12-09;3;0
25;2025-12-09;4;0
25;2025-12-09;5;18
25;2025-12-09;6;267
25;2025-12-09;7;561
25;2025-12-09;8;981
25;2025-12-09;9;505
25;2025-12-09;10;407
25;2025-12-09;11;469
25;2025-12-09;12;457
25;2025-12-09;13;574
25;2025-12-09;14;507
25;2025-12-09;15;592
25;2025-12-09;16;716
25;2025-12-09;17;815
25;2025-12-09;18;802
25;2025-12-09;19;628
25;2025-12-09;20;327
25;2025-12-09;21;225
25;2025-12-09;22;91
25;2025-12-09;23;8
25;2025-12-10;0;4
25;2025-12-10;1;0
25;2025-12-10;2;0
25;2025-12-10;3;0
25;2025-12-10;4;0
25;2025-12-10;5;18
25;2025-12-10;6;270
25;2025-12-10;7;566
25;2025-12-10;8;987
25;2025-12-10;9;509
25;2025-12-10;10;410
25;2025-12-10;11;473
25;2025-12-10;12;462
25;2025-12-10;13;579
25;2025-12-10;14;510
25;2025-12-10;15;593
25;2025-12-10;16;716
25;2025-12-10;17;822
25;2025-12-10;18;811
25;2025-12-10;19;631
25;2025-12-10;20;332
25;2025-12-10;21;229
25;2025-12-10;22;93
25;2025-12-10;23;9
25;2025-12-11;0;4
25;2025-12-11;1;0
25;2025-12-11;2;0
25;2025-12-11;3;0
25;2025-12-11;4;0
25;2025-12-11;5;18
25;2025-12-11;6;270
25;2025-12-11;7;566
25;2025-12-11;8;996
25;2025-12-11;9;511
25;2025-12-11;10;409
25;2025-12-11;11;469
25;2025-12-11;12;461
25;2025-12-11;13;579
25;2025-12-11;14;510
25;2025-12-11;15;596
25;2025-12-11;16;718
25;2025-12-11;17;825
25;2025-12-11;18;811
25;2025-12-11;19;636
25;2025-12-11;20;329
25;2025-12-11;21;227
25;2025-12-11;22;92
25;2025-12-11;23;8
25;2025-12-12;0;4
25;2025-12-12;1;0
25;2025-12-12;2;0
25;2025-12-12;3;0
25;2025-12-12;4;0
25;2025-12-12;5;18
25;2025-12-12;6;267
25;2025-12-12;7;561
25;2025-12-12;8;968
25;2025-12-12;9;508
25;2025-12-12;10;408
25;2025-12-12;11;472
25;2025-12-12;12;460
25;2025-12-12;13;580
25;2025-12-12;14;512
25;2025-12-12;15;594
25;2025-12-12;16;710
25;2025-12-12;17;788
25;2025-12-12;18;755
25;2025-12-12;19;614
25;2025-12-12;20;328
25;2025-12-12;21;227
25;2025-12-12;22;92
25;2025-12-12;23;8
25;2025-12-13;0;0
25;2025-12-13;1;0
25;2025-12-13;2;0
25;2025-12-13;3;0
25;2025-12-13;4;0
25;2025-12-13;5;18
25;2025-12-13;6;137
25;2025-12-13;7;139
25;2025-12-13;8;328
25;2025-12-13;9;310
25;2025-12-13;10;318
25;2025-12-13;11;387
25;2025-12-13;12;433
25;2025-12-13;13;680
25;2025-12-13;14;683
25;2025-12-13;15;816
25;2025-12-13;16;782
25;2025-12-13;17;626
25;2025-12-13;18;534
25;2025-12-13;19;449
25;2025-12-13;20;262
25;2025-12-13;21;191
25;2025-12-13;22;114
25;2025-12-13;23;42
25;2025-12-14;0;16
25;2025-12-14;1;0
25;2025-12-14;2;0
25;2025-12-14;3;0
25;2025-12-14;4;0
25;2025-12-14;5;9
25;2025-12-14;6;102
25;2025-12-14;7;104
25;2025-12-14;8;218
25;2025-12-14;9;230
25;2025-12-14;10;237
25;2025-12-14;11;346
25;2025-12-14;12;405
25;2025-12-14;13;522
25;2025-12-14;14;636
25;2025-12-14;15;707
25;2025-12-14;16;616
25;2025-12-14;17;612
25;2025-12-14;18;470
25;2025-12-14;19;326
25;2025-12-14;20;239
25;2025-12-14;21;147
25;2025-12-14;22;94
25;2025-12-14;23;38
25;2025-12-15;0;4
25;2025-12-15;1;0
25;2025-12-15;2;0
25;2025-12-15;3;0
25;2025-12-15;4;0
25;2025-12-15;5;18
25;2025-12-15;6;264
25;2025-12-15;7;555
25;2025-12-15;8;971
25;2025-12-15;9;497
25;2025-12-15;10;397
25;2025-12-15;11;458
25;2025-12-15;12;449
25;2025-12-15;13;566
25;2025-12-15;14;499
25;2025-12-15;15;584
25;2025-12-15;16;705
25;2025-12-15;17;811
25;2025-12-15;18;802
25;2025-12-15;19;625
25;2025-12-15;20;326
25;2025-12-15;21;224
25;2025-12-15;22;90
25;2025-12-15;23;8
25;2025-12-16;0;4
25;2025-12-16;1;0
25;2025-12-16;2;0
25;2025-12-16;3;0
25;2025-12-16;4;0
25;2025-12-16;5;18
25;2025-12-16;6;268
25;2025-12-16;7;564
25;2025-12-16;8;986
25;2025-12-16;9;508
25;2025-12-16;10;408
25;2025-12-16;11;468
25;2025-12-16;12;459
25;2025-12-16;13;576
25;2025-12-16;14;508
25;2025-12-16;15;594
25;2025-12-16;16;713
25;2025-12-16;17;817
25;2025-12-16;18;805
25;2025-12-16;19;630
25;2025-12-16;20;330
25;2025-12-16;21;227
25;2025-12-16;22;92
25;2025-12-16;23;9
25;2025-12-17;0;4
25;2025-12-17;1;0
25;2025-12-17;2;0
25;2025-12-17;3;0
25;2025-12-17;4;0
25;2025-12-17;5;18
25;2025-12-17;6;269
25;2025-12-17;7;567
25;2025-12-17;8;990
25;2025-12-17;9;512
25;2025-12-17;10;412
25;2025-12-17;11;476
25;2025-12-17;12;466
25;2025-12-17;13;584
25;2025-12-17;14;515
25;2025-12-17;15;599
25;2025-12-17;16;723
25;2025-12-17;17;827
25;2025-12-17;18;812
25;2025-12-17;19;634
25;2025-12-17;20;332
25;2025-12-17;21;230
25;2025-12-17;22;93
25;2025-12-17;23;9
25;2025-12-18;0;4
25;2025-12-18;1;0
25;2025-12-18;2;0
25;2025-12-18;3;0
25;2025-12-18;4;0
25;2025-12-18;5;19
25;2025-12-18;6;271
25;2025-12-18;7;569
25;2025-12-18;8;993
25;2025-12-18;9;517
25;2025-12-18;10;412
25;2025-12-18;11;475
25;2025-12-18;12;465
25;2025-12-18;13;587
25;2025-12-18;14;518
25;2025-12-18;15;602
25;2025-12-18;16;725
25;2025-12-18;17;828
25;2025-12-18;18;814
25;2025-12-18;19;640
25;2025-12-18;20;334
25;2025-12-18;21;231
25;2025-12-18;22;94
25;2025-12-18;23;9
25;2025-12-19;0;4
25;2025-12-19;1;0
25;2025-12-19;2;0
25;2025-12-19;3;0
25;2025-12-19;4;0
25;2025-12-19;5;18
25;2025-12-19;6;268
25;2025-12-19;7;566
25;2025-12-19;8;968
25;2025-12-19;9;511
25;2025-12-19;10;411
25;2025-12-19;11;476
25;2025-12-19;12;466
25;2025-12-19;13;584
25;2025-12-19;14;516
25;2025-12-19;15;603
25;2025-12-19;16;722
25;2025-12-19;17;806
25;2025-12-19;18;754
25;2025-12-19;19;621
25;2025-12-19;20;329
25;2025-12-19;21;228
25;2025-12-19;22;93
25;2025-12-19;23;9
25;2025-12-20;0;0
25;2025-12-20;1;0
25;2025-12-20;2;0
25;2025-12-20;3;0
25;2025-12-20;4;0
25;2025-12-20;5;19
25;2025-12-20;6;139
25;2025-12-20;7;141
25;2025-12-20;8;335
25;2025-12-20;9;317
25;2025-12-20;10;326
25;2025-12-20;11;398
25;2025-12-20;12;447
25;2025-12-20;13;710
25;2025-12-20;14;714
25;2025-12-20;15;856
25;2025-12-20;16;816
25;2025-12-20;17;652
25;2025-12-20;18;546
25;2025-12-20;19;456
25;2025-12-20;20;263
25;2025-12-20;21;192
25;2025-12-20;22;115
25;2025-12-20;23;42
25;2025-12-21;0;16
25;2025-12-21;1;0
25;2025-12-21;2;0
25;2025-12-21;3;0
25;2025-12-21;4;0
25;2025-12-21;5;9
25;2025-12-21;6;101
25;2025-12-21;7;105
25;2025-12-21;8;221
25;2025-12-21;9;234
25;2025-12-21;10;241
25;2025-12-21;11;351
25;2025-12-21;12;414
25;2025-12-21;13;542
25;2025-12-21;14;657
25;2025-12-21;15;734
25;2025-12-21;16;624
25;2025-12-21;17;620
25;2025-12-21;18;475
25;2025-12-21;19;327
25;2025-12-21;20;238
25;2025-12-21;21;149
25;2025-12-21;22;94
25;2025-12-21;23;38
25;2025-12-22;0;4
25;2025-12-22;1;0
25;2025-12-22;2;0
25;2025-12-22;3;0
25;2025-12-22;4;0
25;2025-12-22;5;18
25;2025-12-22;6;265
25;2025-12-22;7;559
25;2025-12-22;8;983
25;2025-12-22;9;501
25;2025-12-22;10;400
25;2025-12-22;11;460
25;2025-12-22;12;448
25;2025-12-22;13;564
25;2025-12-22;14;495
25;2025-12-22;15;581
25;2025-12-22;16;700
25;2025-12-22;17;805
25;2025-12-22;18;801
25;2025-12-22;19;624
25;2025-12-22;20;326
25;2025-12-22;21;224
25;2025-12-22;22;91
25;2025-12-22;23;8
25;2025-12-23;0;4
25;2025-12-23;1;0
25;2025-12-23;2;0
25;2025-12-23;3;0
25;2025-12-23;4;0
25;2025-12-23;5;18
25;2025-12-23;6;267
25;2025-12-23;7;560
25;2025-12-23;8;974
25;2025-12-23;9;503
25;2025-12-23;10;405
25;2025-12-23;11;468
25;2025-12-23;12;458
25;2025-12-23;13;573
25;2025-12-23;14;505
25;2025-12-23;15;591
25;2025-12-23;16;710
25;2025-12-23;17;811
25;2025-12-23;18;799
25;2025-12-23;19;630
25;2025-12-23;20;329
25;2025-12-23;21;226
25;2025-12-23;22;92
25;2025-12-23;23;8
25;2025-12-24;0;4
25;2025-12-24;1;0
25;2025-12-24;2;0
25;2025-12-24;3;0
25;2025-12-24;4;0
25;2025-12-24;5;18
25;2025-12-24;6;266
25;2025-12-24;7;559
25;2025-12-24;8;974
25;2025-12-24;9;503
25;2025-12-24;10;405
25;2025-12-24;11;466
25;2025-12-24;12;456
25;2025-12-24;13;570
25;2025-12-24;14;503
25;2025-12-24;15;585
25;2025-12-24;16;706
25;2025-12-24;17;812
25;2025-12-24;18;798
25;2025-12-24;19;623
25;2025-12-24;20;327
25;2025-12-24;21;226
25;2025-12-24;22;92
25;2025-12-24;23;8
25;2025-12-25;0;4
25;2025-12-25;1;0
25;2025-12-25;2;0
25;2025-12-25;3;0
25;2025-12-25;4;0
25;2025-12-25;5;18
25;2025-12-25;6;270
25;2025-12-25;7;566
25;2025-12-25;8;993
25;2025-12-25;9;514
25;2025-12-25;10;410
25;2025-12-25;11;473
25;2025-12-25;12;462
25;2025-12-25;13;579
25;2025-12-25;14;508
25;2025-12-25;15;591
25;2025-12-25;16;714
25;2025-12-25;17;819
25;2025-12-25;18;809
25;2025-12-25;19;633
25;2025-12-25;20;332
25;2025-12-25;21;230
25;2025-12-25;22;93
25;2025-12-25;23;9
25;2025-12-26;0;4
25;2025-12-26;1;0
25;2025-12-26;2;0
25;2025-12-26;3;0
25;2025-12-26;4;0
25;2025-12-26;5;18
25;2025-12-26;6;264
25;2025-12-26;7;552
25;2025-12-26;8;942
25;2025-12-26;9;493
25;2025-12-26;10;393
25;2025-12-26;11;452
25;2025-12-26;12;441
25;2025-12-26;13;557
25;2025-12-26;14;492
25;2025-12-26;15;575
25;2025-12-26;16;687
25;2025-12-26;17;770
25;2025-12-26;18;746
25;2025-12-26;19;608
25;2025-12-26;20;320
25;2025-12-26;21;223
25;2025-12-26;22;91
25;2025-12-26;23;8
25;2025-12-27;0;0
25;2025-12-27;1;0
25;2025-12-27;2;0
25;2025-12-27;3;0
25;2025-12-27;4;0
25;2025-12-27;5;18
25;2025-12-27;6;137
25;2025-12-27;7;139
25;2025-12-27;8;332
25;2025-12-27;9;315
25;2025-12-27;10;323
25;2025-12-27;11;393
25;2025-12-27;12;443
25;2025-12-27;13;701
25;2025-12-27;14;707
25;2025-12-27;15;844
25;2025-12-27;16;808
25;2025-12-27;17;645
25;2025-12-27;18;542
25;2025-12-27;19;454
25;2025-12-27;20;264
25;2025-12-27;21;192
25;2025-12-27;22;112
25;2025-12-27;23;42
25;2025-12-28;0;16
25;2025-12-28;1;0
25;2025-12-28;2;0
25;2025-12-28;3;0
25;2025-12-28;4;0
25;2025-12-28;5;9
25;2025-12-28;6;102
25;2025-12-28;7;102
25;2025-12-28;8;214
25;2025-12-28;9;230
25;2025-12-28;10;238
25;2025-12-28;11;345
25;2025-12-28;12;408
25;2025-12-28;13;534
25;2025-12-28;14;648
25;2025-12-28;15;725
25;2025-12-28;16;619
25;2025-12-28;17;615
25;2025-12-28;18;471
25;2025-12-28;19;323
25;2025-12-28;20;239
25;2025-12-28;21;147
25;2025-12-28;22;94
25;2025-12-28;23;38
25;2025-12-29;0;4
25;2025-12-29;1;0
25;2025-12-29;2;0
25;2025-12-29;3;0
25;2025-12-29;4;0
25;2025-12-29;5;18
25;2025-12-29;6;265
25;2025-12-29;7;558
25;2025-12-29;8;982
25;2025-12-29;9;500
25;2025-12-29;10;400
25;2025-12-29;11;460
25;2025-12-29;12;451
25;2025-12-29;13;568
25;2025-12-29;14;501
25;2025-12-29;15;586
25;2025-12-29;16;709
25;2025-12-29;17;815
25;2025-12-29;18;806
25;2025-12-29;19;627
25;2025-12-29;20;327
25;2025-12-29;21;225
25;2025-12-29;22;91
25;2025-12-29;23;8
25;2025-12-30;0;4
25;2025-12-30;1;0
25;2025-12-30;2;0
25;2025-12-30;3;0
25;2025-12-30;4;0
25;2025-12-30;5;18
25;2025-12-30;6;268
25;2025-12-30;7;564
25;2025-12-30;8;984
25;2025-12-30;9;508
25;2025-12-30;10;408
25;2025-12-30;11;470
25;2025-12-30;12;460
25;2025-12-30;13;578
25;2025-12-30;14;511
25;2025-12-30;15;596
25;2025-12-30;16;717
25;2025-12-30;17;811
25;2025-12-30;18;775
25;2025-12-30;19;623
25;2025-12-30;20;329
25;2025-12-30;21;227
25;2025-12-30;22;92
25;2025-12-30;23;9
25;2025-12-31;0;16
25;2025-12-31;1;0
25;2025-12-31;2;0
25;2025-12-31;3;0
25;2025-12-31;4;0
25;2025-12-31;5;9
25;2025-12-31;6;105
25;2025-12-31;7;107
25;2025-12-31;8;217
25;2025-12-31;9;231
25;2025-12-31;10;238
25;2025-12-31;11;338
25;2025-12-31;12;400
25;2025-12-31;13;530
25;2025-12-31;14;648
25;2025-12-31;15;719
25;2025-12-31;16;609
25;2025-12-31;17;604
25;2025-12-31;18;460
25;2025-12-31;19;318
25;2025-12-31;20;244
25;2025-12-31;21;152
25;2025-12-31;22;96
25;2025-12-31;23;39
26;2025-11-01;0;32
26;2025-11-01;1;1
26;2025-11-01;2;0
26;2025-11-01;3;0
26;2025-11-01;4;2
26;2025-11-01;5;99
26;2025-11-01;6;462
26;2025-11-01;7;1170
26;2025-11-01;8;2232
26;2025-11-01;9;1519
26;2025-11-01;10;1251
26;2025-11-01;11;1137
26;2025-11-01;12;1184
26;2025-11-01;13;1187
26;2025-11-01;14;1354
26;2025-11-01;15;1438
26;2025-11-01;16;1524
26;2025-11-01;17;1766
26;2025-11-01;18;1824
26;2025-11-01;19;1257
26;2025-11-01;20;745
26;2025-11-01;21;496
26;2025-11-01;22;212
26;2025-11-01;23;128
26;2025-11-02;0;49
26;2025-11-02;1;5
26;2025-11-02;2;0
26;2025-11-02;3;0
26;2025-11-02;4;1
26;2025-11-02;5;21
26;2025-11-02;6;167
26;2025-11-02;7;267
26;2025-11-02;8;391
26;2025-11-02;9;548
26;2025-11-02;10;628
26;2025-11-02;11;842
26;2025-11-02;12;825
26;2025-11-02;13;877
26;2025-11-02;14;870
26;2025-11-02;15;795
26;2025-11-02;16;778
26;2025-11-02;17;783
26;2025-11-02;18;725
26;2025-11-02;19;537
26;2025-11-02;20;414
26;2025-11-02;21;284
26;2025-11-02;22;158
26;2025-11-02;23;96
26;2025-11-03;0;48
26;2025-11-03;1;5
26;2025-11-03;2;0
26;2025-11-03;3;0
26;2025-11-03;4;1
26;2025-11-03;5;20
26;2025-11-03;6;163
26;2025-11-03;7;261
26;2025-11-03;8;397
26;2025-11-03;9;535
26;2025-11-03;10;610
26;2025-11-03;11;811
26;2025-11-03;12;788
26;2025-11-03;13;852
26;2025-11-03;14;835
26;2025-11-03;15;759
26;2025-11-03;16;753
26;2025-11-03;17;764
26;2025-11-03;18;707
26;2025-11-03;19;530
26;2025-11-03;20;406
26;2025-11-03;21;274
26;2025-11-03;22;154
26;2025-11-03;23;93
26;2025-11-04;0;49
26;2025-11-04;1;5
26;2025-11-04;2;0
26;2025-11-04;3;0
26;2025-11-04;4;1
26;2025-11-04;5;21
26;2025-11-04;6;166
26;2025-11-04;7;266
26;2025-11-04;8;385
26;2025-11-04;9;538
26;2025-11-04;10;617
26;2025-11-04;11;822
26;2025-11-04;12;808
26;2025-11-04;13;880
26;2025-11-04;14;875
26;2025-11-04;15;795
26;2025-11-04;16;777
26;2025-11-04;17;776
26;2025-11-04;18;717
26;2025-11-04;19;540
26;2025-11-04;20;415
26;2025-11-04;21;282
26;2025-11-04;22;157
26;2025-11-04;23;95
26;2025-11-05;0;34
26;2025-11-05;1;1
26;2025-11-05;2;1
26;2025-11-05;3;0
26;2025-11-05;4;2
26;2025-11-05;5;105
26;2025-11-05;6;490
26;2025-11-05;7;1250
26;2025-11-05;8;2466
26;2025-11-05;9;1621
26;2025-11-05;10;1352
26;2025-11-05;11;1218
26;2025-11-05;12;1261
26;2025-11-05;13;1262
26;2025-11-05;14;1450
26;2025-11-05;15;1521
26;2025-11-05;16;1612
26;2025-11-05;17;1860
26;2025-11-05;18;2028
26;2025-11-05;19;1351
26;2025-11-05;20;794
26;2025-11-05;21;522
26;2025-11-05;22;222
26;2025-11-05;23;133
26;2025-11-06;0;34
26;2025-11-06;1;1
26;2025-11-06;2;1
26;2025-11-06;3;0
26;2025-11-06;4;2
26;2025-11-06;5;105
26;2025-11-06;6;488
26;2025-11-06;7;1239
26;2025-11-06;8;2438
26;2025-11-06;9;1605
26;2025-11-06;10;1342
26;2025-11-06;11;1211
26;2025-11-06;12;1258
26;2025-11-06;13;1259
26;2025-11-06;14;1441
26;2025-11-06;15;1498
26;2025-11-06;16;1590
26;2025-11-06;17;1838
26;2025-11-06;18;1992
26;2025-11-06;19;1327
26;2025-11-06;20;781
26;2025-11-06;21;517
26;2025-11-06;22;219
26;2025-11-06;23;132
26;2025-11-07;0;35
26;2025-11-07;1;1
26;2025-11-07;2;1
26;2025-11-07;3;0
26;2025-11-07;4;2
26;2025-11-07;5;107
26;2025-11-07;6;498
26;2025-11-07;7;1268
26;2025-11-07;8;2280
26;2025-11-07;9;1609
26;2025-11-07;10;1369
26;2025-11-07;11;1254
26;2025-11-07;12;1295
26;2025-11-07;13;1292
26;2025-11-07;14;1455
26;2025-11-07;15;1524
26;2025-11-07;16;1605
26;2025-11-07;17;1852
26;2025-11-07;18;1871
26;2025-11-07;19;1323
26;2025-11-07;20;794
26;2025-11-07;21;524
26;2025-11-07;22;224
26;2025-11-07;23;135
26;2025-11-08;0;54
26;2025-11-08;1;3
26;2025-11-08;2;0
26;2025-11-08;3;0
26;2025-11-08;4;2
26;2025-11-08;5;52
26;2025-11-08;6;249
26;2025-11-08;7;388
26;2025-11-08;8;659
26;2025-11-08;9;699
26;2025-11-08;10;837
26;2025-11-08;11;1038
26;2025-11-08;12;1074
26;2025-11-08;13;1057
26;2025-11-08;14;1155
26;2025-11-08;15;1045
26;2025-11-08;16;1089
26;2025-11-08;17;969
26;2025-11-08;18;913
26;2025-11-08;19;738
26;2025-11-08;20;506
26;2025-11-08;21;332
26;2025-11-08;22;194
26;2025-11-08;23;147
26;2025-11-09;0;48
26;2025-11-09;1;5
26;2025-11-09;2;0
26;2025-11-09;3;0
26;2025-11-09;4;1
26;2025-11-09;5;20
26;2025-11-09;6;164
26;2025-11-09;7;264
26;2025-11-09;8;399
26;2025-11-09;9;556
26;2025-11-09;10;636
26;2025-11-09;11;846
26;2025-11-09;12;831
26;2025-11-09;13;889
26;2025-11-09;14;874
26;2025-11-09;15;801
26;2025-11-09;16;788
26;2025-11-09;17;791
26;2025-11-09;18;731
26;2025-11-09;19;548
26;2025-11-09;20;412
26;2025-11-09;21;280
26;2025-11-09;22;156
26;2025-11-09;23;95
26;2025-11-10;0;34
26;2025-11-10;1;1
26;2025-11-10;2;1
26;2025-11-10;3;0
26;2025-11-10;4;2
26;2025-11-10;5;104
26;2025-11-10;6;486
26;2025-11-10;7;1238
26;2025-11-10;8;2478
26;2025-11-10;9;1609
26;2025-11-10;10;1338
26;2025-11-10;11;1212
26;2025-11-10;12;1266
26;2025-11-10;13;1260
26;2025-11-10;14;1433
26;2025-11-10;15;1504
26;2025-11-10;16;1600
26;2025-11-10;17;1858
26;2025-11-10;18;2063
26;2025-11-10;19;1349
26;2025-11-10;20;793
26;2025-11-10;21;519
26;2025-11-10;22;218
26;2025-11-10;23;131
26;2025-11-11;0;34
26;2025-11-11;1;1
26;2025-11-11;2;1
26;2025-11-11;3;0
26;2025-11-11;4;2
26;2025-11-11;5;106
26;2025-11-11;6;492
26;2025-11-11;7;1259
26;2025-11-11;8;2501
26;2025-11-11;9;1634
26;2025-11-11;10;1369
26;2025-11-11;11;1242
26;2025-11-11;12;1285
26;2025-11-11;13;1285
26;2025-11-11;14;1467
26;2025-11-11;15;1531
26;2025-11-11;16;1621
26;2025-11-11;17;1878
26;2025-11-11;18;2084
26;2025-11-11;19;1367
26;2025-11-11;20;803
26;2025-11-11;21;527
26;2025-11-11;22;223
26;2025-11-11;23;133
26;2025-11-12;0;34
26;2025-11-12;1;1
26;2025-11-12;2;1
26;2025-11-12;3;0
26;2025-11-12;4;2
26;2025-11-12;5;105
26;2025-11-12;6;490
26;2025-11-12;7;1244
26;2025-11-12;8;2487
26;2025-11-12;9;1622
26;2025-11-12;10;1351
26;2025-11-12;11;1218
26;2025-11-12;12;1267
26;2025-11-12;13;1260
26;2025-11-12;14;1448
26;2025-11-12;15;1518
26;2025-11-12;16;1608
26;2025-11-12;17;1855
26;2025-11-12;18;2056
26;2025-11-12;19;1352
26;2025-11-12;20;796
26;2025-11-12;21;523
26;2025-11-12;22;223
26;2025-11-12;23;134
26;2025-11-13;0;34
26;2025-11-13;1;1
26;2025-11-13;2;1
26;2025-11-13;3;0
26;2025-11-13;4;2
26;2025-11-13;5;105
26;2025-11-13;6;490
26;2025-11-13;7;1253
26;2025-11-13;8;2486
26;2025-11-13;9;1621
26;2025-11-13;10;1360
26;2025-11-13;11;1233
26;2025-11-13;12;1278
26;2025-11-13;13;1274
26;2025-11-13;14;1449
26;2025-11-13;15;1518
26;2025-11-13;16;1606
26;2025-11-13;17;1854
26;2025-11-13;18;2041
26;2025-11-13;19;1342
26;2025-11-13;20;792
26;2025-11-13;21;521
26;2025-11-13;22;222
26;2025-11-13;23;133
26;2025-11-14;0;34
26;2025-11-14;1;1
26;2025-11-14;2;1
26;2025-11-14;3;0
26;2025-11-14;4;2
26;2025-11-14;5;104
26;2025-11-14;6;485
26;2025-11-14;7;1224
26;2025-11-14;8;2365
26;2025-11-14;9;1592
26;2025-11-14;10;1330
26;2025-11-14;11;1214
26;2025-11-14;12;1256
26;2025-11-14;13;1248
26;2025-11-14;14;1430
26;2025-11-14;15;1510
26;2025-11-14;16;1596
26;2025-11-14;17;1823
26;2025-11-14;18;1861
26;2025-11-14;19;1309
26;2025-11-14;20;783
26;2025-11-14;21;517
26;2025-11-14;22;222
26;2025-11-14;23;133
26;2025-11-15;0;53
26;2025-11-15;1;3
26;2025-11-15;2;0
26;2025-11-15;3;0
26;2025-11-15;4;2
26;2025-11-15;5;50
26;2025-11-15;6;241
26;2025-11-15;7;376
26;2025-11-15;8;634
26;2025-11-15;9;669
26;2025-11-15;10;804
26;2025-11-15;11;971
26;2025-11-15;12;1023
26;2025-11-15;13;1005
26;2025-11-15;14;1084
26;2025-11-15;15;986
26;2025-11-15;16;1018
26;2025-11-15;17;906
26;2025-11-15;18;864
26;2025-11-15;19;714
26;2025-11-15;20;495
26;2025-11-15;21;327
26;2025-11-15;22;191
26;2025-11-15;23;144
26;2025-11-16;0;48
26;2025-11-16;1;5
26;2025-11-16;2;0
26;2025-11-16;3;0
26;2025-11-16;4;1
26;2025-11-16;5;20
26;2025-11-16;6;163
26;2025-11-16;7;261
26;2025-11-16;8;395
26;2025-11-16;9;550
26;2025-11-16;10;631
26;2025-11-16;11;844
26;2025-11-16;12;830
26;2025-11-16;13;891
26;2025-11-16;14;871
26;2025-11-16;15;799
26;2025-11-16;16;782
26;2025-11-16;17;786
26;2025-11-16;18;726
26;2025-11-16;19;548
26;2025-11-16;20;415
26;2025-11-16;21;282
26;2025-11-16;22;157
26;2025-11-16;23;95
26;2025-11-17;0;34
26;2025-11-17;1;1
26;2025-11-17;2;0
26;2025-11-17;3;0
26;2025-11-17;4;2
26;2025-11-17;5;104
26;2025-11-17;6;483
26;2025-11-17;7;1215
26;2025-11-17;8;2450
26;2025-11-17;9;1580
26;2025-11-17;10;1309
26;2025-11-17;11;1181
26;2025-11-17;12;1230
26;2025-11-17;13;1225
26;2025-11-17;14;1405
26;2025-11-17;15;1479
26;2025-11-17;16;1573
26;2025-11-17;17;1827
26;2025-11-17;18;2038
26;2025-11-17;19;1344
26;2025-11-17;20;794
26;2025-11-17;21;520
26;2025-11-17;22;219
26;2025-11-17;23;131
26;2025-11-18;0;33
26;2025-11-18;1;1
26;2025-11-18;2;0
26;2025-11-18;3;0
26;2025-11-18;4;2
26;2025-11-18;5;102
26;2025-11-18;6;474
26;2025-11-18;7;1192
26;2025-11-18;8;2353
26;2025-11-18;9;1542
26;2025-11-18;10;1273
26;2025-11-18;11;1156
26;2025-11-18;12;1195
26;2025-11-18;13;1193
26;2025-11-18;14;1363
26;2025-11-18;15;1433
26;2025-11-18;16;1522
26;2025-11-18;17;1758
26;2025-11-18;18;1945
26;2025-11-18;19;1286
26;2025-11-18;20;764
26;2025-11-18;21;503
26;2025-11-18;22;212
26;2025-11-18;23;127
26;2025-11-19;0;34
26;2025-11-19;1;1
26;2025-11-19;2;1
26;2025-11-19;3;0
26;2025-11-19;4;2
26;2025-11-19;5;105
26;2025-11-19;6;491
26;2025-11-19;7;1253
26;2025-11-19;8;2493
26;2025-11-19;9;1630
26;2025-11-19;10;1345
26;2025-11-19;11;1222
26;2025-11-19;12;1275
26;2025-11-19;13;1270
26;2025-11-19;14;1456
26;2025-11-19;15;1527
26;2025-11-19;16;1617
26;2025-11-19;17;1869
26;2025-11-19;18;2068
26;2025-11-19;19;1371
26;2025-11-19;20;808
26;2025-11-19;21;532
26;2025-11-19;22;226
26;2025-11-19;23;136
26;2025-11-20;0;34
26;2025-11-20;1;1
26;2025-11-20;2;1
26;2025-11-20;3;0
26;2025-11-20;4;2
26;2025-11-20;5;105
26;2025-11-20;6;490
26;2025-11-20;7;1250
26;2025-11-20;8;2477
26;2025-11-20;9;1620
26;2025-11-20;10;1361
26;2025-11-20;11;1231
26;2025-11-20;12;1280
26;2025-11-20;13;1274
26;2025-11-20;14;1451
26;2025-11-20;15;1521
26;2025-11-20;16;1612
26;2025-11-20;17;1863
26;2025-11-20;18;2061
26;2025-11-20;19;1358
26;2025-11-20;20;799
26;2025-11-20;21;525
26;2025-11-20;22;223
26;2025-11-20;23;134
26;2025-11-21;0;34
26;2025-11-21;1;1
26;2025-11-21;2;1
26;2025-11-21;3;0
26;2025-11-21;4;2
26;2025-11-21;5;105
26;2025-11-21;6;489
26;2025-11-21;7;1241
26;2025-11-21;8;2415
26;2025-11-21;9;1617
26;2025-11-21;10;1347
26;2025-11-21;11;1222
26;2025-11-21;12;1269
26;2025-11-21;13;1263
26;2025-11-21;14;1451
26;2025-11-21;15;1522
26;2025-11-21;16;1611
26;2025-11-21;17;1849
26;2025-11-21;18;1886
26;2025-11-21;19;1331
26;2025-11-21;20;797
26;2025-11-21;21;527
26;2025-11-21;22;225
26;2025-11-21;23;135
26;2025-11-22;0;55
26;2025-11-22;1;3
26;2025-11-22;2;0
26;2025-11-22;3;0
26;2025-11-22;4;2
26;2025-11-22;5;51
26;2025-11-22;6;246
26;2025-11-22;7;391
26;2025-11-22;8;662
26;2025-11-22;9;700
26;2025-11-22;10;844
26;2025-11-22;11;1030
26;2025-11-22;12;1089
26;2025-11-22;13;1055
26;2025-11-22;14;1145
26;2025-11-22;15;1033
26;2025-11-22;16;1072
26;2025-11-22;17;958
26;2025-11-22;18;910
26;2025-11-22;19;738
26;2025-11-22;20;507
26;2025-11-22;21;325
26;2025-11-22;22;192
26;2025-11-22;23;145
26;2025-11-23;0;47
26;2025-11-23;1;5
26;2025-11-23;2;0
26;2025-11-23;3;0
26;2025-11-23;4;1
26;2025-11-23;5;20
26;2025-11-23;6;162
26;2025-11-23;7;260
26;2025-11-23;8;394
26;2025-11-23;9;547
26;2025-11-23;10;627
26;2025-11-23;11;839
26;2025-11-23;12;823
26;2025-11-23;13;886
26;2025-11-23;14;869
26;2025-11-23;15;794
26;2025-11-23;16;779
26;2025-11-23;17;783
26;2025-11-23;18;725
26;2025-11-23;19;546
26;2025-11-23;20;413
26;2025-11-23;21;281
26;2025-11-23;22;156
26;2025-11-23;23;94
26;2025-11-24;0;34
26;2025-11-24;1;1
26;2025-11-24;2;0
26;2025-11-24;3;0
26;2025-11-24;4;2
26;2025-11-24;5;103
26;2025-11-24;6;480
26;2025-11-24;7;1206
26;2025-11-24;8;2433
26;2025-11-24;9;1580
26;2025-11-24;10;1297
26;2025-11-24;11;1168
26;2025-11-24;12;1217
26;2025-11-24;13;1210
26;2025-11-24;14;1384
26;2025-11-24;15;1457
26;2025-11-24;16;1548
26;2025-11-24;17;1792
26;2025-11-24;18;2007
26;2025-11-24;19;1306
26;2025-11-24;20;773
26;2025-11-24;21;506
26;2025-11-24;22;214
26;2025-11-24;23;128
26;2025-11-25;0;34
26;2025-11-25;1;1
26;2025-11-25;2;1
26;2025-11-25;3;0
26;2025-11-25;4;2
26;2025-11-25;5;105
26;2025-11-25;6;491
26;2025-11-25;7;1246
26;2025-11-25;8;2488
26;2025-11-25;9;1628
26;2025-11-25;10;1353
26;2025-11-25;11;1227
26;2025-11-25;12;1274
26;2025-11-25;13;1273
26;2025-11-25;14;1457
26;2025-11-25;15;1527
26;2025-11-25;16;1613
26;2025-11-25;17;1868
26;2025-11-25;18;2072
26;2025-11-25;19;1369
26;2025-11-25;20;807
26;2025-11-25;21;530
26;2025-11-25;22;224
26;2025-11-25;23;134
26;2025-11-26;0;34
26;2025-11-26;1;1
26;2025-11-26;2;1
26;2025-11-26;3;0
26;2025-11-26;4;2
26;2025-11-26;5;105
26;2025-11-26;6;489
26;2025-11-26;7;1238
26;2025-11-26;8;2480
26;2025-11-26;9;1608
26;2025-11-26;10;1342
26;2025-11-26;11;1209
26;2025-11-26;12;1254
26;2025-11-26;13;1251
26;2025-11-26;14;1431
26;2025-11-26;15;1500
26;2025-11-26;16;1590
26;2025-11-26;17;1835
26;2025-11-26;18;2054
26;2025-11-26;19;1358
26;2025-11-26;20;804
26;2025-11-26;21;529
26;2025-11-26;22;225
26;2025-11-26;23;135
26;2025-11-27;0;34
26;2025-11-27;1;1
26;2025-11-27;2;1
26;2025-11-27;3;0
26;2025-11-27;4;2
26;2025-11-27;5;105
26;2025-11-27;6;490
26;2025-11-27;7;1254
26;2025-11-27;8;2501
26;2025-11-27;9;1622
26;2025-11-27;10;1351
26;2025-11-27;11;1221
26;2025-11-27;12;1267
26;2025-11-27;13;1264
26;2025-11-27;14;1443
26;2025-11-27;15;1515
26;2025-11-27;16;1604
26;2025-11-27;17;1858
26;2025-11-27;18;2056
26;2025-11-27;19;1346
26;2025-11-27;20;794
26;2025-11-27;21;522
26;2025-11-27;22;222
26;2025-11-27;23;134
26;2025-11-28;0;34
26;2025-11-28;1;1
26;2025-11-28;2;1
26;2025-11-28;3;0
26;2025-11-28;4;2
26;2025-11-28;5;105
26;2025-11-28;6;488
26;2025-11-28;7;1239
26;2025-11-28;8;2435
26;2025-11-28;9;1602
26;2025-11-28;10;1350
26;2025-11-28;11;1226
26;2025-11-28;12;1267
26;2025-11-28;13;1268
26;2025-11-28;14;1448
26;2025-11-28;15;1520
26;2025-11-28;16;1595
26;2025-11-28;17;1841
26;2025-11-28;18;1889
26;2025-11-28;19;1317
26;2025-11-28;20;784
26;2025-11-28;21;520
26;2025-11-28;22;222
26;2025-11-28;23;134
26;2025-11-29;0;55
26;2025-11-29;1;3
26;2025-11-29;2;0
26;2025-11-29;3;0
26;2025-11-29;4;2
26;2025-11-29;5;52
26;2025-11-29;6;252
26;2025-11-29;7;393
26;2025-11-29;8;667
26;2025-11-29;9;707
26;2025-11-29;10;848
26;2025-11-29;11;1046
26;2025-11-29;12;1111
26;2025-11-29;13;1072
26;2025-11-29;14;1163
26;2025-11-29;15;1047
26;2025-11-29;16;1094
26;2025-11-29;17;973
26;2025-11-29;18;922
26;2025-11-29;19;748
26;2025-11-29;20;513
26;2025-11-29;21;336
26;2025-11-29;22;196
26;2025-11-29;23;148
26;2025-11-30;0;47
26;2025-11-30;1;5
26;2025-11-30;2;0
26;2025-11-30;3;0
26;2025-11-30;4;1
26;2025-11-30;5;20
26;2025-11-30;6;163
26;2025-11-30;7;262
26;2025-11-30;8;397
26;2025-11-30;9;554
26;2025-11-30;10;636
26;2025-11-30;11;848
26;2025-11-30;12;831
26;2025-11-30;13;895
26;2025-11-30;14;876
26;2025-11-30;15;800
26;2025-11-30;16;783
26;2025-11-30;17;790
26;2025-11-30;18;731
26;2025-11-30;19;546
26;2025-11-30;20;411
26;2025-11-30;21;280
26;2025-11-30;22;156
26;2025-11-30;23;95
26;2025-12-01;0;32
26;2025-12-01;1;1
26;2025-12-01;2;1
26;2025-12-01;3;0
26;2025-12-01;4;2
26;2025-12-01;5;99
26;2025-12-01;6;463
26;2025-12-01;7;1179
26;2025-12-01;8;2357
26;2025-12-01;9;1532
26;2025-12-01;10;1274
26;2025-12-01;11;1153
26;2025-12-01;12;1203
26;2025-12-01;13;1198
26;2025-12-01;14;1363
26;2025-12-01;15;1429
26;2025-12-01;16;1520
26;2025-12-01;17;1762
26;2025-12-01;18;1960
26;2025-12-01;19;1283
26;2025-12-01;20;754
26;2025-12-01;21;493
26;2025-12-01;22;208
26;2025-12-01;23;125
26;2025-12-02;0;32
26;2025-12-02;1;1
26;2025-12-02;2;1
26;2025-12-02;3;0
26;2025-12-02;4;2
26;2025-12-02;5;100
26;2025-12-02;6;469
26;2025-12-02;7;1196
26;2025-12-02;8;2380
26;2025-12-02;9;1553
26;2025-12-02;10;1301
26;2025-12-02;11;1179
26;2025-12-02;12;1220
26;2025-12-02;13;1221
26;2025-12-02;14;1393
26;2025-12-02;15;1456
26;2025-12-02;16;1539
26;2025-12-02;17;1783
26;2025-12-02;18;1979
26;2025-12-02;19;1299
26;2025-12-02;20;764
26;2025-12-02;21;501
26;2025-12-02;22;212
26;2025-12-02;23;127
26;2025-12-03;0;32
26;2025-12-03;1;1
26;2025-12-03;2;1
26;2025-12-03;3;0
26;2025-12-03;4;2
26;2025-12-03;5;101
26;2025-12-03;6;470
26;2025-12-03;7;1200
26;2025-12-03;8;2384
26;2025-12-03;9;1559
26;2025-12-03;10;1300
26;2025-12-03;11;1184
26;2025-12-03;12;1223
26;2025-12-03;13;1221
26;2025-12-03;14;1391
26;2025-12-03;15;1460
26;2025-12-03;16;1546
26;2025-12-03;17;1787
26;2025-12-03;18;1979
26;2025-12-03;19;1300
26;2025-12-03;20;764
26;2025-12-03;21;502
26;2025-12-03;22;213
26;2025-12-03;23;129
26;2025-12-04;0;32
26;2025-12-04;1;1
26;2025-12-04;2;1
26;2025-12-04;3;0
26;2025-12-04;4;2
26;2025-12-04;5;101
26;2025-12-04;6;470
26;2025-12-04;7;1200
26;2025-12-04;8;2380
26;2025-12-04;9;1552
26;2025-12-04;10;1302
26;2025-12-04;11;1180
26;2025-12-04;12;1225
26;2025-12-04;13;1223
26;2025-12-04;14;1391
26;2025-12-04;15;1459
26;2025-12-04;16;1545
26;2025-12-04;17;1787
26;2025-12-04;18;1976
26;2025-12-04;19;1299
26;2025-12-04;20;764
26;2025-12-04;21;503
26;2025-12-04;22;213
26;2025-12-04;23;129
26;2025-12-05;0;32
26;2025-12-05;1;1
26;2025-12-05;2;1
26;2025-12-05;3;0
26;2025-12-05;4;2
26;2025-12-05;5;100
26;2025-12-05;6;467
26;2025-12-05;7;1192
26;2025-12-05;8;2325
26;2025-12-05;9;1548
26;2025-12-05;10;1294
26;2025-12-05;11;1182
26;2025-12-05;12;1228
26;2025-12-05;13;1224
26;2025-12-05;14;1397
26;2025-12-05;15;1468
26;2025-12-05;16;1550
26;2025-12-05;17;1788
26;2025-12-05;18;1827
26;2025-12-05;19;1267
26;2025-12-05;20;756
26;2025-12-05;21;499
26;2025-12-05;22;213
26;2025-12-05;23;129
26;2025-12-06;0;55
26;2025-12-06;1;3
26;2025-12-06;2;0
26;2025-12-06;3;0
26;2025-12-06;4;2
26;2025-12-06;5;52
26;2025-12-06;6;252
26;2025-12-06;7;393
26;2025-12-06;8;667
26;2025-12-06;9;708
26;2025-12-06;10;851
26;2025-12-06;11;1051
26;2025-12-06;12;1114
26;2025-12-06;13;1078
26;2025-12-06;14;1169
26;2025-12-06;15;1054
26;2025-12-06;16;1096
26;2025-12-06;17;974
26;2025-12-06;18;923
26;2025-12-06;19;749
26;2025-12-06;20;513
26;2025-12-06;21;336
26;2025-12-06;22;196
26;2025-12-06;23;148
26;2025-12-07;0;48
26;2025-12-07;1;5
26;2025-12-07;2;0
26;2025-12-07;3;0
26;2025-12-07;4;1
26;2025-12-07;5;20
26;2025-12-07;6;164
26;2025-12-07;7;264
26;2025-12-07;8;400
26;2025-12-07;9;558
26;2025-12-07;10;640
26;2025-12-07;11;855
26;2025-12-07;12;838
26;2025-12-07;13;902
26;2025-12-07;14;884
26;2025-12-07;15;809
26;2025-12-07;16;792
26;2025-12-07;17;797
26;2025-12-07;18;737
26;2025-12-07;19;551
26;2025-12-07;20;416
26;2025-12-07;21;282
26;2025-12-07;22;157
26;2025-12-07;23;96
26;2025-12-08;0;32
26;2025-12-08;1;1
26;2025-12-08;2;1
26;2025-12-08;3;0
26;2025-12-08;4;2
26;2025-12-08;5;99
26;2025-12-08;6;463
26;2025-12-08;7;1178
26;2025-12-08;8;2358
26;2025-12-08;9;1532
26;2025-12-08;10;1274
26;2025-12-08;11;1152
26;2025-12-08;12;1199
26;2025-12-08;13;1192
26;2025-12-08;14;1361
26;2025-12-08;15;1429
26;2025-12-08;16;1519
26;2025-12-08;17;1759
26;2025-12-08;18;1956
26;2025-12-08;19;1282
26;2025-12-08;20;754
26;2025-12-08;21;493
26;2025-12-08;22;208
26;2025-12-08;23;125
26;2025-12-09;0;32
26;2025-12-09;1;1
26;2025-12-09;2;1
26;2025-12-09;3;0
26;2025-12-09;4;2
26;2025-12-09;5;99
26;2025-12-09;6;463
26;2025-12-09;7;1167
26;2025-12-09;8;2340
26;2025-12-09;9;1527
26;2025-12-09;10;1267
26;2025-12-09;11;1144
26;2025-12-09;12;1179
26;2025-12-09;13;1178
26;2025-12-09;14;1352
26;2025-12-09;15;1426
26;2025-12-09;16;1512
26;2025-12-09;17;1743
26;2025-12-09;18;1942
26;2025-12-09;19;1276
26;2025-12-09;20;754
26;2025-12-09;21;494
26;2025-12-09;22;209
26;2025-12-09;23;125
26;2025-12-10;0;32
26;2025-12-10;1;1
26;2025-12-10;2;1
26;2025-12-10;3;0
26;2025-12-10;4;2
26;2025-12-10;5;100
26;2025-12-10;6;467
26;2025-12-10;7;1175
26;2025-12-10;8;2357
26;2025-12-10;9;1531
26;2025-12-10;10;1274
26;2025-12-10;11;1150
26;2025-12-10;12;1198
26;2025-12-10;13;1193
26;2025-12-10;14;1368
26;2025-12-10;15;1434
26;2025-12-10;16;1519
26;2025-12-10;17;1756
26;2025-12-10;18;1957
26;2025-12-10;19;1293
26;2025-12-10;20;766
26;2025-12-10;21;504
26;2025-12-10;22;214
26;2025-12-10;23;129
26;2025-12-11;0;32
26;2025-12-11;1;1
26;2025-12-11;2;1
26;2025-12-11;3;0
26;2025-12-11;4;2
26;2025-12-11;5;100
26;2025-12-11;6;467
26;2025-12-11;7;1178
26;2025-12-11;8;2378
26;2025-12-11;9;1536
26;2025-12-11;10;1277
26;2025-12-11;11;1150
26;2025-12-11;12;1195
26;2025-12-11;13;1195
26;2025-12-11;14;1366
26;2025-12-11;15;1440
26;2025-12-11;16;1526
26;2025-12-11;17;1770
26;2025-12-11;18;1962
26;2025-12-11;19;1296
26;2025-12-11;20;758
26;2025-12-11;21;498
26;2025-12-11;22;211
26;2025-12-11;23;128
26;2025-12-12;0;32
26;2025-12-12;1;1
26;2025-12-12;2;0
26;2025-12-12;3;0
26;2025-12-12;4;2
26;2025-12-12;5;99
26;2025-12-12;6;462
26;2025-12-12;7;1169
26;2025-12-12;8;2294
26;2025-12-12;9;1521
26;2025-12-12;10;1274
26;2025-12-12;11;1155
26;2025-12-12;12;1198
26;2025-12-12;13;1193
26;2025-12-12;14;1366
26;2025-12-12;15;1434
26;2025-12-12;16;1504
26;2025-12-12;17;1707
26;2025-12-12;18;1770
26;2025-12-12;19;1250
26;2025-12-12;20;755
26;2025-12-12;21;499
26;2025-12-12;22;212
26;2025-12-12;23;128
26;2025-12-13;0;54
26;2025-12-13;1;3
26;2025-12-13;2;0
26;2025-12-13;3;0
26;2025-12-13;4;2
26;2025-12-13;5;51
26;2025-12-13;6;247
26;2025-12-13;7;383
26;2025-12-13;8;646
26;2025-12-13;9;685
26;2025-12-13;10;817
26;2025-12-13;11;1002
26;2025-12-13;12;1046
26;2025-12-13;13;1020
26;2025-12-13;14;1098
26;2025-12-13;15;1003
26;2025-12-13;16;1032
26;2025-12-13;17;936
26;2025-12-13;18;895
26;2025-12-13;19;730
26;2025-12-13;20;506
26;2025-12-13;21;331
26;2025-12-13;22;194
26;2025-12-13;23;146
26;2025-12-14;0;46
26;2025-12-14;1;5
26;2025-12-14;2;0
26;2025-12-14;3;0
26;2025-12-14;4;1
26;2025-12-14;5;20
26;2025-12-14;6;161
26;2025-12-14;7;258
26;2025-12-14;8;388
26;2025-12-14;9;538
26;2025-12-14;10;617
26;2025-12-14;11;818
26;2025-12-14;12;790
26;2025-12-14;13;846
26;2025-12-14;14;830
26;2025-12-14;15;770
26;2025-12-14;16;768
26;2025-12-14;17;772
26;2025-12-14;18;717
26;2025-12-14;19;541
26;2025-12-14;20;409
26;2025-12-14;21;278
26;2025-12-14;22;155
26;2025-12-14;23;94
26;2025-12-15;0;32
26;2025-12-15;1;1
26;2025-12-15;2;0
26;2025-12-15;3;0
26;2025-12-15;4;2
26;2025-12-15;5;98
26;2025-12-15;6;457
26;2025-12-15;7;1155
26;2025-12-15;8;2321
26;2025-12-15;9;1508
26;2025-12-15;10;1249
26;2025-12-15;11;1125
26;2025-12-15;12;1173
26;2025-12-15;13;1168
26;2025-12-15;14;1339
26;2025-12-15;15;1404
26;2025-12-15;16;1493
26;2025-12-15;17;1734
26;2025-12-15;18;1934
26;2025-12-15;19;1274
26;2025-12-15;20;752
26;2025-12-15;21;492
26;2025-12-15;22;208
26;2025-12-15;23;125
26;2025-12-16;0;32
26;2025-12-16;1;1
26;2025-12-16;2;1
26;2025-12-16;3;0
26;2025-12-16;4;2
26;2025-12-16;5;100
26;2025-12-16;6;465
26;2025-12-16;7;1177
26;2025-12-16;8;2354
26;2025-12-16;9;1535
26;2025-12-16;10;1276
26;2025-12-16;11;1147
26;2025-12-16;12;1195
26;2025-12-16;13;1189
26;2025-12-16;14;1365
26;2025-12-16;15;1430
26;2025-12-16;16;1509
26;2025-12-16;17;1746
26;2025-12-16;18;1949
26;2025-12-16;19;1284
26;2025-12-16;20;761
26;2025-12-16;21;500
26;2025-12-16;22;212
26;2025-12-16;23;127
26;2025-12-17;0;32
26;2025-12-17;1;1
26;2025-12-17;2;1
26;2025-12-17;3;0
26;2025-12-17;4;2
26;2025-12-17;5;100
26;2025-12-17;6;466
26;2025-12-17;7;1183
26;2025-12-17;8;2364
26;2025-12-17;9;1544
26;2025-12-17;10;1284
26;2025-12-17;11;1166
26;2025-12-17;12;1208
26;2025-12-17;13;1203
26;2025-12-17;14;1379
26;2025-12-17;15;1447
26;2025-12-17;16;1532
26;2025-12-17;17;1771
26;2025-12-17;18;1962
26;2025-12-17;19;1298
26;2025-12-17;20;767
26;2025-12-17;21;505
26;2025-12-17;22;214
26;2025-12-17;23;130
26;2025-12-18;0;32
26;2025-12-18;1;1
26;2025-12-18;2;1
26;2025-12-18;3;0
26;2025-12-18;4;2
26;2025-12-18;5;100
26;2025-12-18;6;469
26;2025-12-18;7;1187
26;2025-12-18;8;2366
26;2025-12-18;9;1547
26;2025-12-18;10;1282
26;2025-12-18;11;1163
26;2025-12-18;12;1205
26;2025-12-18;13;1211
26;2025-12-18;14;1386
26;2025-12-18;15;1454
26;2025-12-18;16;1540
26;2025-12-18;17;1777
26;2025-12-18;18;1967
26;2025-12-18;19;1304
26;2025-12-18;20;770
26;2025-12-18;21;507
26;2025-12-18;22;215
26;2025-12-18;23;130
26;2025-12-19;0;32
26;2025-12-19;1;1
26;2025-12-19;2;1
26;2025-12-19;3;0
26;2025-12-19;4;2
26;2025-12-19;5;100
26;2025-12-19;6;465
26;2025-12-19;7;1178
26;2025-12-19;8;2310
26;2025-12-19;9;1540
26;2025-12-19;10;1282
26;2025-12-19;11;1166
26;2025-12-19;12;1211
26;2025-12-19;13;1204
26;2025-12-19;14;1382
26;2025-12-19;15;1452
26;2025-12-19;16;1532
26;2025-12-19;17;1769
26;2025-12-19;18;1788
26;2025-12-19;19;1266
26;2025-12-19;20;759
26;2025-12-19;21;501
26;2025-12-19;22;214
26;2025-12-19;23;129
26;2025-12-20;0;55
26;2025-12-20;1;3
26;2025-12-20;2;0
26;2025-12-20;3;0
26;2025-12-20;4;2
26;2025-12-20;5;52
26;2025-12-20;6;251
26;2025-12-20;7;390
26;2025-12-20;8;661
26;2025-12-20;9;700
26;2025-12-20;10;842
26;2025-12-20;11;1040
26;2025-12-20;12;1099
26;2025-12-20;13;1066
26;2025-12-20;14;1154
26;2025-12-20;15;1045
26;2025-12-20;16;1081
26;2025-12-20;17;964
26;2025-12-20;18;914
26;2025-12-20;19;742
26;2025-12-20;20;508
26;2025-12-20;21;333
26;2025-12-20;22;195
26;2025-12-20;23;148
26;2025-12-21;0;47
26;2025-12-21;1;5
26;2025-12-21;2;0
26;2025-12-21;3;0
26;2025-12-21;4;1
26;2025-12-21;5;20
26;2025-12-21;6;158
26;2025-12-21;7;259
26;2025-12-21;8;394
26;2025-12-21;9;548
26;2025-12-21;10;628
26;2025-12-21;11;831
26;2025-12-21;12;811
26;2025-12-21;13;879
26;2025-12-21;14;859
26;2025-12-21;15;790
26;2025-12-21;16;775
26;2025-12-21;17;779
26;2025-12-21;18;725
26;2025-12-21;19;542
26;2025-12-21;20;409
26;2025-12-21;21;280
26;2025-12-21;22;155
26;2025-12-21;23;95
26;2025-12-22;0;32
26;2025-12-22;1;1
26;2025-12-22;2;0
26;2025-12-22;3;0
26;2025-12-22;4;2
26;2025-12-22;5;99
26;2025-12-22;6;460
26;2025-12-22;7;1164
26;2025-12-22;8;2341
26;2025-12-22;9;1516
26;2025-12-22;10;1257
26;2025-12-22;11;1128
26;2025-12-22;12;1169
26;2025-12-22;13;1158
26;2025-12-22;14;1321
26;2025-12-22;15;1398
26;2025-12-22;16;1475
26;2025-12-22;17;1716
26;2025-12-22;18;1922
26;2025-12-22;19;1267
26;2025-12-22;20;752
26;2025-12-22;21;494
26;2025-12-22;22;209
26;2025-12-22;23;125
26;2025-12-23;0;32
26;2025-12-23;1;1
26;2025-12-23;2;0
26;2025-12-23;3;0
26;2025-12-23;4;2
26;2025-12-23;5;99
26;2025-12-23;6;463
26;2025-12-23;7;1161
26;2025-12-23;8;2301
26;2025-12-23;9;1507
26;2025-12-23;10;1258
26;2025-12-23;11;1142
26;2025-12-23;12;1182
26;2025-12-23;13;1177
26;2025-12-23;14;1353
26;2025-12-23;15;1421
26;2025-12-23;16;1503
26;2025-12-23;17;1739
26;2025-12-23;18;1934
26;2025-12-23;19;1283
26;2025-12-23;20;758
26;2025-12-23;21;498
26;2025-12-23;22;210
26;2025-12-23;23;126
26;2025-12-24;0;32
26;2025-12-24;1;1
26;2025-12-24;2;0
26;2025-12-24;3;0
26;2025-12-24;4;2
26;2025-12-24;5;99
26;2025-12-24;6;461
26;2025-12-24;7;1168
26;2025-12-24;8;2327
26;2025-12-24;9;1520
26;2025-12-24;10;1264
26;2025-12-24;11;1141
26;2025-12-24;12;1185
26;2025-12-24;13;1173
26;2025-12-24;14;1344
26;2025-12-24;15;1415
26;2025-12-24;16;1499
26;2025-12-24;17;1736
26;2025-12-24;18;1927
26;2025-12-24;19;1273
26;2025-12-24;20;755
26;2025-12-24;21;497
26;2025-12-24;22;211
26;2025-12-24;23;128
26;2025-12-25;0;32
26;2025-12-25;1;1
26;2025-12-25;2;1
26;2025-12-25;3;0
26;2025-12-25;4;2
26;2025-12-25;5;100
26;2025-12-25;6;468
26;2025-12-25;7;1180
26;2025-12-25;8;2369
26;2025-12-25;9;1532
26;2025-12-25;10;1277
26;2025-12-25;11;1150
26;2025-12-25;12;1199
26;2025-12-25;13;1194
26;2025-12-25;14;1363
26;2025-12-25;15;1430
26;2025-12-25;16;1515
26;2025-12-25;17;1746
26;2025-12-25;18;1938
26;2025-12-25;19;1285
26;2025-12-25;20;766
26;2025-12-25;21;504
26;2025-12-25;22;214
26;2025-12-25;23;130
26;2025-12-26;0;32
26;2025-12-26;1;1
26;2025-12-26;2;0
26;2025-12-26;3;0
26;2025-12-26;4;2
26;2025-12-26;5;98
26;2025-12-26;6;457
26;2025-12-26;7;1149
26;2025-12-26;8;2227
26;2025-12-26;9;1477
26;2025-12-26;10;1231
26;2025-12-26;11;1111
26;2025-12-26;12;1152
26;2025-12-26;13;1147
26;2025-12-26;14;1317
26;2025-12-26;15;1384
26;2025-12-26;16;1453
26;2025-12-26;17;1665
26;2025-12-26;18;1760
26;2025-12-26;19;1238
26;2025-12-26;20;739
26;2025-12-26;21;490
26;2025-12-26;22;209
26;2025-12-26;23;126
26;2025-12-27;0;54
26;2025-12-27;1;3
26;2025-12-27;2;0
26;2025-12-27;3;0
26;2025-12-27;4;2
26;2025-12-27;5;51
26;2025-12-27;6;247
26;2025-12-27;7;384
26;2025-12-27;8;655
26;2025-12-27;9;696
26;2025-12-27;10;835
26;2025-12-27;11;1026
26;2025-12-27;12;1085
26;2025-12-27;13;1051
26;2025-12-27;14;1143
26;2025-12-27;15;1031
26;2025-12-27;16;1070
26;2025-12-27;17;956
26;2025-12-27;18;908
26;2025-12-27;19;739
26;2025-12-27;20;511
26;2025-12-27;21;333
26;2025-12-27;22;191
26;2025-12-27;23;147
26;2025-12-28;0;47
26;2025-12-28;1;5
26;2025-12-28;2;0
26;2025-12-28;3;0
26;2025-12-28;4;1
26;2025-12-28;5;20
26;2025-12-28;6;160
26;2025-12-28;7;252
26;2025-12-28;8;381
26;2025-12-28;9;538
26;2025-12-28;10;620
26;2025-12-28;11;820
26;2025-12-28;12;804
26;2025-12-28;13;866
26;2025-12-28;14;846
26;2025-12-28;15;778
26;2025-12-28;16;769
26;2025-12-28;17;773
26;2025-12-28;18;719
26;2025-12-28;19;536
26;2025-12-28;20;409
26;2025-12-28;21;278
26;2025-12-28;22;155
26;2025-12-28;23;94
26;2025-12-29;0;32
26;2025-12-29;1;1
26;2025-12-29;2;0
26;2025-12-29;3;0
26;2025-12-29;4;2
26;2025-12-29;5;99
26;2025-12-29;6;460
26;2025-12-29;7;1164
26;2025-12-29;8;2341
26;2025-12-29;9;1516
26;2025-12-29;10;1257
26;2025-12-29;11;1129
26;2025-12-29;12;1179
26;2025-12-29;13;1174
26;2025-12-29;14;1346
26;2025-12-29;15;1410
26;2025-12-29;16;1500
26;2025-12-29;17;1742
26;2025-12-29;18;1945
26;2025-12-29;19;1278
26;2025-12-29;20;756
26;2025-12-29;21;495
26;2025-12-29;22;209
26;2025-12-29;23;125
26;2025-12-30;0;32
26;2025-12-30;1;1
26;2025-12-30;2;1
26;2025-12-30;3;0
26;2025-12-30;4;2
26;2025-12-30;5;100
26;2025-12-30;6;465
26;2025-12-30;7;1177
26;2025-12-30;8;2348
26;2025-12-30;9;1538
26;2025-12-30;10;1279
26;2025-12-30;11;1152
26;2025-12-30;12;1199
26;2025-12-30;13;1193
26;2025-12-30;14;1371
26;2025-12-30;15;1438
26;2025-12-30;16;1520
26;2025-12-30;17;1754
26;2025-12-30;18;1866
26;2025-12-30;19;1268
26;2025-12-30;20;758
26;2025-12-30;21;500
26;2025-12-30;22;212
26;2025-12-30;23;127
26;2025-12-31;0;48
26;2025-12-31;1;5
26;2025-12-31;2;0
26;2025-12-31;3;0
26;2025-12-31;4;1
26;2025-12-31;5;21
26;2025-12-31;6;165
26;2025-12-31;7;263
26;2025-12-31;8;390
26;2025-12-31;9;535
26;2025-12-31;10;611
26;2025-12-31;11;812
26;2025-12-31;12;802
26;2025-12-31;13;863
26;2025-12-31;14;840
26;2025-12-31;15;769
26;2025-12-31;16;758
26;2025-12-31;17;760
26;2025-12-31;18;714
26;2025-12-31;19;528
26;2025-12-31;20;419
26;2025-12-31;21;286
26;2025-12-31;22;159
26;2025-12-31;23;97
28;2025-11-01;0;3
28;2025-11-01;1;1
28;2025-11-01;2;0
28;2025-11-01;3;0
28;2025-11-01;4;2
28;2025-11-01;5;76
28;2025-11-01;6;255
28;2025-11-01;7;846
28;2025-11-01;8;1346
28;2025-11-01;9;862
28;2025-11-01;10;635
28;2025-11-01;11;590
28;2025-11-01;12;734
28;2025-11-01;13;710
28;2025-11-01;14;680
28;2025-11-01;15;718
28;2025-11-01;16;951
28;2025-11-01;17;1061
28;2025-11-01;18;994
28;2025-11-01;19;796
28;2025-11-01;20;524
28;2025-11-01;21;306
28;2025-11-01;22;114
28;2025-11-01;23;13
28;2025-11-02;0;0
28;2025-11-02;1;0
28;2025-11-02;2;0
28;2025-11-02;3;0
28;2025-11-02;4;0
28;2025-11-02;5;32
28;2025-11-02;6;82
28;2025-11-02;7;166
28;2025-11-02;8;260
28;2025-11-02;9;386
28;2025-11-02;10;424
28;2025-11-02;11;445
28;2025-11-02;12;456
28;2025-11-02;13;572
28;2025-11-02;14;528
28;2025-11-02;15;536
28;2025-11-02;16;467
28;2025-11-02;17;503
28;2025-11-02;18;426
28;2025-11-02;19;412
28;2025-11-02;20;289
28;2025-11-02;21;234
28;2025-11-02;22;105
28;2025-11-02;23;15
28;2025-11-03;0;0
28;2025-11-03;1;0
28;2025-11-03;2;0
28;2025-11-03;3;0
28;2025-11-03;4;0
28;2025-11-03;5;31
28;2025-11-03;6;80
28;2025-11-03;7;163
28;2025-11-03;8;258
28;2025-11-03;9;364
28;2025-11-03;10;411
28;2025-11-03;11;424
28;2025-11-03;12;433
28;2025-11-03;13;550
28;2025-11-03;14;504
28;2025-11-03;15;511
28;2025-11-03;16;443
28;2025-11-03;17;484
28;2025-11-03;18;402
28;2025-11-03;19;385
28;2025-11-03;20;282
28;2025-11-03;21;227
28;2025-11-03;22;102
28;2025-11-03;23;15
28;2025-11-04;0;0
28;2025-11-04;1;0
28;2025-11-04;2;0
28;2025-11-04;3;0
28;2025-11-04;4;0
28;2025-11-04;5;32
28;2025-11-04;6;81
28;2025-11-04;7;166
28;2025-11-04;8;260
28;2025-11-04;9;368
28;2025-11-04;10;414
28;2025-11-04;11;432
28;2025-11-04;12;443
28;2025-11-04;13;570
28;2025-11-04;14;527
28;2025-11-04;15;535
28;2025-11-04;16;460
28;2025-11-04;17;495
28;2025-11-04;18;410
28;2025-11-04;19;395
28;2025-11-04;20;289
28;2025-11-04;21;234
28;2025-11-04;22;104
28;2025-11-04;23;15
28;2025-11-05;0;4
28;2025-11-05;1;1
28;2025-11-05;2;0
28;2025-11-05;3;0
28;2025-11-05;4;2
28;2025-11-05;5;81
28;2025-11-05;6;271
28;2025-11-05;7;883
28;2025-11-05;8;1496
28;2025-11-05;9;930
28;2025-11-05;10;689
28;2025-11-05;11;631
28;2025-11-05;12;780
28;2025-11-05;13;759
28;2025-11-05;14;733
28;2025-11-05;15;774
28;2025-11-05;16;1023
28;2025-11-05;17;1149
28;2025-11-05;18;1097
28;2025-11-05;19;823
28;2025-11-05;20;556
28;2025-11-05;21;322
28;2025-11-05;22;119
28;2025-11-05;23;14
28;2025-11-06;0;4
28;2025-11-06;1;1
28;2025-11-06;2;0
28;2025-11-06;3;0
28;2025-11-06;4;2
28;2025-11-06;5;81
28;2025-11-06;6;269
28;2025-11-06;7;875
28;2025-11-06;8;1515
28;2025-11-06;9;922
28;2025-11-06;10;684
28;2025-11-06;11;628
28;2025-11-06;12;778
28;2025-11-06;13;755
28;2025-11-06;14;727
28;2025-11-06;15;758
28;2025-11-06;16;1003
28;2025-11-06;17;1129
28;2025-11-06;18;1077
28;2025-11-06;19;810
28;2025-11-06;20;548
28;2025-11-06;21;319
28;2025-11-06;22;118
28;2025-11-06;23;14
28;2025-11-07;0;4
28;2025-11-07;1;1
28;2025-11-07;2;0
28;2025-11-07;3;0
28;2025-11-07;4;2
28;2025-11-07;5;82
28;2025-11-07;6;275
28;2025-11-07;7;892
28;2025-11-07;8;1494
28;2025-11-07;9;938
28;2025-11-07;10;702
28;2025-11-07;11;651
28;2025-11-07;12;798
28;2025-11-07;13;774
28;2025-11-07;14;743
28;2025-11-07;15;785
28;2025-11-07;16;1028
28;2025-11-07;17;1162
28;2025-11-07;18;1060
28;2025-11-07;19;807
28;2025-11-07;20;558
28;2025-11-07;21;323
28;2025-11-07;22;120
28;2025-11-07;23;14
28;2025-11-08;0;1
28;2025-11-08;1;0
28;2025-11-08;2;0
28;2025-11-08;3;0
28;2025-11-08;4;1
28;2025-11-08;5;42
28;2025-11-08;6;108
28;2025-11-08;7;248
28;2025-11-08;8;445
28;2025-11-08;9;492
28;2025-11-08;10;522
28;2025-11-08;11;522
28;2025-11-08;12;606
28;2025-11-08;13;602
28;2025-11-08;14;620
28;2025-11-08;15;637
28;2025-11-08;16;583
28;2025-11-08;17;580
28;2025-11-08;18;506
28;2025-11-08;19;406
28;2025-11-08;20;270
28;2025-11-08;21;241
28;2025-11-08;22;93
28;2025-11-08;23;9
28;2025-11-09;0;0
28;2025-11-09;1;0
28;2025-11-09;2;0
28;2025-11-09;3;0
28;2025-11-09;4;0
28;2025-11-09;5;31
28;2025-11-09;6;80
28;2025-11-09;7;164
28;2025-11-09;8;265
28;2025-11-09;9;392
28;2025-11-09;10;429
28;2025-11-09;11;450
28;2025-11-09;12;461
28;2025-11-09;13;580
28;2025-11-09;14;532
28;2025-11-09;15;540
28;2025-11-09;16;473
28;2025-11-09;17;509
28;2025-11-09;18;429
28;2025-11-09;19;412
28;2025-11-09;20;288
28;2025-11-09;21;233
28;2025-11-09;22;103
28;2025-11-09;23;15
28;2025-11-10;0;3
28;2025-11-10;1;1
28;2025-11-10;2;0
28;2025-11-10;3;0
28;2025-11-10;4;2
28;2025-11-10;5;80
28;2025-11-10;6;268
28;2025-11-10;7;878
28;2025-11-10;8;1484
28;2025-11-10;9;923
28;2025-11-10;10;680
28;2025-11-10;11;628
28;2025-11-10;12;781
28;2025-11-10;13;756
28;2025-11-10;14;727
28;2025-11-10;15;766
28;2025-11-10;16;1010
28;2025-11-10;17;1142
28;2025-11-10;18;1100
28;2025-11-10;19;822
28;2025-11-10;20;555
28;2025-11-10;21;319
28;2025-11-10;22;118
28;2025-11-10;23;14
28;2025-11-11;0;4
28;2025-11-11;1;1
28;2025-11-11;2;0
28;2025-11-11;3;0
28;2025-11-11;4;2
28;2025-11-11;5;82
28;2025-11-11;6;272
28;2025-11-11;7;889
28;2025-11-11;8;1507
28;2025-11-11;9;938
28;2025-11-11;10;695
28;2025-11-11;11;645
28;2025-11-11;12;797
28;2025-11-11;13;772
28;2025-11-11;14;739
28;2025-11-11;15;777
28;2025-11-11;16;1026
28;2025-11-11;17;1157
28;2025-11-11;18;1110
28;2025-11-11;19;832
28;2025-11-11;20;563
28;2025-11-11;21;326
28;2025-11-11;22;120
28;2025-11-11;23;14
28;2025-11-12;0;4
28;2025-11-12;1;1
28;2025-11-12;2;0
28;2025-11-12;3;0
28;2025-11-12;4;2
28;2025-11-12;5;81
28;2025-11-12;6;271
28;2025-11-12;7;878
28;2025-11-12;8;1485
28;2025-11-12;9;926
28;2025-11-12;10;687
28;2025-11-12;11;632
28;2025-11-12;12;783
28;2025-11-12;13;758
28;2025-11-12;14;729
28;2025-11-12;15;766
28;2025-11-12;16;1010
28;2025-11-12;17;1138
28;2025-11-12;18;1094
28;2025-11-12;19;821
28;2025-11-12;20;559
28;2025-11-12;21;323
28;2025-11-12;22;119
28;2025-11-12;23;14
28;2025-11-13;0;4
28;2025-11-13;1;1
28;2025-11-13;2;0
28;2025-11-13;3;0
28;2025-11-13;4;2
28;2025-11-13;5;81
28;2025-11-13;6;271
28;2025-11-13;7;884
28;2025-11-13;8;1509
28;2025-11-13;9;932
28;2025-11-13;10;691
28;2025-11-13;11;639
28;2025-11-13;12;790
28;2025-11-13;13;763
28;2025-11-13;14;733
28;2025-11-13;15;771
28;2025-11-13;16;1013
28;2025-11-13;17;1139
28;2025-11-13;18;1094
28;2025-11-13;19;818
28;2025-11-13;20;555
28;2025-11-13;21;321
28;2025-11-13;22;119
28;2025-11-13;23;14
28;2025-11-14;0;3
28;2025-11-14;1;1
28;2025-11-14;2;0
28;2025-11-14;3;0
28;2025-11-14;4;2
28;2025-11-14;5;80
28;2025-11-14;6;268
28;2025-11-14;7;865
28;2025-11-14;8;1438
28;2025-11-14;9;911
28;2025-11-14;10;679
28;2025-11-14;11;630
28;2025-11-14;12;778
28;2025-11-14;13;752
28;2025-11-14;14;722
28;2025-11-14;15;764
28;2025-11-14;16;1004
28;2025-11-14;17;1114
28;2025-11-14;18;1036
28;2025-11-14;19;800
28;2025-11-14;20;550
28;2025-11-14;21;319
28;2025-11-14;22;119
28;2025-11-14;23;14
28;2025-11-15;0;1
28;2025-11-15;1;0
28;2025-11-15;2;0
28;2025-11-15;3;0
28;2025-11-15;4;1
28;2025-11-15;5;40
28;2025-11-15;6;105
28;2025-11-15;7;241
28;2025-11-15;8;424
28;2025-11-15;9;472
28;2025-11-15;10;496
28;2025-11-15;11;491
28;2025-11-15;12;576
28;2025-11-15;13;572
28;2025-11-15;14;583
28;2025-11-15;15;597
28;2025-11-15;16;548
28;2025-11-15;17;542
28;2025-11-15;18;481
28;2025-11-15;19;386
28;2025-11-15;20;263
28;2025-11-15;21;237
28;2025-11-15;22;91
28;2025-11-15;23;9
28;2025-11-16;0;0
28;2025-11-16;1;0
28;2025-11-16;2;0
28;2025-11-16;3;0
28;2025-11-16;4;0
28;2025-11-16;5;31
28;2025-11-16;6;80
28;2025-11-16;7;163
28;2025-11-16;8;262
28;2025-11-16;9;388
28;2025-11-16;10;426
28;2025-11-16;11;447
28;2025-11-16;12;459
28;2025-11-16;13;577
28;2025-11-16;14;530
28;2025-11-16;15;539
28;2025-11-16;16;469
28;2025-11-16;17;504
28;2025-11-16;18;426
28;2025-11-16;19;412
28;2025-11-16;20;290
28;2025-11-16;21;235
28;2025-11-16;22;104
28;2025-11-16;23;15
28;2025-11-17;0;3
28;2025-11-17;1;1
28;2025-11-17;2;0
28;2025-11-17;3;0
28;2025-11-17;4;2
28;2025-11-17;5;80
28;2025-11-17;6;267
28;2025-11-17;7;860
28;2025-11-17;8;1458
28;2025-11-17;9;903
28;2025-11-17;10;666
28;2025-11-17;11;613
28;2025-11-17;12;762
28;2025-11-17;13;737
28;2025-11-17;14;709
28;2025-11-17;15;747
28;2025-11-17;16;983
28;2025-11-17;17;1112
28;2025-11-17;18;1079
28;2025-11-17;19;817
28;2025-11-17;20;556
28;2025-11-17;21;320
28;2025-11-17;22;118
28;2025-11-17;23;14
28;2025-11-18;0;3
28;2025-11-18;1;1
28;2025-11-18;2;0
28;2025-11-18;3;0
28;2025-11-18;4;2
28;2025-11-18;5;79
28;2025-11-18;6;261
28;2025-11-18;7;839
28;2025-11-18;8;1453
28;2025-11-18;9;878
28;2025-11-18;10;650
28;2025-11-18;11;600
28;2025-11-18;12;740
28;2025-11-18;13;717
28;2025-11-18;14;687
28;2025-11-18;15;723
28;2025-11-18;16;958
28;2025-11-18;17;1078
28;2025-11-18;18;1037
28;2025-11-18;19;783
28;2025-11-18;20;536
28;2025-11-18;21;310
28;2025-11-18;22;113
28;2025-11-18;23;14
28;2025-11-19;0;4
28;2025-11-19;1;1
28;2025-11-19;2;0
28;2025-11-19;3;0
28;2025-11-19;4;2
28;2025-11-19;5;81
28;2025-11-19;6;271
28;2025-11-19;7;884
28;2025-11-19;8;1489
28;2025-11-19;9;928
28;2025-11-19;10;685
28;2025-11-19;11;634
28;2025-11-19;12;786
28;2025-11-19;13;762
28;2025-11-19;14;731
28;2025-11-19;15;769
28;2025-11-19;16;1014
28;2025-11-19;17;1143
28;2025-11-19;18;1100
28;2025-11-19;19;833
28;2025-11-19;20;567
28;2025-11-19;21;329
28;2025-11-19;22;121
28;2025-11-19;23;15
28;2025-11-20;0;4
28;2025-11-20;1;1
28;2025-11-20;2;0
28;2025-11-20;3;0
28;2025-11-20;4;2
28;2025-11-20;5;81
28;2025-11-20;6;271
28;2025-11-20;7;884
28;2025-11-20;8;1492
28;2025-11-20;9;932
28;2025-11-20;10;691
28;2025-11-20;11;639
28;2025-11-20;12;790
28;2025-11-20;13;763
28;2025-11-20;14;733
28;2025-11-20;15;771
28;2025-11-20;16;1020
28;2025-11-20;17;1149
28;2025-11-20;18;1104
28;2025-11-20;19;826
28;2025-11-20;20;561
28;2025-11-20;21;324
28;2025-11-20;22;120
28;2025-11-20;23;14
28;2025-11-21;0;4
28;2025-11-21;1;1
28;2025-11-21;2;0
28;2025-11-21;3;0
28;2025-11-21;4;2
28;2025-11-21;5;81
28;2025-11-21;6;270
28;2025-11-21;7;876
28;2025-11-21;8;1438
28;2025-11-21;9;921
28;2025-11-21;10;685
28;2025-11-21;11;634
28;2025-11-21;12;784
28;2025-11-21;13;759
28;2025-11-21;14;729
28;2025-11-21;15;768
28;2025-11-21;16;1008
28;2025-11-21;17;1129
28;2025-11-21;18;1049
28;2025-11-21;19;808
28;2025-11-21;20;559
28;2025-11-21;21;326
28;2025-11-21;22;121
28;2025-11-21;23;15
28;2025-11-22;0;1
28;2025-11-22;1;0
28;2025-11-22;2;0
28;2025-11-22;3;0
28;2025-11-22;4;1
28;2025-11-22;5;41
28;2025-11-22;6;107
28;2025-11-22;7;250
28;2025-11-22;8;446
28;2025-11-22;9;494
28;2025-11-22;10;525
28;2025-11-22;11;520
28;2025-11-22;12;611
28;2025-11-22;13;600
28;2025-11-22;14;614
28;2025-11-22;15;626
28;2025-11-22;16;576
28;2025-11-22;17;572
28;2025-11-22;18;503
28;2025-11-22;19;401
28;2025-11-22;20;270
28;2025-11-22;21;236
28;2025-11-22;22;92
28;2025-11-22;23;9
28;2025-11-23;0;0
28;2025-11-23;1;0
28;2025-11-23;2;0
28;2025-11-23;3;0
28;2025-11-23;4;0
28;2025-11-23;5;31
28;2025-11-23;6;79
28;2025-11-23;7;162
28;2025-11-23;8;261
28;2025-11-23;9;386
28;2025-11-23;10;423
28;2025-11-23;11;445
28;2025-11-23;12;456
28;2025-11-23;13;573
28;2025-11-23;14;528
28;2025-11-23;15;536
28;2025-11-23;16;467
28;2025-11-23;17;503
28;2025-11-23;18;425
28;2025-11-23;19;411
28;2025-11-23;20;289
28;2025-11-23;21;234
28;2025-11-23;22;103
28;2025-11-23;23;15
28;2025-11-24;0;3
28;2025-11-24;1;1
28;2025-11-24;2;0
28;2025-11-24;3;0
28;2025-11-24;4;2
28;2025-11-24;5;80
28;2025-11-24;6;265
28;2025-11-24;7;853
28;2025-11-24;8;1453
28;2025-11-24;9;897
28;2025-11-24;10;658
28;2025-11-24;11;604
28;2025-11-24;12;753
28;2025-11-24;13;727
28;2025-11-24;14;697
28;2025-11-24;15;737
28;2025-11-24;16;967
28;2025-11-24;17;1093
28;2025-11-24;18;1062
28;2025-11-24;19;796
28;2025-11-24;20;542
28;2025-11-24;21;312
28;2025-11-24;22;114
28;2025-11-24;23;14
28;2025-11-25;0;4
28;2025-11-25;1;1
28;2025-11-25;2;0
28;2025-11-25;3;0
28;2025-11-25;4;2
28;2025-11-25;5;81
28;2025-11-25;6;271
28;2025-11-25;7;879
28;2025-11-25;8;1497
28;2025-11-25;9;926
28;2025-11-25;10;687
28;2025-11-25;11;637
28;2025-11-25;12;786
28;2025-11-25;13;763
28;2025-11-25;14;732
28;2025-11-25;15;769
28;2025-11-25;16;1013
28;2025-11-25;17;1142
28;2025-11-25;18;1097
28;2025-11-25;19;831
28;2025-11-25;20;566
28;2025-11-25;21;327
28;2025-11-25;22;120
28;2025-11-25;23;15
28;2025-11-26;0;4
28;2025-11-26;1;1
28;2025-11-26;2;0
28;2025-11-26;3;0
28;2025-11-26;4;2
28;2025-11-26;5;81
28;2025-11-26;6;271
28;2025-11-26;7;876
28;2025-11-26;8;1480
28;2025-11-26;9;918
28;2025-11-26;10;681
28;2025-11-26;11;626
28;2025-11-26;12;774
28;2025-11-26;13;751
28;2025-11-26;14;718
28;2025-11-26;15;756
28;2025-11-26;16;998
28;2025-11-26;17;1126
28;2025-11-26;18;1090
28;2025-11-26;19;824
28;2025-11-26;20;563
28;2025-11-26;21;327
28;2025-11-26;22;120
28;2025-11-26;23;15
28;2025-11-27;0;4
28;2025-11-27;1;1
28;2025-11-27;2;0
28;2025-11-27;3;0
28;2025-11-27;4;2
28;2025-11-27;5;81
28;2025-11-27;6;271
28;2025-11-27;7;884
28;2025-11-27;8;1507
28;2025-11-27;9;926
28;2025-11-27;10;686
28;2025-11-27;11;632
28;2025-11-27;12;783
28;2025-11-27;13;758
28;2025-11-27;14;728
28;2025-11-27;15;765
28;2025-11-27;16;1011
28;2025-11-27;17;1140
28;2025-11-27;18;1093
28;2025-11-27;19;821
28;2025-11-27;20;556
28;2025-11-27;21;322
28;2025-11-27;22;119
28;2025-11-27;23;14
28;2025-11-28;0;4
28;2025-11-28;1;1
28;2025-11-28;2;0
28;2025-11-28;3;0
28;2025-11-28;4;2
28;2025-11-28;5;81
28;2025-11-28;6;270
28;2025-11-28;7;876
28;2025-11-28;8;1463
28;2025-11-28;9;923
28;2025-11-28;10;688
28;2025-11-28;11;636
28;2025-11-28;12;783
28;2025-11-28;13;762
28;2025-11-28;14;733
28;2025-11-28;15;772
28;2025-11-28;16;1014
28;2025-11-28;17;1141
28;2025-11-28;18;1057
28;2025-11-28;19;802
28;2025-11-28;20;550
28;2025-11-28;21;320
28;2025-11-28;22;119
28;2025-11-28;23;14
28;2025-11-29;0;1
28;2025-11-29;1;0
28;2025-11-29;2;0
28;2025-11-29;3;0
28;2025-11-29;4;1
28;2025-11-29;5;42
28;2025-11-29;6;109
28;2025-11-29;7;251
28;2025-11-29;8;450
28;2025-11-29;9;498
28;2025-11-29;10;528
28;2025-11-29;11;525
28;2025-11-29;12;623
28;2025-11-29;13;609
28;2025-11-29;14;624
28;2025-11-29;15;637
28;2025-11-29;16;585
28;2025-11-29;17;581
28;2025-11-29;18;510
28;2025-11-29;19;410
28;2025-11-29;20;273
28;2025-11-29;21;244
28;2025-11-29;22;94
28;2025-11-29;23;9
28;2025-11-30;0;0
28;2025-11-30;1;0
28;2025-11-30;2;0
28;2025-11-30;3;0
28;2025-11-30;4;0
28;2025-11-30;5;31
28;2025-11-30;6;80
28;2025-11-30;7;163
28;2025-11-30;8;263
28;2025-11-30;9;391
28;2025-11-30;10;428
28;2025-11-30;11;449
28;2025-11-30;12;461
28;2025-11-30;13;580
28;2025-11-30;14;533
28;2025-11-30;15;541
28;2025-11-30;16;471
28;2025-11-30;17;508
28;2025-11-30;18;429
28;2025-11-30;19;412
28;2025-11-30;20;288
28;2025-11-30;21;232
28;2025-11-30;22;103
28;2025-11-30;23;15
28;2025-12-01;0;4
28;2025-12-01;1;1
28;2025-12-01;2;0
28;2025-12-01;3;0
28;2025-12-01;4;2
28;2025-12-01;5;76
28;2025-12-01;6;255
28;2025-12-01;7;835
28;2025-12-01;8;1408
28;2025-12-01;9;878
28;2025-12-01;10;647
28;2025-12-01;11;597
28;2025-12-01;12;743
28;2025-12-01;13;719
28;2025-12-01;14;691
28;2025-12-01;15;728
28;2025-12-01;16;958
28;2025-12-01;17;1084
28;2025-12-01;18;1046
28;2025-12-01;19;782
28;2025-12-01;20;528
28;2025-12-01;21;304
28;2025-12-01;22;112
28;2025-12-01;23;13
28;2025-12-02;0;4
28;2025-12-02;1;1
28;2025-12-02;2;0
28;2025-12-02;3;0
28;2025-12-02;4;2
28;2025-12-02;5;77
28;2025-12-02;6;259
28;2025-12-02;7;845
28;2025-12-02;8;1434
28;2025-12-02;9;891
28;2025-12-02;10;661
28;2025-12-02;11;612
28;2025-12-02;12;757
28;2025-12-02;13;733
28;2025-12-02;14;702
28;2025-12-02;15;739
28;2025-12-02;16;974
28;2025-12-02;17;1099
28;2025-12-02;18;1054
28;2025-12-02;19;791
28;2025-12-02;20;535
28;2025-12-02;21;309
28;2025-12-02;22;113
28;2025-12-02;23;13
28;2025-12-03;0;4
28;2025-12-03;1;1
28;2025-12-03;2;0
28;2025-12-03;3;0
28;2025-12-03;4;2
28;2025-12-03;5;78
28;2025-12-03;6;259
28;2025-12-03;7;847
28;2025-12-03;8;1423
28;2025-12-03;9;894
28;2025-12-03;10;663
28;2025-12-03;11;614
28;2025-12-03;12;758
28;2025-12-03;13;734
28;2025-12-03;14;703
28;2025-12-03;15;741
28;2025-12-03;16;977
28;2025-12-03;17;1101
28;2025-12-03;18;1057
28;2025-12-03;19;792
28;2025-12-03;20;536
28;2025-12-03;21;310
28;2025-12-03;22;114
28;2025-12-03;23;13
28;2025-12-04;0;4
28;2025-12-04;1;1
28;2025-12-04;2;0
28;2025-12-04;3;0
28;2025-12-04;4;2
28;2025-12-04;5;78
28;2025-12-04;6;259
28;2025-12-04;7;847
28;2025-12-04;8;1436
28;2025-12-04;9;893
28;2025-12-04;10;662
28;2025-12-04;11;612
28;2025-12-04;12;757
28;2025-12-04;13;733
28;2025-12-04;14;704
28;2025-12-04;15;740
28;2025-12-04;16;976
28;2025-12-04;17;1100
28;2025-12-04;18;1056
28;2025-12-04;19;791
28;2025-12-04;20;536
28;2025-12-04;21;310
28;2025-12-04;22;114
28;2025-12-04;23;14
28;2025-12-05;0;4
28;2025-12-05;1;1
28;2025-12-05;2;0
28;2025-12-05;3;0
28;2025-12-05;4;2
28;2025-12-05;5;77
28;2025-12-05;6;258
28;2025-12-05;7;842
28;2025-12-05;8;1387
28;2025-12-05;9;889
28;2025-12-05;10;660
28;2025-12-05;11;614
28;2025-12-05;12;759
28;2025-12-05;13;736
28;2025-12-05;14;707
28;2025-12-05;15;746
28;2025-12-05;16;978
28;2025-12-05;17;1099
28;2025-12-05;18;1014
28;2025-12-05;19;772
28;2025-12-05;20;530
28;2025-12-05;21;308
28;2025-12-05;22;114
28;2025-12-05;23;13
28;2025-12-06;0;1
28;2025-12-06;1;0
28;2025-12-06;2;0
28;2025-12-06;3;0
28;2025-12-06;4;1
28;2025-12-06;5;42
28;2025-12-06;6;109
28;2025-12-06;7;251
28;2025-12-06;8;451
28;2025-12-06;9;499
28;2025-12-06;10;530
28;2025-12-06;11;527
28;2025-12-06;12;624
28;2025-12-06;13;612
28;2025-12-06;14;628
28;2025-12-06;15;641
28;2025-12-06;16;586
28;2025-12-06;17;582
28;2025-12-06;18;511
28;2025-12-06;19;411
28;2025-12-06;20;273
28;2025-12-06;21;244
28;2025-12-06;22;94
28;2025-12-06;23;9
28;2025-12-07;0;0
28;2025-12-07;1;0
28;2025-12-07;2;0
28;2025-12-07;3;0
28;2025-12-07;4;0
28;2025-12-07;5;31
28;2025-12-07;6;80
28;2025-12-07;7;165
28;2025-12-07;8;266
28;2025-12-07;9;394
28;2025-12-07;10;432
28;2025-12-07;11;453
28;2025-12-07;12;464
28;2025-12-07;13;585
28;2025-12-07;14;538
28;2025-12-07;15;547
28;2025-12-07;16;476
28;2025-12-07;17;513
28;2025-12-07;18;432
28;2025-12-07;19;415
28;2025-12-07;20;291
28;2025-12-07;21;235
28;2025-12-07;22;104
28;2025-12-07;23;15
28;2025-12-08;0;3
28;2025-12-08;1;1
28;2025-12-08;2;0
28;2025-12-08;3;0
28;2025-12-08;4;2
28;2025-12-08;5;76
28;2025-12-08;6;255
28;2025-12-08;7;835
28;2025-12-08;8;1409
28;2025-12-08;9;878
28;2025-12-08;10;647
28;2025-12-08;11;597
28;2025-12-08;12;741
28;2025-12-08;13;715
28;2025-12-08;14;688
28;2025-12-08;15;728
28;2025-12-08;16;958
28;2025-12-08;17;1080
28;2025-12-08;18;1042
28;2025-12-08;19;781
28;2025-12-08;20;528
28;2025-12-08;21;304
28;2025-12-08;22;111
28;2025-12-08;23;13
28;2025-12-09;0;4
28;2025-12-09;1;1
28;2025-12-09;2;0
28;2025-12-09;3;0
28;2025-12-09;4;2
28;2025-12-09;5;76
28;2025-12-09;6;256
28;2025-12-09;7;827
28;2025-12-09;8;1404
28;2025-12-09;9;870
28;2025-12-09;10;644
28;2025-12-09;11;596
28;2025-12-09;12;731
28;2025-12-09;13;710
28;2025-12-09;14;682
28;2025-12-09;15;718
28;2025-12-09;16;952
28;2025-12-09;17;1064
28;2025-12-09;18;1025
28;2025-12-09;19;776
28;2025-12-09;20;528
28;2025-12-09;21;305
28;2025-12-09;22;112
28;2025-12-09;23;13
28;2025-12-10;0;4
28;2025-12-10;1;1
28;2025-12-10;2;0
28;2025-12-10;3;0
28;2025-12-10;4;2
28;2025-12-10;5;77
28;2025-12-10;6;258
28;2025-12-10;7;834
28;2025-12-10;8;1408
28;2025-12-10;9;875
28;2025-12-10;10;649
28;2025-12-10;11;600
28;2025-12-10;12;740
28;2025-12-10;13;716
28;2025-12-10;14;686
28;2025-12-10;15;722
28;2025-12-10;16;953
28;2025-12-10;17;1075
28;2025-12-10;18;1038
28;2025-12-10;19;785
28;2025-12-10;20;536
28;2025-12-10;21;311
28;2025-12-10;22;114
28;2025-12-10;23;14
28;2025-12-11;0;4
28;2025-12-11;1;1
28;2025-12-11;2;0
28;2025-12-11;3;0
28;2025-12-11;4;2
28;2025-12-11;5;77
28;2025-12-11;6;258
28;2025-12-11;7;831
28;2025-12-11;8;1430
28;2025-12-11;9;876
28;2025-12-11;10;650
28;2025-12-11;11;596
28;2025-12-11;12;739
28;2025-12-11;13;716
28;2025-12-11;14;687
28;2025-12-11;15;724
28;2025-12-11;16;956
28;2025-12-11;17;1078
28;2025-12-11;18;1037
28;2025-12-11;19;788
28;2025-12-11;20;532
28;2025-12-11;21;308
28;2025-12-11;22;113
28;2025-12-11;23;13
28;2025-12-12;0;3
28;2025-12-12;1;1
28;2025-12-12;2;0
28;2025-12-12;3;0
28;2025-12-12;4;2
28;2025-12-12;5;76
28;2025-12-12;6;255
28;2025-12-12;7;824
28;2025-12-12;8;1376
28;2025-12-12;9;872
28;2025-12-12;10;647
28;2025-12-12;11;599
28;2025-12-12;12;742
28;2025-12-12;13;718
28;2025-12-12;14;689
28;2025-12-12;15;721
28;2025-12-12;16;946
28;2025-12-12;17;1045
28;2025-12-12;18;985
28;2025-12-12;19;761
28;2025-12-12;20;529
28;2025-12-12;21;308
28;2025-12-12;22;113
28;2025-12-12;23;13
28;2025-12-13;0;1
28;2025-12-13;1;0
28;2025-12-13;2;0
28;2025-12-13;3;0
28;2025-12-13;4;1
28;2025-12-13;5;41
28;2025-12-13;6;107
28;2025-12-13;7;245
28;2025-12-13;8;435
28;2025-12-13;9;480
28;2025-12-13;10;508
28;2025-12-13;11;504
28;2025-12-13;12;590
28;2025-12-13;13;580
28;2025-12-13;14;593
28;2025-12-13;15;604
28;2025-12-13;16;560
28;2025-12-13;17;558
28;2025-12-13;18;495
28;2025-12-13;19;404
28;2025-12-13;20;269
28;2025-12-13;21;240
28;2025-12-13;22;93
28;2025-12-13;23;9
28;2025-12-14;0;0
28;2025-12-14;1;0
28;2025-12-14;2;0
28;2025-12-14;3;0
28;2025-12-14;4;0
28;2025-12-14;5;30
28;2025-12-14;6;78
28;2025-12-14;7;161
28;2025-12-14;8;257
28;2025-12-14;9;380
28;2025-12-14;10;416
28;2025-12-14;11;437
28;2025-12-14;12;443
28;2025-12-14;13;548
28;2025-12-14;14;504
28;2025-12-14;15;512
28;2025-12-14;16;460
28;2025-12-14;17;493
28;2025-12-14;18;420
28;2025-12-14;19;407
28;2025-12-14;20;286
28;2025-12-14;21;231
28;2025-12-14;22;102
28;2025-12-14;23;15
28;2025-12-15;0;3
28;2025-12-15;1;1
28;2025-12-15;2;0
28;2025-12-15;3;0
28;2025-12-15;4;2
28;2025-12-15;5;76
28;2025-12-15;6;252
28;2025-12-15;7;817
28;2025-12-15;8;1385
28;2025-12-15;9;857
28;2025-12-15;10;631
28;2025-12-15;11;583
28;2025-12-15;12;724
28;2025-12-15;13;700
28;2025-12-15;14;672
28;2025-12-15;15;709
28;2025-12-15;16;935
28;2025-12-15;17;1059
28;2025-12-15;18;1026
28;2025-12-15;19;774
28;2025-12-15;20;527
28;2025-12-15;21;304
28;2025-12-15;22;111
28;2025-12-15;23;13
28;2025-12-16;0;4
28;2025-12-16;1;1
28;2025-12-16;2;0
28;2025-12-16;3;0
28;2025-12-16;4;2
28;2025-12-16;5;77
28;2025-12-16;6;256
28;2025-12-16;7;831
28;2025-12-16;8;1415
28;2025-12-16;9;874
28;2025-12-16;10;646
28;2025-12-16;11;595
28;2025-12-16;12;738
28;2025-12-16;13;713
28;2025-12-16;14;684
28;2025-12-16;15;720
28;2025-12-16;16;948
28;2025-12-16;17;1069
28;2025-12-16;18;1028
28;2025-12-16;19;780
28;2025-12-16;20;533
28;2025-12-16;21;308
28;2025-12-16;22;113
28;2025-12-16;23;13
28;2025-12-17;0;4
28;2025-12-17;1;1
28;2025-12-17;2;0
28;2025-12-17;3;0
28;2025-12-17;4;2
28;2025-12-17;5;77
28;2025-12-17;6;257
28;2025-12-17;7;833
28;2025-12-17;8;1411
28;2025-12-17;9;879
28;2025-12-17;10;653
28;2025-12-17;11;604
28;2025-12-17;12;746
28;2025-12-17;13;722
28;2025-12-17;14;692
28;2025-12-17;15;729
28;2025-12-17;16;961
28;2025-12-17;17;1084
28;2025-12-17;18;1042
28;2025-12-17;19;788
28;2025-12-17;20;537
28;2025-12-17;21;312
28;2025-12-17;22;115
28;2025-12-17;23;14
28;2025-12-18;0;4
28;2025-12-18;1;1
28;2025-12-18;2;0
28;2025-12-18;3;0
28;2025-12-18;4;2
28;2025-12-18;5;77
28;2025-12-18;6;259
28;2025-12-18;7;836
28;2025-12-18;8;1424
28;2025-12-18;9;882
28;2025-12-18;10;652
28;2025-12-18;11;603
28;2025-12-18;12;745
28;2025-12-18;13;725
28;2025-12-18;14;696
28;2025-12-18;15;732
28;2025-12-18;16;966
28;2025-12-18;17;1086
28;2025-12-18;18;1046
28;2025-12-18;19;792
28;2025-12-18;20;539
28;2025-12-18;21;313
28;2025-12-18;22;115
28;2025-12-18;23;14
28;2025-12-19;0;4
28;2025-12-19;1;1
28;2025-12-19;2;0
28;2025-12-19;3;0
28;2025-12-19;4;2
28;2025-12-19;5;77
28;2025-12-19;6;257
28;2025-12-19;7;830
28;2025-12-19;8;1378
28;2025-12-19;9;877
28;2025-12-19;10;652
28;2025-12-19;11;605
28;2025-12-19;12;748
28;2025-12-19;13;723
28;2025-12-19;14;694
28;2025-12-19;15;732
28;2025-12-19;16;960
28;2025-12-19;17;1080
28;2025-12-19;18;996
28;2025-12-19;19;769
28;2025-12-19;20;531
28;2025-12-19;21;309
28;2025-12-19;22;114
28;2025-12-19;23;13
28;2025-12-20;0;1
28;2025-12-20;1;0
28;2025-12-20;2;0
28;2025-12-20;3;0
28;2025-12-20;4;1
28;2025-12-20;5;42
28;2025-12-20;6;109
28;2025-12-20;7;249
28;2025-12-20;8;447
28;2025-12-20;9;494
28;2025-12-20;10;524
28;2025-12-20;11;521
28;2025-12-20;12;615
28;2025-12-20;13;605
28;2025-12-20;14;618
28;2025-12-20;15;635
28;2025-12-20;16;579
28;2025-12-20;17;575
28;2025-12-20;18;505
28;2025-12-20;19;407
28;2025-12-20;20;270
28;2025-12-20;21;241
28;2025-12-20;22;93
28;2025-12-20;23;9
28;2025-12-21;0;0
28;2025-12-21;1;0
28;2025-12-21;2;0
28;2025-12-21;3;0
28;2025-12-21;4;0
28;2025-12-21;5;31
28;2025-12-21;6;77
28;2025-12-21;7;161
28;2025-12-21;8;261
28;2025-12-21;9;387
28;2025-12-21;10;424
28;2025-12-21;11;443
28;2025-12-21;12;453
28;2025-12-21;13;569
28;2025-12-21;14;522
28;2025-12-21;15;532
28;2025-12-21;16;465
28;2025-12-21;17;499
28;2025-12-21;18;425
28;2025-12-21;19;408
28;2025-12-21;20;286
28;2025-12-21;21;233
28;2025-12-21;22;103
28;2025-12-21;23;15
28;2025-12-22;0;3
28;2025-12-22;1;1
28;2025-12-22;2;0
28;2025-12-22;3;0
28;2025-12-22;4;2
28;2025-12-22;5;76
28;2025-12-22;6;254
28;2025-12-22;7;825
28;2025-12-22;8;1400
28;2025-12-22;9;864
28;2025-12-22;10;637
28;2025-12-22;11;585
28;2025-12-22;12;722
28;2025-12-22;13;698
28;2025-12-22;14;668
28;2025-12-22;15;707
28;2025-12-22;16;928
28;2025-12-22;17;1048
28;2025-12-22;18;1021
28;2025-12-22;19;773
28;2025-12-22;20;527
28;2025-12-22;21;304
28;2025-12-22;22;112
28;2025-12-22;23;13
28;2025-12-23;0;3
28;2025-12-23;1;1
28;2025-12-23;2;0
28;2025-12-23;3;0
28;2025-12-23;4;2
28;2025-12-23;5;76
28;2025-12-23;6;255
28;2025-12-23;7;824
28;2025-12-23;8;1388
28;2025-12-23;9;864
28;2025-12-23;10;642
28;2025-12-23;11;594
28;2025-12-23;12;732
28;2025-12-23;13;708
28;2025-12-23;14;679
28;2025-12-23;15;715
28;2025-12-23;16;944
28;2025-12-23;17;1062
28;2025-12-23;18;1023
28;2025-12-23;19;779
28;2025-12-23;20;531
28;2025-12-23;21;307
28;2025-12-23;22;113
28;2025-12-23;23;13
28;2025-12-24;0;3
28;2025-12-24;1;1
28;2025-12-24;2;0
28;2025-12-24;3;0
28;2025-12-24;4;2
28;2025-12-24;5;76
28;2025-12-24;6;255
28;2025-12-24;7;823
28;2025-12-24;8;1390
28;2025-12-24;9;866
28;2025-12-24;10;641
28;2025-12-24;11;592
28;2025-12-24;12;730
28;2025-12-24;13;706
28;2025-12-24;14;676
28;2025-12-24;15;712
28;2025-12-24;16;940
28;2025-12-24;17;1063
28;2025-12-24;18;1023
28;2025-12-24;19;774
28;2025-12-24;20;529
28;2025-12-24;21;307
28;2025-12-24;22;113
28;2025-12-24;23;13
28;2025-12-25;0;4
28;2025-12-25;1;1
28;2025-12-25;2;0
28;2025-12-25;3;0
28;2025-12-25;4;2
28;2025-12-25;5;77
28;2025-12-25;6;259
28;2025-12-25;7;833
28;2025-12-25;8;1425
28;2025-12-25;9;878
28;2025-12-25;10;650
28;2025-12-25;11;601
28;2025-12-25;12;741
28;2025-12-25;13;716
28;2025-12-25;14;684
28;2025-12-25;15;719
28;2025-12-25;16;951
28;2025-12-25;17;1069
28;2025-12-25;18;1033
28;2025-12-25;19;783
28;2025-12-25;20;537
28;2025-12-25;21;311
28;2025-12-25;22;115
28;2025-12-25;23;14
28;2025-12-26;0;3
28;2025-12-26;1;1
28;2025-12-26;2;0
28;2025-12-26;3;0
28;2025-12-26;4;2
28;2025-12-26;5;75
28;2025-12-26;6;252
28;2025-12-26;7;810
28;2025-12-26;8;1340
28;2025-12-26;9;847
28;2025-12-26;10;626
28;2025-12-26;11;574
28;2025-12-26;12;714
28;2025-12-26;13;690
28;2025-12-26;14;663
28;2025-12-26;15;698
28;2025-12-26;16;915
28;2025-12-26;17;1019
28;2025-12-26;18;972
28;2025-12-26;19;753
28;2025-12-26;20;518
28;2025-12-26;21;302
28;2025-12-26;22;112
28;2025-12-26;23;13
28;2025-12-27;0;1
28;2025-12-27;1;0
28;2025-12-27;2;0
28;2025-12-27;3;0
28;2025-12-27;4;1
28;2025-12-27;5;41
28;2025-12-27;6;107
28;2025-12-27;7;246
28;2025-12-27;8;442
28;2025-12-27;9;491
28;2025-12-27;10;520
28;2025-12-27;11;515
28;2025-12-27;12;607
28;2025-12-27;13;596
28;2025-12-27;14;613
28;2025-12-27;15;624
28;2025-12-27;16;574
28;2025-12-27;17;570
28;2025-12-27;18;502
28;2025-12-27;19;406
28;2025-12-27;20;272
28;2025-12-27;21;242
28;2025-12-27;22;91
28;2025-12-27;23;9
28;2025-12-28;0;0
28;2025-12-28;1;0
28;2025-12-28;2;0
28;2025-12-28;3;0
28;2025-12-28;4;0
28;2025-12-28;5;31
28;2025-12-28;6;78
28;2025-12-28;7;157
28;2025-12-28;8;252
28;2025-12-28;9;380
28;2025-12-28;10;418
28;2025-12-28;11;436
28;2025-12-28;12;446
28;2025-12-28;13;560
28;2025-12-28;14;514
28;2025-12-28;15;523
28;2025-12-28;16;460
28;2025-12-28;17;494
28;2025-12-28;18;421
28;2025-12-28;19;407
28;2025-12-28;20;286
28;2025-12-28;21;231
28;2025-12-28;22;102
28;2025-12-28;23;15
28;2025-12-29;0;3
28;2025-12-29;1;1
28;2025-12-29;2;0
28;2025-12-29;3;0
28;2025-12-29;4;2
28;2025-12-29;5;76
28;2025-12-29;6;254
28;2025-12-29;7;823
28;2025-12-29;8;1400
28;2025-12-29;9;862
28;2025-12-29;10;635
28;2025-12-29;11;585
28;2025-12-29;12;727
28;2025-12-29;13;703
28;2025-12-29;14;676
28;2025-12-29;15;713
28;2025-12-29;16;939
28;2025-12-29;17;1064
28;2025-12-29;18;1031
28;2025-12-29;19;777
28;2025-12-29;20;529
28;2025-12-29;21;305
28;2025-12-29;22;112
28;2025-12-29;23;13
28;2025-12-30;0;4
28;2025-12-30;1;1
28;2025-12-30;2;0
28;2025-12-30;3;0
28;2025-12-30;4;2
28;2025-12-30;5;77
28;2025-12-30;6;256
28;2025-12-30;7;831
28;2025-12-30;8;1400
28;2025-12-30;9;875
28;2025-12-30;10;648
28;2025-12-30;11;597
28;2025-12-30;12;739
28;2025-12-30;13;716
28;2025-12-30;14;687
28;2025-12-30;15;723
28;2025-12-30;16;955
28;2025-12-30;17;1075
28;2025-12-30;18;1008
28;2025-12-30;19;770
28;2025-12-30;20;531
28;2025-12-30;21;308
28;2025-12-30;22;114
28;2025-12-30;23;13
28;2025-12-31;0;0
28;2025-12-31;1;0
28;2025-12-31;2;0
28;2025-12-31;3;0
28;2025-12-31;4;0
28;2025-12-31;5;32
28;2025-12-31;6;81
28;2025-12-31;7;164
28;2025-12-31;8;256
28;2025-12-31;9;363
28;2025-12-31;10;411
28;2025-12-31;11;428
28;2025-12-31;12;440
28;2025-12-31;13;554
28;2025-12-31;14;506
28;2025-12-31;15;513
28;2025-12-31;16;449
28;2025-12-31;17;482
28;2025-12-31;18;406
28;2025-12-31;19;392
28;2025-12-31;20;290
28;2025-12-31;21;236
28;2025-12-31;22;106
28;2025-12-31;23;16
50;2025-11-01;0;28
50;2025-11-01;1;3
50;2025-11-01;2;1
50;2025-11-01;3;0
50;2025-11-01;4;3
50;2025-11-01;5;67
50;2025-11-01;6;518
50;2025-11-01;7;1715
50;2025-11-01;8;2835
50;2025-11-01;9;2228
50;2025-11-01;10;1772
50;2025-11-01;11;1572
50;2025-11-01;12;1416
50;2025-11-01;13;1575
50;2025-11-01;14;1448
50;2025-11-01;15;1775
50;2025-11-01;16;1747
50;2025-11-01;17;2445
50;2025-11-01;18;2384
50;2025-11-01;19;1403
50;2025-11-01;20;923
50;2025-11-01;21;632
50;2025-11-01;22;252
50;2025-11-01;23;141
50;2025-11-02;0;3
50;2025-11-02;1;0
50;2025-11-02;2;0
50;2025-11-02;3;0
50;2025-11-02;4;0
50;2025-11-02;5;0
50;2025-11-02;6;0
50;2025-11-02;7;0
50;2025-11-02;8;0
50;2025-11-02;9;0
50;2025-11-02;10;23
50;2025-11-02;11;95
50;2025-11-02;12;76
50;2025-11-02;13;86
50;2025-11-02;14;124
50;2025-11-02;15;98
50;2025-11-02;16;89
50;2025-11-02;17;96
50;2025-11-02;18;61
50;2025-11-02;19;75
50;2025-11-02;20;46
50;2025-11-02;21;31
50;2025-11-02;22;33
50;2025-11-02;23;11
50;2025-11-03;0;3
50;2025-11-03;1;0
50;2025-11-03;2;0
50;2025-11-03;3;0
50;2025-11-03;4;0
50;2025-11-03;5;0
50;2025-11-03;6;0
50;2025-11-03;7;0
50;2025-11-03;8;1
50;2025-11-03;9;0
50;2025-11-03;10;23
50;2025-11-03;11;89
50;2025-11-03;12;69
50;2025-11-03;13;80
50;2025-11-03;14;116
50;2025-11-03;15;91
50;2025-11-03;16;83
50;2025-11-03;17;91
50;2025-11-03;18;58
50;2025-11-03;19;70
50;2025-11-03;20;45
50;2025-11-03;21;30
50;2025-11-03;22;32
50;2025-11-03;23;11
50;2025-11-04;0;3
50;2025-11-04;1;0
50;2025-11-04;2;0
50;2025-11-04;3;0
50;2025-11-04;4;0
50;2025-11-04;5;0
50;2025-11-04;6;0
50;2025-11-04;7;0
50;2025-11-04;8;0
50;2025-11-04;9;0
50;2025-11-04;10;23
50;2025-11-04;11;90
50;2025-11-04;12;71
50;2025-11-04;13;82
50;2025-11-04;14;121
50;2025-11-04;15;94
50;2025-11-04;16;86
50;2025-11-04;17;91
50;2025-11-04;18;57
50;2025-11-04;19;71
50;2025-11-04;20;46
50;2025-11-04;21;31
50;2025-11-04;22;33
50;2025-11-04;23;11
50;2025-11-05;0;29
50;2025-11-05;1;3
50;2025-11-05;2;1
50;2025-11-05;3;1
50;2025-11-05;4;3
50;2025-11-05;5;71
50;2025-11-05;6;550
50;2025-11-05;7;1761
50;2025-11-05;8;2984
50;2025-11-05;9;2327
50;2025-11-05;10;1803
50;2025-11-05;11;1592
50;2025-11-05;12;1495
50;2025-11-05;13;1597
50;2025-11-05;14;1532
50;2025-11-05;15;1789
50;2025-11-05;16;1760
50;2025-11-05;17;2543
50;2025-11-05;18;2557
50;2025-11-05;19;1514
50;2025-11-05;20;981
50;2025-11-05;21;664
50;2025-11-05;22;262
50;2025-11-05;23;149
50;2025-11-06;0;29
50;2025-11-06;1;3
50;2025-11-06;2;1
50;2025-11-06;3;1
50;2025-11-06;4;3
50;2025-11-06;5;70
50;2025-11-06;6;547
50;2025-11-06;7;1754
50;2025-11-06;8;2963
50;2025-11-06;9;2290
50;2025-11-06;10;1787
50;2025-11-06;11;1583
50;2025-11-06;12;1492
50;2025-11-06;13;1593
50;2025-11-06;14;1522
50;2025-11-06;15;1767
50;2025-11-06;16;1744
50;2025-11-06;17;2516
50;2025-11-06;18;2514
50;2025-11-06;19;1489
50;2025-11-06;20;964
50;2025-11-06;21;657
50;2025-11-06;22;260
50;2025-11-06;23;148
50;2025-11-07;0;30
50;2025-11-07;1;3
50;2025-11-07;2;1
50;2025-11-07;3;1
50;2025-11-07;4;3
50;2025-11-07;5;72
50;2025-11-07;6;559
50;2025-11-07;7;1750
50;2025-11-07;8;2756
50;2025-11-07;9;2169
50;2025-11-07;10;1793
50;2025-11-07;11;1599
50;2025-11-07;12;1496
50;2025-11-07;13;1601
50;2025-11-07;14;1518
50;2025-11-07;15;1790
50;2025-11-07;16;1751
50;2025-11-07;17;2340
50;2025-11-07;18;2179
50;2025-11-07;19;1457
50;2025-11-07;20;980
50;2025-11-07;21;667
50;2025-11-07;22;266
50;2025-11-07;23;151
50;2025-11-08;0;57
50;2025-11-08;1;4
50;2025-11-08;2;0
50;2025-11-08;3;3
50;2025-11-08;4;1
50;2025-11-08;5;12
50;2025-11-08;6;14
50;2025-11-08;7;22
50;2025-11-08;8;46
50;2025-11-08;9;90
50;2025-11-08;10;31
50;2025-11-08;11;59
50;2025-11-08;12;105
50;2025-11-08;13;71
50;2025-11-08;14;87
50;2025-11-08;15;127
50;2025-11-08;16;82
50;2025-11-08;17;78
50;2025-11-08;18;20
50;2025-11-08;19;18
50;2025-11-08;20;10
50;2025-11-08;21;12
50;2025-11-08;22;12
50;2025-11-08;23;3
50;2025-11-09;0;3
50;2025-11-09;1;0
50;2025-11-09;2;0
50;2025-11-09;3;0
50;2025-11-09;4;0
50;2025-11-09;5;0
50;2025-11-09;6;0
50;2025-11-09;7;0
50;2025-11-09;8;0
50;2025-11-09;9;0
50;2025-11-09;10;23
50;2025-11-09;11;96
50;2025-11-09;12;76
50;2025-11-09;13;87
50;2025-11-09;14;125
50;2025-11-09;15;98
50;2025-11-09;16;90
50;2025-11-09;17;97
50;2025-11-09;18;62
50;2025-11-09;19;74
50;2025-11-09;20;46
50;2025-11-09;21;31
50;2025-11-09;22;33
50;2025-11-09;23;11
50;2025-11-10;0;29
50;2025-11-10;1;3
50;2025-11-10;2;1
50;2025-11-10;3;1
50;2025-11-10;4;3
50;2025-11-10;5;70
50;2025-11-10;6;545
50;2025-11-10;7;1751
50;2025-11-10;8;3000
50;2025-11-10;9;2309
50;2025-11-10;10;1786
50;2025-11-10;11;1592
50;2025-11-10;12;1479
50;2025-11-10;13;1594
50;2025-11-10;14;1512
50;2025-11-10;15;1777
50;2025-11-10;16;1751
50;2025-11-10;17;2574
50;2025-11-10;18;2597
50;2025-11-10;19;1503
50;2025-11-10;20;979
50;2025-11-10;21;659
50;2025-11-10;22;260
50;2025-11-10;23;147
50;2025-11-11;0;29
50;2025-11-11;1;3
50;2025-11-11;2;1
50;2025-11-11;3;1
50;2025-11-11;4;3
50;2025-11-11;5;71
50;2025-11-11;6;553
50;2025-11-11;7;1774
50;2025-11-11;8;3027
50;2025-11-11;9;2343
50;2025-11-11;10;1822
50;2025-11-11;11;1623
50;2025-11-11;12;1519
50;2025-11-11;13;1624
50;2025-11-11;14;1544
50;2025-11-11;15;1809
50;2025-11-11;16;1782
50;2025-11-11;17;2599
50;2025-11-11;18;2618
50;2025-11-11;19;1536
50;2025-11-11;20;991
50;2025-11-11;21;670
50;2025-11-11;22;265
50;2025-11-11;23;149
50;2025-11-12;0;29
50;2025-11-12;1;3
50;2025-11-12;2;1
50;2025-11-12;3;1
50;2025-11-12;4;3
50;2025-11-12;5;71
50;2025-11-12;6;550
50;2025-11-12;7;1763
50;2025-11-12;8;3007
50;2025-11-12;9;2325
50;2025-11-12;10;1807
50;2025-11-12;11;1596
50;2025-11-12;12;1504
50;2025-11-12;13;1600
50;2025-11-12;14;1530
50;2025-11-12;15;1791
50;2025-11-12;16;1762
50;2025-11-12;17;2568
50;2025-11-12;18;2589
50;2025-11-12;19;1515
50;2025-11-12;20;982
50;2025-11-12;21;666
50;2025-11-12;22;264
50;2025-11-12;23;150
50;2025-11-13;0;29
50;2025-11-13;1;3
50;2025-11-13;2;1
50;2025-11-13;3;1
50;2025-11-13;4;3
50;2025-11-13;5;71
50;2025-11-13;6;550
50;2025-11-13;7;1771
50;2025-11-13;8;3015
50;2025-11-13;9;2320
50;2025-11-13;10;1809
50;2025-11-13;11;1609
50;2025-11-13;12;1511
50;2025-11-13;13;1608
50;2025-11-13;14;1530
50;2025-11-13;15;1792
50;2025-11-13;16;1765
50;2025-11-13;17;2559
50;2025-11-13;18;2575
50;2025-11-13;19;1517
50;2025-11-13;20;976
50;2025-11-13;21;662
50;2025-11-13;22;262
50;2025-11-13;23;149
50;2025-11-14;0;29
50;2025-11-14;1;3
50;2025-11-14;2;1
50;2025-11-14;3;0
50;2025-11-14;4;3
50;2025-11-14;5;70
50;2025-11-14;6;544
50;2025-11-14;7;1735
50;2025-11-14;8;2861
50;2025-11-14;9;2255
50;2025-11-14;10;1778
50;2025-11-14;11;1586
50;2025-11-14;12;1493
50;2025-11-14;13;1587
50;2025-11-14;14;1518
50;2025-11-14;15;1783
50;2025-11-14;16;1752
50;2025-11-14;17;2439
50;2025-11-14;18;2350
50;2025-11-14;19;1489
50;2025-11-14;20;967
50;2025-11-14;21;657
50;2025-11-14;22;262
50;2025-11-14;23;149
50;2025-11-15;0;55
50;2025-11-15;1;4
50;2025-11-15;2;0
50;2025-11-15;3;3
50;2025-11-15;4;1
50;2025-11-15;5;11
50;2025-11-15;6;14
50;2025-11-15;7;22
50;2025-11-15;8;45
50;2025-11-15;9;85
50;2025-11-15;10;30
50;2025-11-15;11;55
50;2025-11-15;12;99
50;2025-11-15;13;67
50;2025-11-15;14;82
50;2025-11-15;15;120
50;2025-11-15;16;76
50;2025-11-15;17;73
50;2025-11-15;18;18
50;2025-11-15;19;17
50;2025-11-15;20;10
50;2025-11-15;21;12
50;2025-11-15;22;11
50;2025-11-15;23;3
50;2025-11-16;0;3
50;2025-11-16;1;0
50;2025-11-16;2;0
50;2025-11-16;3;0
50;2025-11-16;4;0
50;2025-11-16;5;0
50;2025-11-16;6;0
50;2025-11-16;7;0
50;2025-11-16;8;0
50;2025-11-16;9;0
50;2025-11-16;10;23
50;2025-11-16;11;95
50;2025-11-16;12;76
50;2025-11-16;13;87
50;2025-11-16;14;124
50;2025-11-16;15;98
50;2025-11-16;16;89
50;2025-11-16;17;96
50;2025-11-16;18;61
50;2025-11-16;19;74
50;2025-11-16;20;46
50;2025-11-16;21;31
50;2025-11-16;22;33
50;2025-11-16;23;11
50;2025-11-17;0;29
50;2025-11-17;1;3
50;2025-11-17;2;1
50;2025-11-17;3;0
50;2025-11-17;4;3
50;2025-11-17;5;70
50;2025-11-17;6;543
50;2025-11-17;7;1735
50;2025-11-17;8;2965
50;2025-11-17;9;2267
50;2025-11-17;10;1759
50;2025-11-17;11;1562
50;2025-11-17;12;1454
50;2025-11-17;13;1567
50;2025-11-17;14;1488
50;2025-11-17;15;1749
50;2025-11-17;16;1722
50;2025-11-17;17;2527
50;2025-11-17;18;2564
50;2025-11-17;19;1489
50;2025-11-17;20;983
50;2025-11-17;21;660
50;2025-11-17;22;260
50;2025-11-17;23;147
50;2025-11-18;0;28
50;2025-11-18;1;3
50;2025-11-18;2;1
50;2025-11-18;3;0
50;2025-11-18;4;3
50;2025-11-18;5;68
50;2025-11-18;6;531
50;2025-11-18;7;1686
50;2025-11-18;8;2857
50;2025-11-18;9;2207
50;2025-11-18;10;1701
50;2025-11-18;11;1514
50;2025-11-18;12;1420
50;2025-11-18;13;1516
50;2025-11-18;14;1444
50;2025-11-18;15;1695
50;2025-11-18;16;1670
50;2025-11-18;17;2414
50;2025-11-18;18;2443
50;2025-11-18;19;1444
50;2025-11-18;20;943
50;2025-11-18;21;638
50;2025-11-18;22;252
50;2025-11-18;23;143
50;2025-11-19;0;29
50;2025-11-19;1;3
50;2025-11-19;2;1
50;2025-11-19;3;1
50;2025-11-19;4;3
50;2025-11-19;5;71
50;2025-11-19;6;552
50;2025-11-19;7;1770
50;2025-11-19;8;3014
50;2025-11-19;9;2335
50;2025-11-19;10;1805
50;2025-11-19;11;1601
50;2025-11-19;12;1513
50;2025-11-19;13;1611
50;2025-11-19;14;1538
50;2025-11-19;15;1802
50;2025-11-19;16;1772
50;2025-11-19;17;2585
50;2025-11-19;18;2604
50;2025-11-19;19;1537
50;2025-11-19;20;1001
50;2025-11-19;21;677
50;2025-11-19;22;268
50;2025-11-19;23;152
50;2025-11-20;0;29
50;2025-11-20;1;3
50;2025-11-20;2;1
50;2025-11-20;3;1
50;2025-11-20;4;3
50;2025-11-20;5;71
50;2025-11-20;6;550
50;2025-11-20;7;1768
50;2025-11-20;8;2999
50;2025-11-20;9;2317
50;2025-11-20;10;1810
50;2025-11-20;11;1611
50;2025-11-20;12;1512
50;2025-11-20;13;1611
50;2025-11-20;14;1532
50;2025-11-20;15;1798
50;2025-11-20;16;1771
50;2025-11-20;17;2577
50;2025-11-20;18;2595
50;2025-11-20;19;1527
50;2025-11-20;20;987
50;2025-11-20;21;668
50;2025-11-20;22;265
50;2025-11-20;23;150
50;2025-11-21;0;29
50;2025-11-21;1;3
50;2025-11-21;2;1
50;2025-11-21;3;1
50;2025-11-21;4;3
50;2025-11-21;5;71
50;2025-11-21;6;549
50;2025-11-21;7;1759
50;2025-11-21;8;2917
50;2025-11-21;9;2300
50;2025-11-21;10;1802
50;2025-11-21;11;1604
50;2025-11-21;12;1510
50;2025-11-21;13;1609
50;2025-11-21;14;1533
50;2025-11-21;15;1797
50;2025-11-21;16;1767
50;2025-11-21;17;2469
50;2025-11-21;18;2377
50;2025-11-21;19;1503
50;2025-11-21;20;986
50;2025-11-21;21;670
50;2025-11-21;22;267
50;2025-11-21;23;151
50;2025-11-22;0;57
50;2025-11-22;1;4
50;2025-11-22;2;0
50;2025-11-22;3;3
50;2025-11-22;4;1
50;2025-11-22;5;11
50;2025-11-22;6;14
50;2025-11-22;7;23
50;2025-11-22;8;47
50;2025-11-22;9;90
50;2025-11-22;10;32
50;2025-11-22;11;59
50;2025-11-22;12;106
50;2025-11-22;13;71
50;2025-11-22;14;86
50;2025-11-22;15;126
50;2025-11-22;16;81
50;2025-11-22;17;77
50;2025-11-22;18;19
50;2025-11-22;19;18
50;2025-11-22;20;10
50;2025-11-22;21;12
50;2025-11-22;22;11
50;2025-11-22;23;3
50;2025-11-23;0;3
50;2025-11-23;1;0
50;2025-11-23;2;0
50;2025-11-23;3;0
50;2025-11-23;4;0
50;2025-11-23;5;0
50;2025-11-23;6;0
50;2025-11-23;7;0
50;2025-11-23;8;0
50;2025-11-23;9;0
50;2025-11-23;10;23
50;2025-11-23;11;94
50;2025-11-23;12;76
50;2025-11-23;13;86
50;2025-11-23;14;124
50;2025-11-23;15;97
50;2025-11-23;16;89
50;2025-11-23;17;96
50;2025-11-23;18;61
50;2025-11-23;19;74
50;2025-11-23;20;46
50;2025-11-23;21;31
50;2025-11-23;22;33
50;2025-11-23;23;11
50;2025-11-24;0;29
50;2025-11-24;1;3
50;2025-11-24;2;1
50;2025-11-24;3;0
50;2025-11-24;4;3
50;2025-11-24;5;69
50;2025-11-24;6;539
50;2025-11-24;7;1723
50;2025-11-24;8;2945
50;2025-11-24;9;2267
50;2025-11-24;10;1743
50;2025-11-24;11;1546
50;2025-11-24;12;1432
50;2025-11-24;13;1545
50;2025-11-24;14;1465
50;2025-11-24;15;1721
50;2025-11-24;16;1689
50;2025-11-24;17;2479
50;2025-11-24;18;2525
50;2025-11-24;19;1449
50;2025-11-24;20;954
50;2025-11-24;21;644
50;2025-11-24;22;254
50;2025-11-24;23;143
50;2025-11-25;0;29
50;2025-11-25;1;3
50;2025-11-25;2;1
50;2025-11-25;3;1
50;2025-11-25;4;3
50;2025-11-25;5;71
50;2025-11-25;6;551
50;2025-11-25;7;1768
50;2025-11-25;8;3012
50;2025-11-25;9;2330
50;2025-11-25;10;1812
50;2025-11-25;11;1613
50;2025-11-25;12;1512
50;2025-11-25;13;1618
50;2025-11-25;14;1538
50;2025-11-25;15;1803
50;2025-11-25;16;1772
50;2025-11-25;17;2583
50;2025-11-25;18;2601
50;2025-11-25;19;1539
50;2025-11-25;20;1000
50;2025-11-25;21;674
50;2025-11-25;22;266
50;2025-11-25;23;150
50;2025-11-26;0;29
50;2025-11-26;1;3
50;2025-11-26;2;1
50;2025-11-26;3;1
50;2025-11-26;4;3
50;2025-11-26;5;71
50;2025-11-26;6;550
50;2025-11-26;7;1752
50;2025-11-26;8;2995
50;2025-11-26;9;2302
50;2025-11-26;10;1794
50;2025-11-26;11;1586
50;2025-11-26;12;1490
50;2025-11-26;13;1587
50;2025-11-26;14;1510
50;2025-11-26;15;1766
50;2025-11-26;16;1739
50;2025-11-26;17;2543
50;2025-11-26;18;2585
50;2025-11-26;19;1506
50;2025-11-26;20;995
50;2025-11-26;21;672
50;2025-11-26;22;267
50;2025-11-26;23;151
50;2025-11-27;0;29
50;2025-11-27;1;3
50;2025-11-27;2;1
50;2025-11-27;3;1
50;2025-11-27;4;3
50;2025-11-27;5;71
50;2025-11-27;6;550
50;2025-11-27;7;1771
50;2025-11-27;8;3028
50;2025-11-27;9;2322
50;2025-11-27;10;1809
50;2025-11-27;11;1602
50;2025-11-27;12;1498
50;2025-11-27;13;1601
50;2025-11-27;14;1522
50;2025-11-27;15;1789
50;2025-11-27;16;1763
50;2025-11-27;17;2571
50;2025-11-27;18;2588
50;2025-11-27;19;1504
50;2025-11-27;20;980
50;2025-11-27;21;664
50;2025-11-27;22;264
50;2025-11-27;23;150
50;2025-11-28;0;29
50;2025-11-28;1;3
50;2025-11-28;2;1
50;2025-11-28;3;1
50;2025-11-28;4;3
50;2025-11-28;5;71
50;2025-11-28;6;548
50;2025-11-28;7;1739
50;2025-11-28;8;2944
50;2025-11-28;9;2292
50;2025-11-28;10;1788
50;2025-11-28;11;1592
50;2025-11-28;12;1497
50;2025-11-28;13;1592
50;2025-11-28;14;1529
50;2025-11-28;15;1780
50;2025-11-28;16;1748
50;2025-11-28;17;2478
50;2025-11-28;18;2381
50;2025-11-28;19;1471
50;2025-11-28;20;968
50;2025-11-28;21;660
50;2025-11-28;22;264
50;2025-11-28;23;149
50;2025-11-29;0;58
50;2025-11-29;1;4
50;2025-11-29;2;0
50;2025-11-29;3;3
50;2025-11-29;4;1
50;2025-11-29;5;12
50;2025-11-29;6;14
50;2025-11-29;7;23
50;2025-11-29;8;47
50;2025-11-29;9;91
50;2025-11-29;10;32
50;2025-11-29;11;59
50;2025-11-29;12;108
50;2025-11-29;13;72
50;2025-11-29;14;87
50;2025-11-29;15;127
50;2025-11-29;16;82
50;2025-11-29;17;79
50;2025-11-29;18;20
50;2025-11-29;19;18
50;2025-11-29;20;11
50;2025-11-29;21;12
50;2025-11-29;22;12
50;2025-11-29;23;3
50;2025-11-30;0;3
50;2025-11-30;1;0
50;2025-11-30;2;0
50;2025-11-30;3;0
50;2025-11-30;4;0
50;2025-11-30;5;0
50;2025-11-30;6;0
50;2025-11-30;7;0
50;2025-11-30;8;0
50;2025-11-30;9;0
50;2025-11-30;10;23
50;2025-11-30;11;95
50;2025-11-30;12;76
50;2025-11-30;13;87
50;2025-11-30;14;125
50;2025-11-30;15;98
50;2025-11-30;16;90
50;2025-11-30;17;97
50;2025-11-30;18;62
50;2025-11-30;19;74
50;2025-11-30;20;46
50;2025-11-30;21;31
50;2025-11-30;22;33
50;2025-11-30;23;11
50;2025-12-01;0;28
50;2025-12-01;1;3
50;2025-12-01;2;1
50;2025-12-01;3;1
50;2025-12-01;4;3
50;2025-12-01;5;67
50;2025-12-01;6;519
50;2025-12-01;7;1668
50;2025-12-01;8;2852
50;2025-12-01;9;2198
50;2025-12-01;10;1701
50;2025-12-01;11;1514
50;2025-12-01;12;1407
50;2025-12-01;13;1515
50;2025-12-01;14;1438
50;2025-12-01;15;1689
50;2025-12-01;16;1663
50;2025-12-01;17;2439
50;2025-12-01;18;2467
50;2025-12-01;19;1429
50;2025-12-01;20;931
50;2025-12-01;21;627
50;2025-12-01;22;247
50;2025-12-01;23;140
50;2025-12-02;0;28
50;2025-12-02;1;3
50;2025-12-02;2;1
50;2025-12-02;3;1
50;2025-12-02;4;3
50;2025-12-02;5;68
50;2025-12-02;6;526
50;2025-12-02;7;1685
50;2025-12-02;8;2881
50;2025-12-02;9;2225
50;2025-12-02;10;1730
50;2025-12-02;11;1541
50;2025-12-02;12;1443
50;2025-12-02;13;1541
50;2025-12-02;14;1466
50;2025-12-02;15;1721
50;2025-12-02;16;1691
50;2025-12-02;17;2466
50;2025-12-02;18;2484
50;2025-12-02;19;1460
50;2025-12-02;20;942
50;2025-12-02;21;636
50;2025-12-02;22;251
50;2025-12-02;23;142
50;2025-12-03;0;28
50;2025-12-03;1;3
50;2025-12-03;2;1
50;2025-12-03;3;1
50;2025-12-03;4;3
50;2025-12-03;5;68
50;2025-12-03;6;527
50;2025-12-03;7;1692
50;2025-12-03;8;2882
50;2025-12-03;9;2234
50;2025-12-03;10;1736
50;2025-12-03;11;1541
50;2025-12-03;12;1451
50;2025-12-03;13;1542
50;2025-12-03;14;1469
50;2025-12-03;15;1724
50;2025-12-03;16;1696
50;2025-12-03;17;2472
50;2025-12-03;18;2492
50;2025-12-03;19;1456
50;2025-12-03;20;943
50;2025-12-03;21;638
50;2025-12-03;22;253
50;2025-12-03;23;144
50;2025-12-04;0;28
50;2025-12-04;1;3
50;2025-12-04;2;1
50;2025-12-04;3;1
50;2025-12-04;4;3
50;2025-12-04;5;68
50;2025-12-04;6;527
50;2025-12-04;7;1697
50;2025-12-04;8;2882
50;2025-12-04;9;2220
50;2025-12-04;10;1732
50;2025-12-04;11;1541
50;2025-12-04;12;1448
50;2025-12-04;13;1544
50;2025-12-04;14;1470
50;2025-12-04;15;1724
50;2025-12-04;16;1698
50;2025-12-04;17;2471
50;2025-12-04;18;2488
50;2025-12-04;19;1460
50;2025-12-04;20;943
50;2025-12-04;21;639
50;2025-12-04;22;253
50;2025-12-04;23;144
50;2025-12-05;0;28
50;2025-12-05;1;3
50;2025-12-05;2;1
50;2025-12-05;3;1
50;2025-12-05;4;3
50;2025-12-05;5;68
50;2025-12-05;6;524
50;2025-12-05;7;1681
50;2025-12-05;8;2812
50;2025-12-05;9;2213
50;2025-12-05;10;1725
50;2025-12-05;11;1545
50;2025-12-05;12;1449
50;2025-12-05;13;1549
50;2025-12-05;14;1476
50;2025-12-05;15;1735
50;2025-12-05;16;1700
50;2025-12-05;17;2409
50;2025-12-05;18;2304
50;2025-12-05;19;1429
50;2025-12-05;20;933
50;2025-12-05;21;634
50;2025-12-05;22;253
50;2025-12-05;23;144
50;2025-12-06;0;58
50;2025-12-06;1;4
50;2025-12-06;2;0
50;2025-12-06;3;3
50;2025-12-06;4;1
50;2025-12-06;5;12
50;2025-12-06;6;14
50;2025-12-06;7;23
50;2025-12-06;8;47
50;2025-12-06;9;91
50;2025-12-06;10;32
50;2025-12-06;11;59
50;2025-12-06;12;108
50;2025-12-06;13;72
50;2025-12-06;14;88
50;2025-12-06;15;128
50;2025-12-06;16;82
50;2025-12-06;17;79
50;2025-12-06;18;20
50;2025-12-06;19;18
50;2025-12-06;20;11
50;2025-12-06;21;12
50;2025-12-06;22;12
50;2025-12-06;23;3
50;2025-12-07;0;3
50;2025-12-07;1;0
50;2025-12-07;2;0
50;2025-12-07;3;0
50;2025-12-07;4;0
50;2025-12-07;5;0
50;2025-12-07;6;0
50;2025-12-07;7;0
50;2025-12-07;8;1
50;2025-12-07;9;1
50;2025-12-07;10;24
50;2025-12-07;11;96
50;2025-12-07;12;77
50;2025-12-07;13;88
50;2025-12-07;14;126
50;2025-12-07;15;99
50;2025-12-07;16;90
50;2025-12-07;17;98
50;2025-12-07;18;62
50;2025-12-07;19;75
50;2025-12-07;20;46
50;2025-12-07;21;31
50;2025-12-07;22;33
50;2025-12-07;23;11
50;2025-12-08;0;28
50;2025-12-08;1;3
50;2025-12-08;2;1
50;2025-12-08;3;0
50;2025-12-08;4;3
50;2025-12-08;5;67
50;2025-12-08;6;519
50;2025-12-08;7;1667
50;2025-12-08;8;2853
50;2025-12-08;9;2197
50;2025-12-08;10;1700
50;2025-12-08;11;1513
50;2025-12-08;12;1403
50;2025-12-08;13;1512
50;2025-12-08;14;1436
50;2025-12-08;15;1688
50;2025-12-08;16;1662
50;2025-12-08;17;2434
50;2025-12-08;18;2462
50;2025-12-08;19;1427
50;2025-12-08;20;931
50;2025-12-08;21;627
50;2025-12-08;22;247
50;2025-12-08;23;139
50;2025-12-09;0;28
50;2025-12-09;1;3
50;2025-12-09;2;1
50;2025-12-09;3;1
50;2025-12-09;4;3
50;2025-12-09;5;67
50;2025-12-09;6;520
50;2025-12-09;7;1663
50;2025-12-09;8;2833
50;2025-12-09;9;2188
50;2025-12-09;10;1700
50;2025-12-09;11;1505
50;2025-12-09;12;1404
50;2025-12-09;13;1505
50;2025-12-09;14;1435
50;2025-12-09;15;1686
50;2025-12-09;16;1661
50;2025-12-09;17;2411
50;2025-12-09;18;2438
50;2025-12-09;19;1440
50;2025-12-09;20;930
50;2025-12-09;21;628
50;2025-12-09;22;248
50;2025-12-09;23;140
50;2025-12-10;0;28
50;2025-12-10;1;3
50;2025-12-10;2;1
50;2025-12-10;3;1
50;2025-12-10;4;3
50;2025-12-10;5;68
50;2025-12-10;6;524
50;2025-12-10;7;1670
50;2025-12-10;8;2850
50;2025-12-10;9;2195
50;2025-12-10;10;1705
50;2025-12-10;11;1510
50;2025-12-10;12;1425
50;2025-12-10;13;1514
50;2025-12-10;14;1444
50;2025-12-10;15;1693
50;2025-12-10;16;1666
50;2025-12-10;17;2432
50;2025-12-10;18;2464
50;2025-12-10;19;1437
50;2025-12-10;20;948
50;2025-12-10;21;641
50;2025-12-10;22;254
50;2025-12-10;23;144
50;2025-12-11;0;28
50;2025-12-11;1;3
50;2025-12-11;2;1
50;2025-12-11;3;1
50;2025-12-11;4;3
50;2025-12-11;5;68
50;2025-12-11;6;524
50;2025-12-11;7;1681
50;2025-12-11;8;2881
50;2025-12-11;9;2201
50;2025-12-11;10;1714
50;2025-12-11;11;1510
50;2025-12-11;12;1424
50;2025-12-11;13;1522
50;2025-12-11;14;1448
50;2025-12-11;15;1702
50;2025-12-11;16;1676
50;2025-12-11;17;2451
50;2025-12-11;18;2470
50;2025-12-11;19;1445
50;2025-12-11;20;936
50;2025-12-11;21;634
50;2025-12-11;22;251
50;2025-12-11;23;143
50;2025-12-12;0;28
50;2025-12-12;1;3
50;2025-12-12;2;1
50;2025-12-12;3;1
50;2025-12-12;4;3
50;2025-12-12;5;67
50;2025-12-12;6;519
50;2025-12-12;7;1653
50;2025-12-12;8;2775
50;2025-12-12;9;2169
50;2025-12-12;10;1692
50;2025-12-12;11;1506
50;2025-12-12;12;1417
50;2025-12-12;13;1504
50;2025-12-12;14;1444
50;2025-12-12;15;1680
50;2025-12-12;16;1648
50;2025-12-12;17;2294
50;2025-12-12;18;2231
50;2025-12-12;19;1406
50;2025-12-12;20;935
50;2025-12-12;21;634
50;2025-12-12;22;252
50;2025-12-12;23;143
50;2025-12-13;0;56
50;2025-12-13;1;4
50;2025-12-13;2;0
50;2025-12-13;3;3
50;2025-12-13;4;1
50;2025-12-13;5;11
50;2025-12-13;6;14
50;2025-12-13;7;22
50;2025-12-13;8;46
50;2025-12-13;9;87
50;2025-12-13;10;31
50;2025-12-13;11;57
50;2025-12-13;12;103
50;2025-12-13;13;69
50;2025-12-13;14;83
50;2025-12-13;15;122
50;2025-12-13;16;78
50;2025-12-13;17;75
50;2025-12-13;18;19
50;2025-12-13;19;18
50;2025-12-13;20;10
50;2025-12-13;21;12
50;2025-12-13;22;12
50;2025-12-13;23;3
50;2025-12-14;0;3
50;2025-12-14;1;0
50;2025-12-14;2;0
50;2025-12-14;3;0
50;2025-12-14;4;0
50;2025-12-14;5;0
50;2025-12-14;6;0
50;2025-12-14;7;0
50;2025-12-14;8;0
50;2025-12-14;9;0
50;2025-12-14;10;23
50;2025-12-14;11;92
50;2025-12-14;12;74
50;2025-12-14;13;83
50;2025-12-14;14;120
50;2025-12-14;15;94
50;2025-12-14;16;87
50;2025-12-14;17;94
50;2025-12-14;18;60
50;2025-12-14;19;74
50;2025-12-14;20;46
50;2025-12-14;21;31
50;2025-12-14;22;33
50;2025-12-14;23;11
50;2025-12-15;0;28
50;2025-12-15;1;3
50;2025-12-15;2;1
50;2025-12-15;3;0
50;2025-12-15;4;3
50;2025-12-15;5;66
50;2025-12-15;6;513
50;2025-12-15;7;1646
50;2025-12-15;8;2808
50;2025-12-15;9;2163
50;2025-12-15;10;1674
50;2025-12-15;11;1489
50;2025-12-15;12;1385
50;2025-12-15;13;1489
50;2025-12-15;14;1413
50;2025-12-15;15;1661
50;2025-12-15;16;1635
50;2025-12-15;17;2398
50;2025-12-15;18;2432
50;2025-12-15;19;1420
50;2025-12-15;20;931
50;2025-12-15;21;626
50;2025-12-15;22;247
50;2025-12-15;23;139
50;2025-12-16;0;28
50;2025-12-16;1;3
50;2025-12-16;2;1
50;2025-12-16;3;1
50;2025-12-16;4;3
50;2025-12-16;5;67
50;2025-12-16;6;522
50;2025-12-16;7;1671
50;2025-12-16;8;2849
50;2025-12-16;9;2200
50;2025-12-16;10;1708
50;2025-12-16;11;1514
50;2025-12-16;12;1414
50;2025-12-16;13;1515
50;2025-12-16;14;1439
50;2025-12-16;15;1689
50;2025-12-16;16;1658
50;2025-12-16;17;2421
50;2025-12-16;18;2446
50;2025-12-16;19;1435
50;2025-12-16;20;942
50;2025-12-16;21;636
50;2025-12-16;22;251
50;2025-12-16;23;142
50;2025-12-17;0;28
50;2025-12-17;1;3
50;2025-12-17;2;1
50;2025-12-17;3;1
50;2025-12-17;4;3
50;2025-12-17;5;68
50;2025-12-17;6;523
50;2025-12-17;7;1678
50;2025-12-17;8;2857
50;2025-12-17;9;2212
50;2025-12-17;10;1720
50;2025-12-17;11;1526
50;2025-12-17;12;1438
50;2025-12-17;13;1528
50;2025-12-17;14;1457
50;2025-12-17;15;1708
50;2025-12-17;16;1680
50;2025-12-17;17;2450
50;2025-12-17;18;2469
50;2025-12-17;19;1455
50;2025-12-17;20;949
50;2025-12-17;21;642
50;2025-12-17;22;254
50;2025-12-17;23;145
50;2025-12-18;0;28
50;2025-12-18;1;3
50;2025-12-18;2;1
50;2025-12-18;3;1
50;2025-12-18;4;3
50;2025-12-18;5;68
50;2025-12-18;6;526
50;2025-12-18;7;1690
50;2025-12-18;8;2865
50;2025-12-18;9;2211
50;2025-12-18;10;1720
50;2025-12-18;11;1526
50;2025-12-18;12;1435
50;2025-12-18;13;1539
50;2025-12-18;14;1464
50;2025-12-18;15;1717
50;2025-12-18;16;1692
50;2025-12-18;17;2456
50;2025-12-18;18;2476
50;2025-12-18;19;1466
50;2025-12-18;20;953
50;2025-12-18;21;645
50;2025-12-18;22;256
50;2025-12-18;23;145
50;2025-12-19;0;28
50;2025-12-19;1;3
50;2025-12-19;2;1
50;2025-12-19;3;1
50;2025-12-19;4;3
50;2025-12-19;5;67
50;2025-12-19;6;522
50;2025-12-19;7;1672
50;2025-12-19;8;2793
50;2025-12-19;9;2202
50;2025-12-19;10;1714
50;2025-12-19;11;1532
50;2025-12-19;12;1436
50;2025-12-19;13;1532
50;2025-12-19;14;1460
50;2025-12-19;15;1713
50;2025-12-19;16;1681
50;2025-12-19;17;2362
50;2025-12-19;18;2253
50;2025-12-19;19;1429
50;2025-12-19;20;939
50;2025-12-19;21;637
50;2025-12-19;22;254
50;2025-12-19;23;144
50;2025-12-20;0;57
50;2025-12-20;1;4
50;2025-12-20;2;0
50;2025-12-20;3;3
50;2025-12-20;4;1
50;2025-12-20;5;12
50;2025-12-20;6;14
50;2025-12-20;7;23
50;2025-12-20;8;46
50;2025-12-20;9;90
50;2025-12-20;10;31
50;2025-12-20;11;59
50;2025-12-20;12;106
50;2025-12-20;13;71
50;2025-12-20;14;86
50;2025-12-20;15;127
50;2025-12-20;16;81
50;2025-12-20;17;78
50;2025-12-20;18;19
50;2025-12-20;19;18
50;2025-12-20;20;11
50;2025-12-20;21;12
50;2025-12-20;22;12
50;2025-12-20;23;3
50;2025-12-21;0;3
50;2025-12-21;1;0
50;2025-12-21;2;0
50;2025-12-21;3;0
50;2025-12-21;4;0
50;2025-12-21;5;0
50;2025-12-21;6;0
50;2025-12-21;7;0
50;2025-12-21;8;0
50;2025-12-21;9;0
50;2025-12-21;10;23
50;2025-12-21;11;93
50;2025-12-21;12;75
50;2025-12-21;13;85
50;2025-12-21;14;123
50;2025-12-21;15;97
50;2025-12-21;16;88
50;2025-12-21;17;95
50;2025-12-21;18;61
50;2025-12-21;19;74
50;2025-12-21;20;46
50;2025-12-21;21;31
50;2025-12-21;22;33
50;2025-12-21;23;11
50;2025-12-22;0;28
50;2025-12-22;1;3
50;2025-12-22;2;1
50;2025-12-22;3;0
50;2025-12-22;4;3
50;2025-12-22;5;67
50;2025-12-22;6;516
50;2025-12-22;7;1656
50;2025-12-22;8;2832
50;2025-12-22;9;2177
50;2025-12-22;10;1684
50;2025-12-22;11;1493
50;2025-12-22;12;1381
50;2025-12-22;13;1480
50;2025-12-22;14;1402
50;2025-12-22;15;1652
50;2025-12-22;16;1618
50;2025-12-22;17;2373
50;2025-12-22;18;2419
50;2025-12-22;19;1411
50;2025-12-22;20;931
50;2025-12-22;21;628
50;2025-12-22;22;248
50;2025-12-22;23;140
50;2025-12-23;0;28
50;2025-12-23;1;3
50;2025-12-23;2;1
50;2025-12-23;3;1
50;2025-12-23;4;3
50;2025-12-23;5;67
50;2025-12-23;6;519
50;2025-12-23;7;1642
50;2025-12-23;8;2786
50;2025-12-23;9;2155
50;2025-12-23;10;1687
50;2025-12-23;11;1500
50;2025-12-23;12;1405
50;2025-12-23;13;1501
50;2025-12-23;14;1433
50;2025-12-23;15;1680
50;2025-12-23;16;1652
50;2025-12-23;17;2404
50;2025-12-23;18;2428
50;2025-12-23;19;1444
50;2025-12-23;20;938
50;2025-12-23;21;632
50;2025-12-23;22;250
50;2025-12-23;23;141
50;2025-12-24;0;28
50;2025-12-24;1;3
50;2025-12-24;2;1
50;2025-12-24;3;0
50;2025-12-24;4;3
50;2025-12-24;5;67
50;2025-12-24;6;518
50;2025-12-24;7;1658
50;2025-12-24;8;2814
50;2025-12-24;9;2180
50;2025-12-24;10;1691
50;2025-12-24;11;1496
50;2025-12-24;12;1409
50;2025-12-24;13;1492
50;2025-12-24;14;1425
50;2025-12-24;15;1672
50;2025-12-24;16;1645
50;2025-12-24;17;2403
50;2025-12-24;18;2426
50;2025-12-24;19;1431
50;2025-12-24;20;934
50;2025-12-24;21;632
50;2025-12-24;22;251
50;2025-12-24;23;143
50;2025-12-25;0;28
50;2025-12-25;1;3
50;2025-12-25;2;1
50;2025-12-25;3;1
50;2025-12-25;4;3
50;2025-12-25;5;68
50;2025-12-25;6;526
50;2025-12-25;7;1682
50;2025-12-25;8;2865
50;2025-12-25;9;2191
50;2025-12-25;10;1709
50;2025-12-25;11;1514
50;2025-12-25;12;1423
50;2025-12-25;13;1519
50;2025-12-25;14;1440
50;2025-12-25;15;1690
50;2025-12-25;16;1664
50;2025-12-25;17;2415
50;2025-12-25;18;2440
50;2025-12-25;19;1439
50;2025-12-25;20;949
50;2025-12-25;21;641
50;2025-12-25;22;254
50;2025-12-25;23;145
50;2025-12-26;0;28
50;2025-12-26;1;3
50;2025-12-26;2;1
50;2025-12-26;3;0
50;2025-12-26;4;3
50;2025-12-26;5;66
50;2025-12-26;6;513
50;2025-12-26;7;1620
50;2025-12-26;8;2695
50;2025-12-26;9;2089
50;2025-12-26;10;1638
50;2025-12-26;11;1452
50;2025-12-26;12;1368
50;2025-12-26;13;1452
50;2025-12-26;14;1396
50;2025-12-26;15;1622
50;2025-12-26;16;1594
50;2025-12-26;17;2234
50;2025-12-26;18;2213
50;2025-12-26;19;1384
50;2025-12-26;20;915
50;2025-12-26;21;623
50;2025-12-26;22;248
50;2025-12-26;23;141
50;2025-12-27;0;56
50;2025-12-27;1;4
50;2025-12-27;2;0
50;2025-12-27;3;3
50;2025-12-27;4;1
50;2025-12-27;5;11
50;2025-12-27;6;14
50;2025-12-27;7;22
50;2025-12-27;8;46
50;2025-12-27;9;89
50;2025-12-27;10;31
50;2025-12-27;11;58
50;2025-12-27;12;105
50;2025-12-27;13;70
50;2025-12-27;14;86
50;2025-12-27;15;125
50;2025-12-27;16;80
50;2025-12-27;17;77
50;2025-12-27;18;19
50;2025-12-27;19;18
50;2025-12-27;20;11
50;2025-12-27;21;12
50;2025-12-27;22;11
50;2025-12-27;23;3
50;2025-12-28;0;3
50;2025-12-28;1;0
50;2025-12-28;2;0
50;2025-12-28;3;0
50;2025-12-28;4;0
50;2025-12-28;5;0
50;2025-12-28;6;0
50;2025-12-28;7;0
50;2025-12-28;8;0
50;2025-12-28;9;0
50;2025-12-28;10;23
50;2025-12-28;11;92
50;2025-12-28;12;74
50;2025-12-28;13;84
50;2025-12-28;14;121
50;2025-12-28;15;95
50;2025-12-28;16;87
50;2025-12-28;17;94
50;2025-12-28;18;60
50;2025-12-28;19;74
50;2025-12-28;20;46
50;2025-12-28;21;31
50;2025-12-28;22;33
50;2025-12-28;23;11
50;2025-12-29;0;28
50;2025-12-29;1;3
50;2025-12-29;2;1
50;2025-12-29;3;0
50;2025-12-29;4;3
50;2025-12-29;5;67
50;2025-12-29;6;516
50;2025-12-29;7;1655
50;2025-12-29;8;2833
50;2025-12-29;9;2169
50;2025-12-29;10;1684
50;2025-12-29;11;1495
50;2025-12-29;12;1390
50;2025-12-29;13;1496
50;2025-12-29;14;1419
50;2025-12-29;15;1667
50;2025-12-29;16;1641
50;2025-12-29;17;2406
50;2025-12-29;18;2442
50;2025-12-29;19;1416
50;2025-12-29;20;936
50;2025-12-29;21;629
50;2025-12-29;22;248
50;2025-12-29;23;140
50;2025-12-30;0;28
50;2025-12-30;1;3
50;2025-12-30;2;1
50;2025-12-30;3;1
50;2025-12-30;4;3
50;2025-12-30;5;67
50;2025-12-30;6;522
50;2025-12-30;7;1674
50;2025-12-30;8;2839
50;2025-12-30;9;2191
50;2025-12-30;10;1712
50;2025-12-30;11;1520
50;2025-12-30;12;1419
50;2025-12-30;13;1520
50;2025-12-30;14;1446
50;2025-12-30;15;1697
50;2025-12-30;16;1669
50;2025-12-30;17;2393
50;2025-12-30;18;2346
50;2025-12-30;19;1416
50;2025-12-30;20;938
50;2025-12-30;21;635
50;2025-12-30;22;252
50;2025-12-30;23;142
50;2025-12-31;0;3
50;2025-12-31;1;0
50;2025-12-31;2;0
50;2025-12-31;3;0
50;2025-12-31;4;0
50;2025-12-31;5;0
50;2025-12-31;6;0
50;2025-12-31;7;0
50;2025-12-31;8;0
50;2025-12-31;9;0
50;2025-12-31;10;23
50;2025-12-31;11;88
50;2025-12-31;12;71
50;2025-12-31;13;80
50;2025-12-31;14;116
50;2025-12-31;15;91
50;2025-12-31;16;83
50;2025-12-31;17;90
50;2025-12-31;18;58
50;2025-12-31;19;71
50;2025-12-31;20;46
50;2025-12-31;21;32
50;2025-12-31;22;34
50;2025-12-31;23;11
