route;date;hour;prediction
1;2025-11-01;0;4
1;2025-11-01;1;0
1;2025-11-01;2;0
1;2025-11-01;3;0
1;2025-11-01;4;9
1;2025-11-01;5;118
1;2025-11-01;6;478
1;2025-11-01;7;1530
1;2025-11-01;8;1823
1;2025-11-01;9;1362
1;2025-11-01;10;1304
1;2025-11-01;11;1306
1;2025-11-01;12;1351
1;2025-11-01;13;1420
1;2025-11-01;14;1401
1;2025-11-01;15;1538
1;2025-11-01;16;1495
1;2025-11-01;17;1756
1;2025-11-01;18;1760
1;2025-11-01;19;1303
1;2025-11-01;20;896
1;2025-11-01;21;475
1;2025-11-01;22;189
1;2025-11-01;23;41
1;2025-11-02;0;0
1;2025-11-02;1;0
1;2025-11-02;2;0
1;2025-11-02;3;0
1;2025-11-02;4;0
1;2025-11-02;5;20
1;2025-11-02;6;125
1;2025-11-02;7;291
1;2025-11-02;8;369
1;2025-11-02;9;641
1;2025-11-02;10;746
1;2025-11-02;11;746
1;2025-11-02;12;884
1;2025-11-02;13;893
1;2025-11-02;14;827
1;2025-11-02;15;754
1;2025-11-02;16;696
1;2025-11-02;17;603
1;2025-11-02;18;541
1;2025-11-02;19;466
1;2025-11-02;20;370
1;2025-11-02;21;299
1;2025-11-02;22;111
1;2025-11-02;23;25
1;2025-11-03;0;0
1;2025-11-03;1;0
1;2025-11-03;2;0
1;2025-11-03;3;0
1;2025-11-03;4;0
1;2025-11-03;5;20
1;2025-11-03;6;122
1;2025-11-03;7;285
1;2025-11-03;8;365
1;2025-11-03;9;622
1;2025-11-03;10;725
1;2025-11-03;11;713
1;2025-11-03;12;852
1;2025-11-03;13;872
1;2025-11-03;14;786
1;2025-11-03;15;714
1;2025-11-03;16;665
1;2025-11-03;17;580
1;2025-11-03;18;526
1;2025-11-03;19;455
1;2025-11-03;20;359
1;2025-11-03;21;287
1;2025-11-03;22;107
1;2025-11-03;23;24
1;2025-11-04;0;0
1;2025-11-04;1;0
1;2025-11-04;2;0
1;2025-11-04;3;0
1;2025-11-04;4;0
1;2025-11-04;5;20
1;2025-11-04;6;123
1;2025-11-04;7;288
1;2025-11-04;8;362
1;2025-11-04;9;622
1;2025-11-04;10;727
1;2025-11-04;11;721
1;2025-11-04;12;862
1;2025-11-04;13;894
1;2025-11-04;14;819
1;2025-11-04;15;748
1;2025-11-04;16;688
1;2025-11-04;17;590
1;2025-11-04;18;534
1;2025-11-04;19;464
1;2025-11-04;20;368
1;2025-11-04;21;294
1;2025-11-04;22;110
1;2025-11-04;23;25
1;2025-11-05;0;4
1;2025-11-05;1;0
1;2025-11-05;2;0
1;2025-11-05;3;0
1;2025-11-05;4;10
1;2025-11-05;5;126
1;2025-11-05;6;512
1;2025-11-05;7;1584
1;2025-11-05;8;2018
1;2025-11-05;9;1470
1;2025-11-05;10;1413
1;2025-11-05;11;1400
1;2025-11-05;12;1436
1;2025-11-05;13;1510
1;2025-11-05;14;1501
1;2025-11-05;15;1623
1;2025-11-05;16;1578
1;2025-11-05;17;1860
1;2025-11-05;18;1919
1;2025-11-05;19;1396
1;2025-11-05;20;963
1;2025-11-05;21;504
1;2025-11-05;22;199
1;2025-11-05;23;43
1;2025-11-06;0;4
1;2025-11-06;1;0
1;2025-11-06;2;0
1;2025-11-06;3;0
1;2025-11-06;4;10
1;2025-11-06;5;126
1;2025-11-06;6;509
1;2025-11-06;7;1572
1;2025-11-06;8;1999
1;2025-11-06;9;1461
1;2025-11-06;10;1404
1;2025-11-06;11;1392
1;2025-11-06;12;1431
1;2025-11-06;13;1504
1;2025-11-06;14;1490
1;2025-11-06;15;1600
1;2025-11-06;16;1560
1;2025-11-06;17;1834
1;2025-11-06;18;1883
1;2025-11-06;19;1369
1;2025-11-06;20;948
1;2025-11-06;21;500
1;2025-11-06;22;198
1;2025-11-06;23;43
1;2025-11-07;0;4
1;2025-11-07;1;0
1;2025-11-07;2;0
1;2025-11-07;3;0
1;2025-11-07;4;10
1;2025-11-07;5;129
1;2025-11-07;6;528
1;2025-11-07;7;1597
1;2025-11-07;8;1893
1;2025-11-07;9;1480
1;2025-11-07;10;1435
1;2025-11-07;11;1435
1;2025-11-07;12;1463
1;2025-11-07;13;1538
1;2025-11-07;14;1521
1;2025-11-07;15;1646
1;2025-11-07;16;1592
1;2025-11-07;17;1877
1;2025-11-07;18;1833
1;2025-11-07;19;1364
1;2025-11-07;20;977
1;2025-11-07;21;513
1;2025-11-07;22;205
1;2025-11-07;23;45
1;2025-11-08;0;4
1;2025-11-08;1;0
1;2025-11-08;2;0
1;2025-11-08;3;0
1;2025-11-08;4;0
1;2025-11-08;5;29
1;2025-11-08;6;153
1;2025-11-08;7;345
1;2025-11-08;8;475
1;2025-11-08;9;732
1;2025-11-08;10;962
1;2025-11-08;11;927
1;2025-11-08;12;1079
1;2025-11-08;13;1143
1;2025-11-08;14;1080
1;2025-11-08;15;940
1;2025-11-08;16;793
1;2025-11-08;17;737
1;2025-11-08;18;650
1;2025-11-08;19;544
1;2025-11-08;20;427
1;2025-11-08;21;323
1;2025-11-08;22;125
1;2025-11-08;23;29
1;2025-11-09;0;0
1;2025-11-09;1;0
1;2025-11-09;2;0
1;2025-11-09;3;0
1;2025-11-09;4;0
1;2025-11-09;5;20
1;2025-11-09;6;123
1;2025-11-09;7;286
1;2025-11-09;8;372
1;2025-11-09;9;645
1;2025-11-09;10;747
1;2025-11-09;11;747
1;2025-11-09;12;883
1;2025-11-09;13;899
1;2025-11-09;14;824
1;2025-11-09;15;754
1;2025-11-09;16;700
1;2025-11-09;17;606
1;2025-11-09;18;545
1;2025-11-09;19;471
1;2025-11-09;20;364
1;2025-11-09;21;292
1;2025-11-09;22;110
1;2025-11-09;23;24
1;2025-11-10;0;4
1;2025-11-10;1;0
1;2025-11-10;2;0
1;2025-11-10;3;0
1;2025-11-10;4;10
1;2025-11-10;5;123
1;2025-11-10;6;502
1;2025-11-10;7;1563
1;2025-11-10;8;2005
1;2025-11-10;9;1441
1;2025-11-10;10;1384
1;2025-11-10;11;1383
1;2025-11-10;12;1419
1;2025-11-10;13;1488
1;2025-11-10;14;1471
1;2025-11-10;15;1595
1;2025-11-10;16;1555
1;2025-11-10;17;1832
1;2025-11-10;18;1902
1;2025-11-10;19;1382
1;2025-11-10;20;952
1;2025-11-10;21;495
1;2025-11-10;22;195
1;2025-11-10;23;43
1;2025-11-11;0;4
1;2025-11-11;1;0
1;2025-11-11;2;0
1;2025-11-11;3;0
1;2025-11-11;4;10
1;2025-11-11;5;127
1;2025-11-11;6;519
1;2025-11-11;7;1606
1;2025-11-11;8;2060
1;2025-11-11;9;1488
1;2025-11-11;10;1436
1;2025-11-11;11;1436
1;2025-11-11;12;1467
1;2025-11-11;13;1543
1;2025-11-11;14;1521
1;2025-11-11;15;1653
1;2025-11-11;16;1612
1;2025-11-11;17;1891
1;2025-11-11;18;1955
1;2025-11-11;19;1423
1;2025-11-11;20;980
1;2025-11-11;21;512
1;2025-11-11;22;201
1;2025-11-11;23;45
1;2025-11-12;0;4
1;2025-11-12;1;0
1;2025-11-12;2;0
1;2025-11-12;3;0
1;2025-11-12;4;10
1;2025-11-12;5;126
1;2025-11-12;6;516
1;2025-11-12;7;1595
1;2025-11-12;8;2051
1;2025-11-12;9;1482
1;2025-11-12;10;1426
1;2025-11-12;11;1414
1;2025-11-12;12;1453
1;2025-11-12;13;1523
1;2025-11-12;14;1509
1;2025-11-12;15;1634
1;2025-11-12;16;1589
1;2025-11-12;17;1868
1;2025-11-12;18;1932
1;2025-11-12;19;1404
1;2025-11-12;20;971
1;2025-11-12;21;509
1;2025-11-12;22;201
1;2025-11-12;23;44
1;2025-11-13;0;4
1;2025-11-13;1;0
1;2025-11-13;2;0
1;2025-11-13;3;0
1;2025-11-13;4;10
1;2025-11-13;5;126
1;2025-11-13;6;516
1;2025-11-13;7;1598
1;2025-11-13;8;2055
1;2025-11-13;9;1485
1;2025-11-13;10;1427
1;2025-11-13;11;1424
1;2025-11-13;12;1457
1;2025-11-13;13;1528
1;2025-11-13;14;1509
1;2025-11-13;15;1633
1;2025-11-13;16;1588
1;2025-11-13;17;1864
1;2025-11-13;18;1926
1;2025-11-13;19;1396
1;2025-11-13;20;966
1;2025-11-13;21;506
1;2025-11-13;22;200
1;2025-11-13;23;44
1;2025-11-14;0;4
1;2025-11-14;1;0
1;2025-11-14;2;0
1;2025-11-14;3;0
1;2025-11-14;4;10
1;2025-11-14;5;127
1;2025-11-14;6;518
1;2025-11-14;7;1590
1;2025-11-14;8;1965
1;2025-11-14;9;1476
1;2025-11-14;10;1420
1;2025-11-14;11;1420
1;2025-11-14;12;1460
1;2025-11-14;13;1528
1;2025-11-14;14;1513
1;2025-11-14;15;1648
1;2025-11-14;16;1599
1;2025-11-14;17;1864
1;2025-11-14;18;1841
1;2025-11-14;19;1386
1;2025-11-14;20;970
1;2025-11-14;21;510
1;2025-11-14;22;203
1;2025-11-14;23;44
1;2025-11-15;0;4
1;2025-11-15;1;0
1;2025-11-15;2;0
1;2025-11-15;3;0
1;2025-11-15;4;0
1;2025-11-15;5;29
1;2025-11-15;6;149
1;2025-11-15;7;336
1;2025-11-15;8;459
1;2025-11-15;9;706
1;2025-11-15;10;919
1;2025-11-15;11;871
1;2025-11-15;12;1047
1;2025-11-15;13;1105
1;2025-11-15;14;1032
1;2025-11-15;15;887
1;2025-11-15;16;755
1;2025-11-15;17;702
1;2025-11-15;18;620
1;2025-11-15;19;522
1;2025-11-15;20;420
1;2025-11-15;21;320
1;2025-11-15;22;124
1;2025-11-15;23;28
1;2025-11-16;0;0
1;2025-11-16;1;0
1;2025-11-16;2;0
1;2025-11-16;3;0
1;2025-11-16;4;0
1;2025-11-16;5;20
1;2025-11-16;6;122
1;2025-11-16;7;285
1;2025-11-16;8;372
1;2025-11-16;9;642
1;2025-11-16;10;748
1;2025-11-16;11;749
1;2025-11-16;12;891
1;2025-11-16;13;907
1;2025-11-16;14;827
1;2025-11-16;15;757
1;2025-11-16;16;699
1;2025-11-16;17;605
1;2025-11-16;18;542
1;2025-11-16;19;474
1;2025-11-16;20;370
1;2025-11-16;21;296
1;2025-11-16;22;111
1;2025-11-16;23;24
1;2025-11-17;0;4
1;2025-11-17;1;0
1;2025-11-17;2;0
1;2025-11-17;3;0
1;2025-11-17;4;10
1;2025-11-17;5;124
1;2025-11-17;6;506
1;2025-11-17;7;1568
1;2025-11-17;8;2000
1;2025-11-17;9;1434
1;2025-11-17;10;1376
1;2025-11-17;11;1371
1;2025-11-17;12;1412
1;2025-11-17;13;1482
1;2025-11-17;14;1464
1;2025-11-17;15;1592
1;2025-11-17;16;1549
1;2025-11-17;17;1825
1;2025-11-17;18;1904
1;2025-11-17;19;1395
1;2025-11-17;20;968
1;2025-11-17;21;503
1;2025-11-17;22;199
1;2025-11-17;23;43
1;2025-11-18;0;4
1;2025-11-18;1;0
1;2025-11-18;2;0
1;2025-11-18;3;0
1;2025-11-18;4;9
1;2025-11-18;5;124
1;2025-11-18;6;505
1;2025-11-18;7;1546
1;2025-11-18;8;1954
1;2025-11-18;9;1421
1;2025-11-18;10;1360
1;2025-11-18;11;1355
1;2025-11-18;12;1387
1;2025-11-18;13;1458
1;2025-11-18;14;1437
1;2025-11-18;15;1569
1;2025-11-18;16;1529
1;2025-11-18;17;1790
1;2025-11-18;18;1859
1;2025-11-18;19;1359
1;2025-11-18;20;945
1;2025-11-18;21;495
1;2025-11-18;22;195
1;2025-11-18;23;43
1;2025-11-19;0;4
1;2025-11-19;1;0
1;2025-11-19;2;0
1;2025-11-19;3;0
1;2025-11-19;4;10
1;2025-11-19;5;128
1;2025-11-19;6;524
1;2025-11-19;7;1622
1;2025-11-19;8;2084
1;2025-11-19;9;1508
1;2025-11-19;10;1438
1;2025-11-19;11;1436
1;2025-11-19;12;1482
1;2025-11-19;13;1555
1;2025-11-19;14;1537
1;2025-11-19;15;1665
1;2025-11-19;16;1620
1;2025-11-19;17;1906
1;2025-11-19;18;1970
1;2025-11-19;19;1442
1;2025-11-19;20;1003
1;2025-11-19;21;524
1;2025-11-19;22;207
1;2025-11-19;23;45
1;2025-11-20;0;4
1;2025-11-20;1;0
1;2025-11-20;2;0
1;2025-11-20;3;0
1;2025-11-20;4;10
1;2025-11-20;5;128
1;2025-11-20;6;523
1;2025-11-20;7;1616
1;2025-11-20;8;2074
1;2025-11-20;9;1503
1;2025-11-20;10;1447
1;2025-11-20;11;1444
1;2025-11-20;12;1478
1;2025-11-20;13;1549
1;2025-11-20;14;1531
1;2025-11-20;15;1660
1;2025-11-20;16;1614
1;2025-11-20;17;1897
1;2025-11-20;18;1963
1;2025-11-20;19;1428
1;2025-11-20;20;988
1;2025-11-20;21;518
1;2025-11-20;22;204
1;2025-11-20;23;44
1;2025-11-21;0;4
1;2025-11-21;1;0
1;2025-11-21;2;0
1;2025-11-21;3;0
1;2025-11-21;4;10
1;2025-11-21;5;130
1;2025-11-21;6;528
1;2025-11-21;7;1635
1;2025-11-21;8;2040
1;2025-11-21;9;1518
1;2025-11-21;10;1462
1;2025-11-21;11;1460
1;2025-11-21;12;1497
1;2025-11-21;13;1570
1;2025-11-21;14;1552
1;2025-11-21;15;1683
1;2025-11-21;16;1635
1;2025-11-21;17;1899
1;2025-11-21;18;1878
1;2025-11-21;19;1423
1;2025-11-21;20;1002
1;2025-11-21;21;526
1;2025-11-21;22;209
1;2025-11-21;23;46
1;2025-11-22;0;4
1;2025-11-22;1;0
1;2025-11-22;2;0
1;2025-11-22;3;0
1;2025-11-22;4;0
1;2025-11-22;5;29
1;2025-11-22;6;155
1;2025-11-22;7;354
1;2025-11-22;8;486
1;2025-11-22;9;749
1;2025-11-22;10;985
1;2025-11-22;11;938
1;2025-11-22;12;1127
1;2025-11-22;13;1175
1;2025-11-22;14;1105
1;2025-11-22;15;943
1;2025-11-22;16;799
1;2025-11-22;17;743
1;2025-11-22;18;655
1;2025-11-22;19;548
1;2025-11-22;20;437
1;2025-11-22;21;322
1;2025-11-22;22;126
1;2025-11-22;23;28
1;2025-11-23;0;0
1;2025-11-23;1;0
1;2025-11-23;2;0
1;2025-11-23;3;0
1;2025-11-23;4;0
1;2025-11-23;5;21
1;2025-11-23;6;123
1;2025-11-23;7;287
1;2025-11-23;8;375
1;2025-11-23;9;646
1;2025-11-23;10;752
1;2025-11-23;11;754
1;2025-11-23;12;897
1;2025-11-23;13;913
1;2025-11-23;14;834
1;2025-11-23;15;762
1;2025-11-23;16;705
1;2025-11-23;17;611
1;2025-11-23;18;548
1;2025-11-23;19;478
1;2025-11-23;20;372
1;2025-11-23;21;299
1;2025-11-23;22;112
1;2025-11-23;23;24
1;2025-11-24;0;4
1;2025-11-24;1;0
1;2025-11-24;2;0
1;2025-11-24;3;0
1;2025-11-24;4;10
1;2025-11-24;5;122
1;2025-11-24;6;494
1;2025-11-24;7;1530
1;2025-11-24;8;1947
1;2025-11-24;9;1406
1;2025-11-24;10;1338
1;2025-11-24;11;1329
1;2025-11-24;12;1370
1;2025-11-24;13;1433
1;2025-11-24;14;1416
1;2025-11-24;15;1536
1;2025-11-24;16;1491
1;2025-11-24;17;1757
1;2025-11-24;18;1840
1;2025-11-24;19;1337
1;2025-11-24;20;921
1;2025-11-24;21;481
1;2025-11-24;22;190
1;2025-11-24;23;42
1;2025-11-25;0;4
1;2025-11-25;1;0
1;2025-11-25;2;0
1;2025-11-25;3;0
1;2025-11-25;4;10
1;2025-11-25;5;126
1;2025-11-25;6;513
1;2025-11-25;7;1592
1;2025-11-25;8;2039
1;2025-11-25;9;1473
1;2025-11-25;10;1421
1;2025-11-25;11;1418
1;2025-11-25;12;1451
1;2025-11-25;13;1527
1;2025-11-25;14;1506
1;2025-11-25;15;1637
1;2025-11-25;16;1593
1;2025-11-25;17;1869
1;2025-11-25;18;1932
1;2025-11-25;19;1416
1;2025-11-25;20;982
1;2025-11-25;21;512
1;2025-11-25;22;202
1;2025-11-25;23;44
1;2025-11-26;0;4
1;2025-11-26;1;0
1;2025-11-26;2;0
1;2025-11-26;3;0
1;2025-11-26;4;10
1;2025-11-26;5;126
1;2025-11-26;6;512
1;2025-11-26;7;1575
1;2025-11-26;8;2022
1;2025-11-26;9;1458
1;2025-11-26;10;1408
1;2025-11-26;11;1398
1;2025-11-26;12;1431
1;2025-11-26;13;1502
1;2025-11-26;14;1482
1;2025-11-26;15;1602
1;2025-11-26;16;1560
1;2025-11-26;17;1836
1;2025-11-26;18;1913
1;2025-11-26;19;1402
1;2025-11-26;20;978
1;2025-11-26;21;511
1;2025-11-26;22;202
1;2025-11-26;23;44
1;2025-11-27;0;4
1;2025-11-27;1;0
1;2025-11-27;2;0
1;2025-11-27;3;0
1;2025-11-27;4;10
1;2025-11-27;5;126
1;2025-11-27;6;512
1;2025-11-27;7;1589
1;2025-11-27;8;2046
1;2025-11-27;9;1475
1;2025-11-27;10;1418
1;2025-11-27;11;1409
1;2025-11-27;12;1443
1;2025-11-27;13;1512
1;2025-11-27;14;1495
1;2025-11-27;15;1621
1;2025-11-27;16;1577
1;2025-11-27;17;1857
1;2025-11-27;18;1916
1;2025-11-27;19;1391
1;2025-11-27;20;962
1;2025-11-27;21;504
1;2025-11-27;22;200
1;2025-11-27;23;43
1;2025-11-28;0;4
1;2025-11-28;1;0
1;2025-11-28;2;0
1;2025-11-28;3;0
1;2025-11-28;4;10
1;2025-11-28;5;127
1;2025-11-28;6;518
1;2025-11-28;7;1587
1;2025-11-28;8;2008
1;2025-11-28;9;1474
1;2025-11-28;10;1433
1;2025-11-28;11;1431
1;2025-11-28;12;1462
1;2025-11-28;13;1538
1;2025-11-28;14;1520
1;2025-11-28;15;1638
1;2025-11-28;16;1589
1;2025-11-28;17;1854
1;2025-11-28;18;1831
1;2025-11-28;19;1380
1;2025-11-28;20;964
1;2025-11-28;21;509
1;2025-11-28;22;203
1;2025-11-28;23;44
1;2025-11-29;0;4
1;2025-11-29;1;0
1;2025-11-29;2;0
1;2025-11-29;3;0
1;2025-11-29;4;0
1;2025-11-29;5;29
1;2025-11-29;6;155
1;2025-11-29;7;348
1;2025-11-29;8;480
1;2025-11-29;9;742
1;2025-11-29;10;979
1;2025-11-29;11;933
1;2025-11-29;12;1124
1;2025-11-29;13;1166
1;2025-11-29;14;1097
1;2025-11-29;15;941
1;2025-11-29;16;797
1;2025-11-29;17;740
1;2025-11-29;18;654
1;2025-11-29;19;550
1;2025-11-29;20;433
1;2025-11-29;21;327
1;2025-11-29;22;127
1;2025-11-29;23;29
1;2025-11-30;0;0
1;2025-11-30;1;0
1;2025-11-30;2;0
1;2025-11-30;3;0
1;2025-11-30;4;0
1;2025-11-30;5;20
1;2025-11-30;6;122
1;2025-11-30;7;284
1;2025-11-30;8;371
1;2025-11-30;9;643
1;2025-11-30;10;746
1;2025-11-30;11;746
1;2025-11-30;12;889
1;2025-11-30;13;906
1;2025-11-30;14;826
1;2025-11-30;15;753
1;2025-11-30;16;696
1;2025-11-30;17;606
1;2025-11-30;18;545
1;2025-11-30;19;469
1;2025-11-30;20;363
1;2025-11-30;21;292
1;2025-11-30;22;109
1;2025-11-30;23;24
1;2025-12-01;0;4
1;2025-12-01;1;0
1;2025-12-01;2;0
1;2025-12-01;3;0
1;2025-12-01;4;10
1;2025-12-01;5;120
1;2025-12-01;6;491
1;2025-12-01;7;1528
1;2025-12-01;8;1956
1;2025-12-01;9;1407
1;2025-12-01;10;1352
1;2025-12-01;11;1349
1;2025-12-01;12;1383
1;2025-12-01;13;1451
1;2025-12-01;14;1434
1;2025-12-01;15;1556
1;2025-12-01;16;1514
1;2025-12-01;17;1784
1;2025-12-01;18;1854
1;2025-12-01;19;1349
1;2025-12-01;20;927
1;2025-12-01;21;484
1;2025-12-01;22;191
1;2025-12-01;23;42
1;2025-12-02;0;4
1;2025-12-02;1;0
1;2025-12-02;2;0
1;2025-12-02;3;0
1;2025-12-02;4;10
1;2025-12-02;5;124
1;2025-12-02;6;506
1;2025-12-02;7;1564
1;2025-12-02;8;2012
1;2025-12-02;9;1451
1;2025-12-02;10;1400
1;2025-12-02;11;1399
1;2025-12-02;12;1429
1;2025-12-02;13;1503
1;2025-12-02;14;1481
1;2025-12-02;15;1613
1;2025-12-02;16;1569
1;2025-12-02;17;1842
1;2025-12-02;18;1903
1;2025-12-02;19;1387
1;2025-12-02;20;956
1;2025-12-02;21;499
1;2025-12-02;22;197
1;2025-12-02;23;44
1;2025-12-03;0;4
1;2025-12-03;1;0
1;2025-12-03;2;0
1;2025-12-03;3;0
1;2025-12-03;4;10
1;2025-12-03;5;124
1;2025-12-03;6;507
1;2025-12-03;7;1571
1;2025-12-03;8;2018
1;2025-12-03;9;1461
1;2025-12-03;10;1403
1;2025-12-03;11;1401
1;2025-12-03;12;1436
1;2025-12-03;13;1507
1;2025-12-03;14;1488
1;2025-12-03;15;1613
1;2025-12-03;16;1569
1;2025-12-03;17;1846
1;2025-12-03;18;1907
1;2025-12-03;19;1385
1;2025-12-03;20;956
1;2025-12-03;21;501
1;2025-12-03;22;198
1;2025-12-03;23;44
1;2025-12-04;0;4
1;2025-12-04;1;0
1;2025-12-04;2;0
1;2025-12-04;3;0
1;2025-12-04;4;10
1;2025-12-04;5;124
1;2025-12-04;6;507
1;2025-12-04;7;1571
1;2025-12-04;8;2018
1;2025-12-04;9;1458
1;2025-12-04;10;1401
1;2025-12-04;11;1399
1;2025-12-04;12;1433
1;2025-12-04;13;1506
1;2025-12-04;14;1489
1;2025-12-04;15;1611
1;2025-12-04;16;1567
1;2025-12-04;17;1844
1;2025-12-04;18;1907
1;2025-12-04;19;1383
1;2025-12-04;20;956
1;2025-12-04;21;501
1;2025-12-04;22;199
1;2025-12-04;23;44
1;2025-12-05;0;4
1;2025-12-05;1;0
1;2025-12-05;2;0
1;2025-12-05;3;0
1;2025-12-05;4;10
1;2025-12-05;5;125
1;2025-12-05;6;510
1;2025-12-05;7;1582
1;2025-12-05;8;1989
1;2025-12-05;9;1472
1;2025-12-05;10;1417
1;2025-12-05;11;1421
1;2025-12-05;12;1457
1;2025-12-05;13;1532
1;2025-12-05;14;1515
1;2025-12-05;15;1646
1;2025-12-05;16;1594
1;2025-12-05;17;1873
1;2025-12-05;18;1842
1;2025-12-05;19;1373
1;2025-12-05;20;960
1;2025-12-05;21;504
1;2025-12-05;22;202
1;2025-12-05;23;45
1;2025-12-06;0;4
1;2025-12-06;1;0
1;2025-12-06;2;0
1;2025-12-06;3;0
1;2025-12-06;4;0
1;2025-12-06;5;29
1;2025-12-06;6;155
1;2025-12-06;7;348
1;2025-12-06;8;480
1;2025-12-06;9;744
1;2025-12-06;10;983
1;2025-12-06;11;937
1;2025-12-06;12;1125
1;2025-12-06;13;1173
1;2025-12-06;14;1104
1;2025-12-06;15;946
1;2025-12-06;16;798
1;2025-12-06;17;741
1;2025-12-06;18;655
1;2025-12-06;19;552
1;2025-12-06;20;433
1;2025-12-06;21;327
1;2025-12-06;22;127
1;2025-12-06;23;29
1;2025-12-07;0;0
1;2025-12-07;1;0
1;2025-12-07;2;0
1;2025-12-07;3;0
1;2025-12-07;4;0
1;2025-12-07;5;20
1;2025-12-07;6;122
1;2025-12-07;7;287
1;2025-12-07;8;374
1;2025-12-07;9;648
1;2025-12-07;10;752
1;2025-12-07;11;753
1;2025-12-07;12;896
1;2025-12-07;13;914
1;2025-12-07;14;834
1;2025-12-07;15;763
1;2025-12-07;16;704
1;2025-12-07;17;611
1;2025-12-07;18;550
1;2025-12-07;19;474
1;2025-12-07;20;368
1;2025-12-07;21;294
1;2025-12-07;22;110
1;2025-12-07;23;25
1;2025-12-08;0;4
1;2025-12-08;1;0
1;2025-12-08;2;0
1;2025-12-08;3;0
1;2025-12-08;4;10
1;2025-12-08;5;122
1;2025-12-08;6;500
1;2025-12-08;7;1554
1;2025-12-08;8;1992
1;2025-12-08;9;1433
1;2025-12-08;10;1376
1;2025-12-08;11;1373
1;2025-12-08;12;1406
1;2025-12-08;13;1475
1;2025-12-08;14;1458
1;2025-12-08;15;1583
1;2025-12-08;16;1541
1;2025-12-08;17;1814
1;2025-12-08;18;1885
1;2025-12-08;19;1372
1;2025-12-08;20;944
1;2025-12-08;21;492
1;2025-12-08;22;194
1;2025-12-08;23;43
1;2025-12-09;0;4
1;2025-12-09;1;0
1;2025-12-09;2;0
1;2025-12-09;3;0
1;2025-12-09;4;10
1;2025-12-09;5;125
1;2025-12-09;6;509
1;2025-12-09;7;1574
1;2025-12-09;8;2013
1;2025-12-09;9;1455
1;2025-12-09;10;1397
1;2025-12-09;11;1388
1;2025-12-09;12;1415
1;2025-12-09;13;1493
1;2025-12-09;14;1473
1;2025-12-09;15;1608
1;2025-12-09;16;1569
1;2025-12-09;17;1833
1;2025-12-09;18;1901
1;2025-12-09;19;1392
1;2025-12-09;20;961
1;2025-12-09;21;501
1;2025-12-09;22;199
1;2025-12-09;23;44
1;2025-12-10;0;4
1;2025-12-10;1;0
1;2025-12-10;2;0
1;2025-12-10;3;0
1;2025-12-10;4;10
1;2025-12-10;5;126
1;2025-12-10;6;513
1;2025-12-10;7;1578
1;2025-12-10;8;2021
1;2025-12-10;9;1462
1;2025-12-10;10;1406
1;2025-12-10;11;1400
1;2025-12-10;12;1437
1;2025-12-10;13;1507
1;2025-12-10;14;1489
1;2025-12-10;15;1612
1;2025-12-10;16;1569
1;2025-12-10;17;1846
1;2025-12-10;18;1917
1;2025-12-10;19;1402
1;2025-12-10;20;979
1;2025-12-10;21;512
1;2025-12-10;22;203
1;2025-12-10;23;45
1;2025-12-11;0;4
1;2025-12-11;1;0
1;2025-12-11;2;0
1;2025-12-11;3;0
1;2025-12-11;4;10
1;2025-12-11;5;126
1;2025-12-11;6;513
1;2025-12-11;7;1586
1;2025-12-11;8;2042
1;2025-12-11;9;1470
1;2025-12-11;10;1409
1;2025-12-11;11;1394
1;2025-12-11;12;1437
1;2025-12-11;13;1510
1;2025-12-11;14;1491
1;2025-12-11;15;1621
1;2025-12-11;16;1577
1;2025-12-11;17;1859
1;2025-12-11;18;1924
1;2025-12-11;19;1407
1;2025-12-11;20;966
1;2025-12-11;21;506
1;2025-12-11;22;201
1;2025-12-11;23;44
1;2025-12-12;0;4
1;2025-12-12;1;0
1;2025-12-12;2;0
1;2025-12-12;3;0
1;2025-12-12;4;10
1;2025-12-12;5;126
1;2025-12-12;6;516
1;2025-12-12;7;1584
1;2025-12-12;8;1987
1;2025-12-12;9;1472
1;2025-12-12;10;1426
1;2025-12-12;11;1423
1;2025-12-12;12;1454
1;2025-12-12;13;1527
1;2025-12-12;14;1510
1;2025-12-12;15;1624
1;2025-12-12;16;1575
1;2025-12-12;17;1808
1;2025-12-12;18;1805
1;2025-12-12;19;1378
1;2025-12-12;20;978
1;2025-12-12;21;513
1;2025-12-12;22;203
1;2025-12-12;23;44
1;2025-12-13;0;4
1;2025-12-13;1;0
1;2025-12-13;2;0
1;2025-12-13;3;0
1;2025-12-13;4;0
1;2025-12-13;5;29
1;2025-12-13;6;155
1;2025-12-13;7;345
1;2025-12-13;8;473
1;2025-12-13;9;729
1;2025-12-13;10;949
1;2025-12-13;11;912
1;2025-12-13;12;1078
1;2025-12-13;13;1123
1;2025-12-13;14;1054
1;2025-12-13;15;913
1;2025-12-13;16;778
1;2025-12-13;17;725
1;2025-12-13;18;647
1;2025-12-13;19;552
1;2025-12-13;20;434
1;2025-12-13;21;327
1;2025-12-13;22;127
1;2025-12-13;23;29
1;2025-12-14;0;0
1;2025-12-14;1;0
1;2025-12-14;2;0
1;2025-12-14;3;0
1;2025-12-14;4;0
1;2025-12-14;5;20
1;2025-12-14;6;121
1;2025-12-14;7;284
1;2025-12-14;8;369
1;2025-12-14;9;636
1;2025-12-14;10;738
1;2025-12-14;11;739
1;2025-12-14;12;856
1;2025-12-14;13;873
1;2025-12-14;14;798
1;2025-12-14;15;739
1;2025-12-14;16;693
1;2025-12-14;17;602
1;2025-12-14;18;542
1;2025-12-14;19;473
1;2025-12-14;20;369
1;2025-12-14;21;295
1;2025-12-14;22;110
1;2025-12-14;23;24
1;2025-12-15;0;4
1;2025-12-15;1;0
1;2025-12-15;2;0
1;2025-12-15;3;0
1;2025-12-15;4;10
1;2025-12-15;5;124
1;2025-12-15;6;504
1;2025-12-15;7;1567
1;2025-12-15;8;1998
1;2025-12-15;9;1440
1;2025-12-15;10;1381
1;2025-12-15;11;1378
1;2025-12-15;12;1413
1;2025-12-15;13;1481
1;2025-12-15;14;1463
1;2025-12-15;15;1590
1;2025-12-15;16;1548
1;2025-12-15;17;1822
1;2025-12-15;18;1901
1;2025-12-15;19;1391
1;2025-12-15;20;964
1;2025-12-15;21;501
1;2025-12-15;22;198
1;2025-12-15;23;44
1;2025-12-16;0;4
1;2025-12-16;1;0
1;2025-12-16;2;0
1;2025-12-16;3;0
1;2025-12-16;4;10
1;2025-12-16;5;128
1;2025-12-16;6;521
1;2025-12-16;7;1613
1;2025-12-16;8;2062
1;2025-12-16;9;1490
1;2025-12-16;10;1436
1;2025-12-16;11;1428
1;2025-12-16;12;1459
1;2025-12-16;13;1534
1;2025-12-16;14;1511
1;2025-12-16;15;1645
1;2025-12-16;16;1596
1;2025-12-16;17;1874
1;2025-12-16;18;1944
1;2025-12-16;19;1425
1;2025-12-16;20;993
1;2025-12-16;21;518
1;2025-12-16;22;205
1;2025-12-16;23;46
1;2025-12-17;0;4
1;2025-12-17;1;0
1;2025-12-17;2;0
1;2025-12-17;3;0
1;2025-12-17;4;10
1;2025-12-17;5;128
1;2025-12-17;6;522
1;2025-12-17;7;1617
1;2025-12-17;8;2079
1;2025-12-17;9;1504
1;2025-12-17;10;1446
1;2025-12-17;11;1444
1;2025-12-17;12;1477
1;2025-12-17;13;1550
1;2025-12-17;14;1532
1;2025-12-17;15;1659
1;2025-12-17;16;1613
1;2025-12-17;17;1900
1;2025-12-17;18;1963
1;2025-12-17;19;1436
1;2025-12-17;20;1000
1;2025-12-17;21;523
1;2025-12-17;22;207
1;2025-12-17;23;46
1;2025-12-18;0;4
1;2025-12-18;1;0
1;2025-12-18;2;0
1;2025-12-18;3;0
1;2025-12-18;4;10
1;2025-12-18;5;129
1;2025-12-18;6;526
1;2025-12-18;7;1624
1;2025-12-18;8;2085
1;2025-12-18;9;1510
1;2025-12-18;10;1442
1;2025-12-18;11;1436
1;2025-12-18;12;1477
1;2025-12-18;13;1558
1;2025-12-18;14;1539
1;2025-12-18;15;1668
1;2025-12-18;16;1621
1;2025-12-18;17;1904
1;2025-12-18;18;1971
1;2025-12-18;19;1443
1;2025-12-18;20;1003
1;2025-12-18;21;525
1;2025-12-18;22;208
1;2025-12-18;23;46
1;2025-12-19;0;4
1;2025-12-19;1;0
1;2025-12-19;2;0
1;2025-12-19;3;0
1;2025-12-19;4;11
1;2025-12-19;5;130
1;2025-12-19;6;528
1;2025-12-19;7;1636
1;2025-12-19;8;2051
1;2025-12-19;9;1521
1;2025-12-19;10;1464
1;2025-12-19;11;1466
1;2025-12-19;12;1501
1;2025-12-19;13;1574
1;2025-12-19;14;1555
1;2025-12-19;15;1688
1;2025-12-19;16;1637
1;2025-12-19;17;1909
1;2025-12-19;18;1873
1;2025-12-19;19;1425
1;2025-12-19;20;1002
1;2025-12-19;21;526
1;2025-12-19;22;210
1;2025-12-19;23;46
1;2025-12-20;0;4
1;2025-12-20;1;0
1;2025-12-20;2;0
1;2025-12-20;3;0
1;2025-12-20;4;0
1;2025-12-20;5;30
1;2025-12-20;6;161
1;2025-12-20;7;358
1;2025-12-20;8;494
1;2025-12-20;9;766
1;2025-12-20;10;1011
1;2025-12-20;11;963
1;2025-12-20;12;1154
1;2025-12-20;13;1203
1;2025-12-20;14;1130
1;2025-12-20;15;975
1;2025-12-20;16;820
1;2025-12-20;17;761
1;2025-12-20;18;670
1;2025-12-20;19;568
1;2025-12-20;20;444
1;2025-12-20;21;336
1;2025-12-20;22;130
1;2025-12-20;23;30
1;2025-12-21;0;0
1;2025-12-21;1;0
1;2025-12-21;2;0
1;2025-12-21;3;0
1;2025-12-21;4;0
1;2025-12-21;5;21
1;2025-12-21;6;122
1;2025-12-21;7;292
1;2025-12-21;8;382
1;2025-12-21;9;660
1;2025-12-21;10;765
1;2025-12-21;11;762
1;2025-12-21;12;901
1;2025-12-21;13;924
1;2025-12-21;14;841
1;2025-12-21;15;774
1;2025-12-21;16;715
1;2025-12-21;17;622
1;2025-12-21;18;563
1;2025-12-21;19;484
1;2025-12-21;20;375
1;2025-12-21;21;304
1;2025-12-21;22;113
1;2025-12-21;23;24
1;2025-12-22;0;4
1;2025-12-22;1;0
1;2025-12-22;2;0
1;2025-12-22;3;0
1;2025-12-22;4;10
1;2025-12-22;5;123
1;2025-12-22;6;501
1;2025-12-22;7;1561
1;2025-12-22;8;1992
1;2025-12-22;9;1433
1;2025-12-22;10;1376
1;2025-12-22;11;1369
1;2025-12-22;12;1396
1;2025-12-22;13;1459
1;2025-12-22;14;1433
1;2025-12-22;15;1566
1;2025-12-22;16;1516
1;2025-12-22;17;1785
1;2025-12-22;18;1871
1;2025-12-22;19;1370
1;2025-12-22;20;955
1;2025-12-22;21;498
1;2025-12-22;22;196
1;2025-12-22;23;43
1;2025-12-23;0;4
1;2025-12-23;1;0
1;2025-12-23;2;0
1;2025-12-23;3;0
1;2025-12-23;4;10
1;2025-12-23;5;126
1;2025-12-23;6;513
1;2025-12-23;7;1568
1;2025-12-23;8;2000
1;2025-12-23;9;1450
1;2025-12-23;10;1402
1;2025-12-23;11;1399
1;2025-12-23;12;1431
1;2025-12-23;13;1504
1;2025-12-23;14;1486
1;2025-12-23;15;1618
1;2025-12-23;16;1574
1;2025-12-23;17;1848
1;2025-12-23;18;1915
1;2025-12-23;19;1408
1;2025-12-23;20;978
1;2025-12-23;21;510
1;2025-12-23;22;202
1;2025-12-23;23;44
1;2025-12-24;0;4
1;2025-12-24;1;0
1;2025-12-24;2;0
1;2025-12-24;3;0
1;2025-12-24;4;10
1;2025-12-24;5;126
1;2025-12-24;6;512
1;2025-12-24;7;1582
1;2025-12-24;8;2025
1;2025-12-24;9;1466
1;2025-12-24;10;1408
1;2025-12-24;11;1398
1;2025-12-24;12;1436
1;2025-12-24;13;1498
1;2025-12-24;14;1480
1;2025-12-24;15;1608
1;2025-12-24;16;1566
1;2025-12-24;17;1844
1;2025-12-24;18;1909
1;2025-12-24;19;1397
1;2025-12-24;20;974
1;2025-12-24;21;510
1;2025-12-24;22;203
1;2025-12-24;23;44
1;2025-12-25;0;4
1;2025-12-25;1;0
1;2025-12-25;2;0
1;2025-12-25;3;0
1;2025-12-25;4;10
1;2025-12-25;5;127
1;2025-12-25;6;520
1;2025-12-25;7;1601
1;2025-12-25;8;2058
1;2025-12-25;9;1480
1;2025-12-25;10;1423
1;2025-12-25;11;1415
1;2025-12-25;12;1451
1;2025-12-25;13;1523
1;2025-12-25;14;1499
1;2025-12-25;15;1625
1;2025-12-25;16;1581
1;2025-12-25;17;1852
1;2025-12-25;18;1919
1;2025-12-25;19;1404
1;2025-12-25;20;989
1;2025-12-25;21;518
1;2025-12-25;22;205
1;2025-12-25;23;45
1;2025-12-26;0;4
1;2025-12-26;1;0
1;2025-12-26;2;0
1;2025-12-26;3;0
1;2025-12-26;4;10
1;2025-12-26;5;125
1;2025-12-26;6;513
1;2025-12-26;7;1567
1;2025-12-26;8;1949
1;2025-12-26;9;1445
1;2025-12-26;10;1391
1;2025-12-26;11;1383
1;2025-12-26;12;1419
1;2025-12-26;13;1489
1;2025-12-26;14;1471
1;2025-12-26;15;1583
1;2025-12-26;16;1537
1;2025-12-26;17;1779
1;2025-12-26;18;1807
1;2025-12-26;19;1383
1;2025-12-26;20;968
1;2025-12-26;21;510
1;2025-12-26;22;203
1;2025-12-26;23;45
1;2025-12-27;0;4
1;2025-12-27;1;0
1;2025-12-27;2;0
1;2025-12-27;3;0
1;2025-12-27;4;0
1;2025-12-27;5;28
1;2025-12-27;6;151
1;2025-12-27;7;336
1;2025-12-27;8;465
1;2025-12-27;9;722
1;2025-12-27;10;948
1;2025-12-27;11;903
1;2025-12-27;12;1082
1;2025-12-27;13;1128
1;2025-12-27;14;1064
1;2025-12-27;15;910
1;2025-12-27;16;772
1;2025-12-27;17;716
1;2025-12-27;18;632
1;2025-12-27;19;537
1;2025-12-27;20;425
1;2025-12-27;21;319
1;2025-12-27;22;121
1;2025-12-27;23;28
1;2025-12-28;0;0
1;2025-12-28;1;0
1;2025-12-28;2;0
1;2025-12-28;3;0
1;2025-12-28;4;0
1;2025-12-28;5;20
1;2025-12-28;6;118
1;2025-12-28;7;269
1;2025-12-28;8;352
1;2025-12-28;9;618
1;2025-12-28;10;719
1;2025-12-28;11;714
1;2025-12-28;12;849
1;2025-12-28;13;867
1;2025-12-28;14;788
1;2025-12-28;15;724
1;2025-12-28;16;672
1;2025-12-28;17;584
1;2025-12-28;18;525
1;2025-12-28;19;454
1;2025-12-28;20;358
1;2025-12-28;21;287
1;2025-12-28;22;107
1;2025-12-28;23;23
1;2025-12-29;0;4
1;2025-12-29;1;0
1;2025-12-29;2;0
1;2025-12-29;3;0
1;2025-12-29;4;10
1;2025-12-29;5;118
1;2025-12-29;6;481
1;2025-12-29;7;1493
1;2025-12-29;8;1906
1;2025-12-29;9;1372
1;2025-12-29;10;1318
1;2025-12-29;11;1312
1;2025-12-29;12;1345
1;2025-12-29;13;1411
1;2025-12-29;14;1394
1;2025-12-29;15;1513
1;2025-12-29;16;1471
1;2025-12-29;17;1735
1;2025-12-29;18;1810
1;2025-12-29;19;1324
1;2025-12-29;20;919
1;2025-12-29;21;478
1;2025-12-29;22;188
1;2025-12-29;23;41
1;2025-12-30;0;4
1;2025-12-30;1;0
1;2025-12-30;2;0
1;2025-12-30;3;0
1;2025-12-30;4;10
1;2025-12-30;5;122
1;2025-12-30;6;495
1;2025-12-30;7;1532
1;2025-12-30;8;1938
1;2025-12-30;9;1414
1;2025-12-30;10;1363
1;2025-12-30;11;1357
1;2025-12-30;12;1387
1;2025-12-30;13;1458
1;2025-12-30;14;1439
1;2025-12-30;15;1569
1;2025-12-30;16;1526
1;2025-12-30;17;1786
1;2025-12-30;18;1796
1;2025-12-30;19;1334
1;2025-12-30;20;938
1;2025-12-30;21;490
1;2025-12-30;22;195
1;2025-12-30;23;43
1;2025-12-31;0;0
1;2025-12-31;1;0
1;2025-12-31;2;0
1;2025-12-31;3;0
1;2025-12-31;4;0
1;2025-12-31;5;19
1;2025-12-31;6;121
1;2025-12-31;7;281
1;2025-12-31;8;353
1;2025-12-31;9;606
1;2025-12-31;10;705
1;2025-12-31;11;701
1;2025-12-31;12;843
1;2025-12-31;13;856
1;2025-12-31;14;775
1;2025-12-31;15;706
1;2025-12-31;16;656
1;2025-12-31;17;566
1;2025-12-31;18;515
1;2025-12-31;19;443
1;2025-12-31;20;362
1;2025-12-31;21;291
1;2025-12-31;22;109
1;2025-12-31;23;24
5;2025-11-01;0;0
5;2025-11-01;1;0
5;2025-11-01;2;0
5;2025-11-01;3;0
5;2025-11-01;4;0
5;2025-11-01;5;0
5;2025-11-01;6;0
5;2025-11-01;7;0
5;2025-11-01;8;0
5;2025-11-01;9;0
5;2025-11-01;10;0
5;2025-11-01;11;0
5;2025-11-01;12;0
5;2025-11-01;13;0
5;2025-11-01;14;0
5;2025-11-01;15;0
5;2025-11-01;16;0
5;2025-11-01;17;0
5;2025-11-01;18;0
5;2025-11-01;19;0
5;2025-11-01;20;0
5;2025-11-01;21;0
5;2025-11-01;22;0
5;2025-11-01;23;0
5;2025-11-02;0;0
5;2025-11-02;1;0
5;2025-11-02;2;0
5;2025-11-02;3;0
5;2025-11-02;4;0
5;2025-11-02;5;0
5;2025-11-02;6;0
5;2025-11-02;7;0
5;2025-11-02;8;0
5;2025-11-02;9;0
5;2025-11-02;10;0
5;2025-11-02;11;0
5;2025-11-02;12;0
5;2025-11-02;13;0
5;2025-11-02;14;0
5;2025-11-02;15;0
5;2025-11-02;16;0
5;2025-11-02;17;0
5;2025-11-02;18;0
5;2025-11-02;19;0
5;2025-11-02;20;0
5;2025-11-02;21;0
5;2025-11-02;22;0
5;2025-11-02;23;0
5;2025-11-03;0;0
5;2025-11-03;1;0
5;2025-11-03;2;0
5;2025-11-03;3;0
5;2025-11-03;4;0
5;2025-11-03;5;0
5;2025-11-03;6;0
5;2025-11-03;7;0
5;2025-11-03;8;0
5;2025-11-03;9;0
5;2025-11-03;10;0
5;2025-11-03;11;0
5;2025-11-03;12;0
5;2025-11-03;13;0
5;2025-11-03;14;0
5;2025-11-03;15;0
5;2025-11-03;16;0
5;2025-11-03;17;0
5;2025-11-03;18;0
5;2025-11-03;19;0
5;2025-11-03;20;0
5;2025-11-03;21;0
5;2025-11-03;22;0
5;2025-11-03;23;0
5;2025-11-04;0;0
5;2025-11-04;1;0
5;2025-11-04;2;0
5;2025-11-04;3;0
5;2025-11-04;4;0
5;2025-11-04;5;0
5;2025-11-04;6;0
5;2025-11-04;7;0
5;2025-11-04;8;0
5;2025-11-04;9;0
5;2025-11-04;10;0
5;2025-11-04;11;0
5;2025-11-04;12;0
5;2025-11-04;13;0
5;2025-11-04;14;0
5;2025-11-04;15;0
5;2025-11-04;16;0
5;2025-11-04;17;0
5;2025-11-04;18;0
5;2025-11-04;19;0
5;2025-11-04;20;0
5;2025-11-04;21;0
5;2025-11-04;22;0
5;2025-11-04;23;0
5;2025-11-05;0;0
5;2025-11-05;1;0
5;2025-11-05;2;0
5;2025-11-05;3;0
5;2025-11-05;4;0
5;2025-11-05;5;0
5;2025-11-05;6;0
5;2025-11-05;7;0
5;2025-11-05;8;0
5;2025-11-05;9;0
5;2025-11-05;10;0
5;2025-11-05;11;0
5;2025-11-05;12;0
5;2025-11-05;13;0
5;2025-11-05;14;0
5;2025-11-05;15;0
5;2025-11-05;16;0
5;2025-11-05;17;0
5;2025-11-05;18;0
5;2025-11-05;19;0
5;2025-11-05;20;0
5;2025-11-05;21;0
5;2025-11-05;22;0
5;2025-11-05;23;0
5;2025-11-06;0;0
5;2025-11-06;1;0
5;2025-11-06;2;0
5;2025-11-06;3;0
5;2025-11-06;4;0
5;2025-11-06;5;0
5;2025-11-06;6;0
5;2025-11-06;7;0
5;2025-11-06;8;0
5;2025-11-06;9;0
5;2025-11-06;10;0
5;2025-11-06;11;0
5;2025-11-06;12;0
5;2025-11-06;13;0
5;2025-11-06;14;0
5;2025-11-06;15;0
5;2025-11-06;16;0
5;2025-11-06;17;0
5;2025-11-06;18;0
5;2025-11-06;19;0
5;2025-11-06;20;0
5;2025-11-06;21;0
5;2025-11-06;22;0
5;2025-11-06;23;0
5;2025-11-07;0;0
5;2025-11-07;1;0
5;2025-11-07;2;0
5;2025-11-07;3;0
5;2025-11-07;4;0
5;2025-11-07;5;0
5;2025-11-07;6;0
5;2025-11-07;7;0
5;2025-11-07;8;0
5;2025-11-07;9;0
5;2025-11-07;10;0
5;2025-11-07;11;0
5;2025-11-07;12;0
5;2025-11-07;13;0
5;2025-11-07;14;0
5;2025-11-07;15;0
5;2025-11-07;16;0
5;2025-11-07;17;0
5;2025-11-07;18;0
5;2025-11-07;19;0
5;2025-11-07;20;0
5;2025-11-07;21;0
5;2025-11-07;22;0
5;2025-11-07;23;0
5;2025-11-08;0;0
5;2025-11-08;1;0
5;2025-11-08;2;0
5;2025-11-08;3;0
5;2025-11-08;4;0
5;2025-11-08;5;0
5;2025-11-08;6;0
5;2025-11-08;7;0
5;2025-11-08;8;0
5;2025-11-08;9;0
5;2025-11-08;10;0
5;2025-11-08;11;0
5;2025-11-08;12;0
5;2025-11-08;13;0
5;2025-11-08;14;0
5;2025-11-08;15;0
5;2025-11-08;16;0
5;2025-11-08;17;0
5;2025-11-08;18;0
5;2025-11-08;19;0
5;2025-11-08;20;0
5;2025-11-08;21;0
5;2025-11-08;22;0
5;2025-11-08;23;0
5;2025-11-09;0;0
5;2025-11-09;1;0
5;2025-11-09;2;0
5;2025-11-09;3;0
5;2025-11-09;4;0
5;2025-11-09;5;0
5;2025-11-09;6;0
5;2025-11-09;7;0
5;2025-11-09;8;0
5;2025-11-09;9;0
5;2025-11-09;10;0
5;2025-11-09;11;0
5;2025-11-09;12;0
5;2025-11-09;13;0
5;2025-11-09;14;0
5;2025-11-09;15;0
5;2025-11-09;16;0
5;2025-11-09;17;0
5;2025-11-09;18;0
5;2025-11-09;19;0
5;2025-11-09;20;0
5;2025-11-09;21;0
5;2025-11-09;22;0
5;2025-11-09;23;0
5;2025-11-10;0;0
5;2025-11-10;1;0
5;2025-11-10;2;0
5;2025-11-10;3;0
5;2025-11-10;4;0
5;2025-11-10;5;0
5;2025-11-10;6;0
5;2025-11-10;7;0
5;2025-11-10;8;0
5;2025-11-10;9;0
5;2025-11-10;10;0
5;2025-11-10;11;0
5;2025-11-10;12;0
5;2025-11-10;13;0
5;2025-11-10;14;0
5;2025-11-10;15;0
5;2025-11-10;16;0
5;2025-11-10;17;0
5;2025-11-10;18;0
5;2025-11-10;19;0
5;2025-11-10;20;0
5;2025-11-10;21;0
5;2025-11-10;22;0
5;2025-11-10;23;0
5;2025-11-11;0;0
5;2025-11-11;1;0
5;2025-11-11;2;0
5;2025-11-11;3;0
5;2025-11-11;4;0
5;2025-11-11;5;0
5;2025-11-11;6;0
5;2025-11-11;7;0
5;2025-11-11;8;0
5;2025-11-11;9;0
5;2025-11-11;10;0
5;2025-11-11;11;0
5;2025-11-11;12;0
5;2025-11-11;13;0
5;2025-11-11;14;0
5;2025-11-11;15;0
5;2025-11-11;16;0
5;2025-11-11;17;0
5;2025-11-11;18;0
5;2025-11-11;19;0
5;2025-11-11;20;0
5;2025-11-11;21;0
5;2025-11-11;22;0
5;2025-11-11;23;0
5;2025-11-12;0;0
5;2025-11-12;1;0
5;2025-11-12;2;0
5;2025-11-12;3;0
5;2025-11-12;4;0
5;2025-11-12;5;0
5;2025-11-12;6;0
5;2025-11-12;7;0
5;2025-11-12;8;0
5;2025-11-12;9;0
5;2025-11-12;10;0
5;2025-11-12;11;0
5;2025-11-12;12;0
5;2025-11-12;13;0
5;2025-11-12;14;0
5;2025-11-12;15;0
5;2025-11-12;16;0
5;2025-11-12;17;0
5;2025-11-12;18;0
5;2025-11-12;19;0
5;2025-11-12;20;0
5;2025-11-12;21;0
5;2025-11-12;22;0
5;2025-11-12;23;0
5;2025-11-13;0;0
5;2025-11-13;1;0
5;2025-11-13;2;0
5;2025-11-13;3;0
5;2025-11-13;4;0
5;2025-11-13;5;0
5;2025-11-13;6;0
5;2025-11-13;7;0
5;2025-11-13;8;0
5;2025-11-13;9;0
5;2025-11-13;10;0
5;2025-11-13;11;0
5;2025-11-13;12;0
5;2025-11-13;13;0
5;2025-11-13;14;0
5;2025-11-13;15;0
5;2025-11-13;16;0
5;2025-11-13;17;0
5;2025-11-13;18;0
5;2025-11-13;19;0
5;2025-11-13;20;0
5;2025-11-13;21;0
5;2025-11-13;22;0
5;2025-11-13;23;0
5;2025-11-14;0;0
5;2025-11-14;1;0
5;2025-11-14;2;0
5;2025-11-14;3;0
5;2025-11-14;4;0
5;2025-11-14;5;0
5;2025-11-14;6;0
5;2025-11-14;7;0
5;2025-11-14;8;0
5;2025-11-14;9;0
5;2025-11-14;10;0
5;2025-11-14;11;0
5;2025-11-14;12;0
5;2025-11-14;13;0
5;2025-11-14;14;0
5;2025-11-14;15;0
5;2025-11-14;16;0
5;2025-11-14;17;0
5;2025-11-14;18;0
5;2025-11-14;19;0
5;2025-11-14;20;0
5;2025-11-14;21;0
5;2025-11-14;22;0
5;2025-11-14;23;0
5;2025-11-15;0;0
5;2025-11-15;1;0
5;2025-11-15;2;0
5;2025-11-15;3;0
5;2025-11-15;4;0
5;2025-11-15;5;0
5;2025-11-15;6;0
5;2025-11-15;7;0
5;2025-11-15;8;0
5;2025-11-15;9;0
5;2025-11-15;10;0
5;2025-11-15;11;0
5;2025-11-15;12;0
5;2025-11-15;13;0
5;2025-11-15;14;0
5;2025-11-15;15;0
5;2025-11-15;16;0
5;2025-11-15;17;0
5;2025-11-15;18;0
5;2025-11-15;19;0
5;2025-11-15;20;0
5;2025-11-15;21;0
5;2025-11-15;22;0
5;2025-11-15;23;0
5;2025-11-16;0;0
5;2025-11-16;1;0
5;2025-11-16;2;0
5;2025-11-16;3;0
5;2025-11-16;4;0
5;2025-11-16;5;0
5;2025-11-16;6;0
5;2025-11-16;7;0
5;2025-11-16;8;0
5;2025-11-16;9;0
5;2025-11-16;10;0
5;2025-11-16;11;0
5;2025-11-16;12;0
5;2025-11-16;13;0
5;2025-11-16;14;0
5;2025-11-16;15;0
5;2025-11-16;16;0
5;2025-11-16;17;0
5;2025-11-16;18;0
5;2025-11-16;19;0
5;2025-11-16;20;0
5;2025-11-16;21;0
5;2025-11-16;22;0
5;2025-11-16;23;0
5;2025-11-17;0;0
5;2025-11-17;1;0
5;2025-11-17;2;0
5;2025-11-17;3;0
5;2025-11-17;4;0
5;2025-11-17;5;0
5;2025-11-17;6;0
5;2025-11-17;7;0
5;2025-11-17;8;0
5;2025-11-17;9;0
5;2025-11-17;10;0
5;2025-11-17;11;0
5;2025-11-17;12;0
5;2025-11-17;13;0
5;2025-11-17;14;0
5;2025-11-17;15;0
5;2025-11-17;16;0
5;2025-11-17;17;0
5;2025-11-17;18;0
5;2025-11-17;19;0
5;2025-11-17;20;0
5;2025-11-17;21;0
5;2025-11-17;22;0
5;2025-11-17;23;0
5;2025-11-18;0;0
5;2025-11-18;1;0
5;2025-11-18;2;0
5;2025-11-18;3;0
5;2025-11-18;4;0
5;2025-11-18;5;0
5;2025-11-18;6;0
5;2025-11-18;7;0
5;2025-11-18;8;0
5;2025-11-18;9;0
5;2025-11-18;10;0
5;2025-11-18;11;0
5;2025-11-18;12;0
5;2025-11-18;13;0
5;2025-11-18;14;0
5;2025-11-18;15;0
5;2025-11-18;16;0
5;2025-11-18;17;0
5;2025-11-18;18;0
5;2025-11-18;19;0
5;2025-11-18;20;0
5;2025-11-18;21;0
5;2025-11-18;22;0
5;2025-11-18;23;0
5;2025-11-19;0;0
5;2025-11-19;1;0
5;2025-11-19;2;0
5;2025-11-19;3;0
5;2025-11-19;4;0
5;2025-11-19;5;0
5;2025-11-19;6;0
5;2025-11-19;7;0
5;2025-11-19;8;0
5;2025-11-19;9;0
5;2025-11-19;10;0
5;2025-11-19;11;0
5;2025-11-19;12;0
5;2025-11-19;13;0
5;2025-11-19;14;0
5;2025-11-19;15;0
5;2025-11-19;16;0
5;2025-11-19;17;0
5;2025-11-19;18;0
5;2025-11-19;19;0
5;2025-11-19;20;0
5;2025-11-19;21;0
5;2025-11-19;22;0
5;2025-11-19;23;0
5;2025-11-20;0;0
5;2025-11-20;1;0
5;2025-11-20;2;0
5;2025-11-20;3;0
5;2025-11-20;4;0
5;2025-11-20;5;0
5;2025-11-20;6;0
5;2025-11-20;7;0
5;2025-11-20;8;0
5;2025-11-20;9;0
5;2025-11-20;10;0
5;2025-11-20;11;0
5;2025-11-20;12;0
5;2025-11-20;13;0
5;2025-11-20;14;0
5;2025-11-20;15;0
5;2025-11-20;16;0
5;2025-11-20;17;0
5;2025-11-20;18;0
5;2025-11-20;19;0
5;2025-11-20;20;0
5;2025-11-20;21;0
5;2025-11-20;22;0
5;2025-11-20;23;0
5;2025-11-21;0;0
5;2025-11-21;1;0
5;2025-11-21;2;0
5;2025-11-21;3;0
5;2025-11-21;4;0
5;2025-11-21;5;0
5;2025-11-21;6;0
5;2025-11-21;7;0
5;2025-11-21;8;0
5;2025-11-21;9;0
5;2025-11-21;10;0
5;2025-11-21;11;0
5;2025-11-21;12;0
5;2025-11-21;13;0
5;2025-11-21;14;0
5;2025-11-21;15;0
5;2025-11-21;16;0
5;2025-11-21;17;0
5;2025-11-21;18;0
5;2025-11-21;19;0
5;2025-11-21;20;0
5;2025-11-21;21;0
5;2025-11-21;22;0
5;2025-11-21;23;0
5;2025-11-22;0;0
5;2025-11-22;1;0
5;2025-11-22;2;0
5;2025-11-22;3;0
5;2025-11-22;4;0
5;2025-11-22;5;0
5;2025-11-22;6;0
5;2025-11-22;7;0
5;2025-11-22;8;0
5;2025-11-22;9;0
5;2025-11-22;10;0
5;2025-11-22;11;0
5;2025-11-22;12;0
5;2025-11-22;13;0
5;2025-11-22;14;0
5;2025-11-22;15;0
5;2025-11-22;16;0
5;2025-11-22;17;0
5;2025-11-22;18;0
5;2025-11-22;19;0
5;2025-11-22;20;0
5;2025-11-22;21;0
5;2025-11-22;22;0
5;2025-11-22;23;0
5;2025-11-23;0;0
5;2025-11-23;1;0
5;2025-11-23;2;0
5;2025-11-23;3;0
5;2025-11-23;4;0
5;2025-11-23;5;0
5;2025-11-23;6;0
5;2025-11-23;7;0
5;2025-11-23;8;0
5;2025-11-23;9;0
5;2025-11-23;10;0
5;2025-11-23;11;0
5;2025-11-23;12;0
5;2025-11-23;13;0
5;2025-11-23;14;0
5;2025-11-23;15;0
5;2025-11-23;16;0
5;2025-11-23;17;0
5;2025-11-23;18;0
5;2025-11-23;19;0
5;2025-11-23;20;0
5;2025-11-23;21;0
5;2025-11-23;22;0
5;2025-11-23;23;0
5;2025-11-24;0;0
5;2025-11-24;1;0
5;2025-11-24;2;0
5;2025-11-24;3;0
5;2025-11-24;4;0
5;2025-11-24;5;0
5;2025-11-24;6;0
5;2025-11-24;7;0
5;2025-11-24;8;0
5;2025-11-24;9;0
5;2025-11-24;10;0
5;2025-11-24;11;0
5;2025-11-24;12;0
5;2025-11-24;13;0
5;2025-11-24;14;0
5;2025-11-24;15;0
5;2025-11-24;16;0
5;2025-11-24;17;0
5;2025-11-24;18;0
5;2025-11-24;19;0
5;2025-11-24;20;0
5;2025-11-24;21;0
5;2025-11-24;22;0
5;2025-11-24;23;0
5;2025-11-25;0;0
5;2025-11-25;1;0
5;2025-11-25;2;0
5;2025-11-25;3;0
5;2025-11-25;4;0
5;2025-11-25;5;0
5;2025-11-25;6;0
5;2025-11-25;7;0
5;2025-11-25;8;0
5;2025-11-25;9;0
5;2025-11-25;10;0
5;2025-11-25;11;0
5;2025-11-25;12;0
5;2025-11-25;13;0
5;2025-11-25;14;0
5;2025-11-25;15;0
5;2025-11-25;16;0
5;2025-11-25;17;0
5;2025-11-25;18;0
5;2025-11-25;19;0
5;2025-11-25;20;0
5;2025-11-25;21;0
5;2025-11-25;22;0
5;2025-11-25;23;0
5;2025-11-26;0;0
5;2025-11-26;1;0
5;2025-11-26;2;0
5;2025-11-26;3;0
5;2025-11-26;4;0
5;2025-11-26;5;0
5;2025-11-26;6;0
5;2025-11-26;7;0
5;2025-11-26;8;0
5;2025-11-26;9;0
5;2025-11-26;10;0
5;2025-11-26;11;0
5;2025-11-26;12;0
5;2025-11-26;13;0
5;2025-11-26;14;0
5;2025-11-26;15;0
5;2025-11-26;16;0
5;2025-11-26;17;0
5;2025-11-26;18;0
5;2025-11-26;19;0
5;2025-11-26;20;0
5;2025-11-26;21;0
5;2025-11-26;22;0
5;2025-11-26;23;0
5;2025-11-27;0;0
5;2025-11-27;1;0
5;2025-11-27;2;0
5;2025-11-27;3;0
5;2025-11-27;4;0
5;2025-11-27;5;0
5;2025-11-27;6;0
5;2025-11-27;7;0
5;2025-11-27;8;0
5;2025-11-27;9;0
5;2025-11-27;10;0
5;2025-11-27;11;0
5;2025-11-27;12;0
5;2025-11-27;13;0
5;2025-11-27;14;0
5;2025-11-27;15;0
5;2025-11-27;16;0
5;2025-11-27;17;0
5;2025-11-27;18;0
5;2025-11-27;19;0
5;2025-11-27;20;0
5;2025-11-27;21;0
5;2025-11-27;22;0
5;2025-11-27;23;0
5;2025-11-28;0;0
5;2025-11-28;1;0
5;2025-11-28;2;0
5;2025-11-28;3;0
5;2025-11-28;4;0
5;2025-11-28;5;0
5;2025-11-28;6;0
5;2025-11-28;7;0
5;2025-11-28;8;0
5;2025-11-28;9;0
5;2025-11-28;10;0
5;2025-11-28;11;0
5;2025-11-28;12;0
5;2025-11-28;13;0
5;2025-11-28;14;0
5;2025-11-28;15;0
5;2025-11-28;16;0
5;2025-11-28;17;0
5;2025-11-28;18;0
5;2025-11-28;19;0
5;2025-11-28;20;0
5;2025-11-28;21;0
5;2025-11-28;22;0
5;2025-11-28;23;0
5;2025-11-29;0;0
5;2025-11-29;1;0
5;2025-11-29;2;0
5;2025-11-29;3;0
5;2025-11-29;4;0
5;2025-11-29;5;0
5;2025-11-29;6;0
5;2025-11-29;7;0
5;2025-11-29;8;0
5;2025-11-29;9;0
5;2025-11-29;10;0
5;2025-11-29;11;0
5;2025-11-29;12;0
5;2025-11-29;13;0
5;2025-11-29;14;0
5;2025-11-29;15;0
5;2025-11-29;16;0
5;2025-11-29;17;0
5;2025-11-29;18;0
5;2025-11-29;19;0
5;2025-11-29;20;0
5;2025-11-29;21;0
5;2025-11-29;22;0
5;2025-11-29;23;0
5;2025-11-30;0;0
5;2025-11-30;1;0
5;2025-11-30;2;0
5;2025-11-30;3;0
5;2025-11-30;4;0
5;2025-11-30;5;0
5;2025-11-30;6;0
5;2025-11-30;7;0
5;2025-11-30;8;0
5;2025-11-30;9;0
5;2025-11-30;10;0
5;2025-11-30;11;0
5;2025-11-30;12;0
5;2025-11-30;13;0
5;2025-11-30;14;0
5;2025-11-30;15;0
5;2025-11-30;16;0
5;2025-11-30;17;0
5;2025-11-30;18;0
5;2025-11-30;19;0
5;2025-11-30;20;0
5;2025-11-30;21;0
5;2025-11-30;22;0
5;2025-11-30;23;0
5;2025-12-01;0;0
5;2025-12-01;1;0
5;2025-12-01;2;0
5;2025-12-01;3;0
5;2025-12-01;4;0
5;2025-12-01;5;0
5;2025-12-01;6;0
5;2025-12-01;7;0
5;2025-12-01;8;0
5;2025-12-01;9;0
5;2025-12-01;10;0
5;2025-12-01;11;0
5;2025-12-01;12;0
5;2025-12-01;13;0
5;2025-12-01;14;0
5;2025-12-01;15;0
5;2025-12-01;16;0
5;2025-12-01;17;0
5;2025-12-01;18;0
5;2025-12-01;19;0
5;2025-12-01;20;0
5;2025-12-01;21;0
5;2025-12-01;22;0
5;2025-12-01;23;0
5;2025-12-02;0;0
5;2025-12-02;1;0
5;2025-12-02;2;0
5;2025-12-02;3;0
5;2025-12-02;4;0
5;2025-12-02;5;0
5;2025-12-02;6;0
5;2025-12-02;7;0
5;2025-12-02;8;0
5;2025-12-02;9;0
5;2025-12-02;10;0
5;2025-12-02;11;0
5;2025-12-02;12;0
5;2025-12-02;13;0
5;2025-12-02;14;0
5;2025-12-02;15;0
5;2025-12-02;16;0
5;2025-12-02;17;0
5;2025-12-02;18;0
5;2025-12-02;19;0
5;2025-12-02;20;0
5;2025-12-02;21;0
5;2025-12-02;22;0
5;2025-12-02;23;0
5;2025-12-03;0;0
5;2025-12-03;1;0
5;2025-12-03;2;0
5;2025-12-03;3;0
5;2025-12-03;4;0
5;2025-12-03;5;0
5;2025-12-03;6;0
5;2025-12-03;7;0
5;2025-12-03;8;0
5;2025-12-03;9;0
5;2025-12-03;10;0
5;2025-12-03;11;0
5;2025-12-03;12;0
5;2025-12-03;13;0
5;2025-12-03;14;0
5;2025-12-03;15;0
5;2025-12-03;16;0
5;2025-12-03;17;0
5;2025-12-03;18;0
5;2025-12-03;19;0
5;2025-12-03;20;0
5;2025-12-03;21;0
5;2025-12-03;22;0
5;2025-12-03;23;0
5;2025-12-04;0;0
5;2025-12-04;1;0
5;2025-12-04;2;0
5;2025-12-04;3;0
5;2025-12-04;4;0
5;2025-12-04;5;0
5;2025-12-04;6;0
5;2025-12-04;7;0
5;2025-12-04;8;0
5;2025-12-04;9;0
5;2025-12-04;10;0
5;2025-12-04;11;0
5;2025-12-04;12;0
5;2025-12-04;13;0
5;2025-12-04;14;0
5;2025-12-04;15;0
5;2025-12-04;16;0
5;2025-12-04;17;0
5;2025-12-04;18;0
5;2025-12-04;19;0
5;2025-12-04;20;0
5;2025-12-04;21;0
5;2025-12-04;22;0
5;2025-12-04;23;0
5;2025-12-05;0;0
5;2025-12-05;1;0
5;2025-12-05;2;0
5;2025-12-05;3;0
5;2025-12-05;4;0
5;2025-12-05;5;0
5;2025-12-05;6;0
5;2025-12-05;7;0
5;2025-12-05;8;0
5;2025-12-05;9;0
5;2025-12-05;10;0
5;2025-12-05;11;0
5;2025-12-05;12;0
5;2025-12-05;13;0
5;2025-12-05;14;0
5;2025-12-05;15;0
5;2025-12-05;16;0
5;2025-12-05;17;0
5;2025-12-05;18;0
5;2025-12-05;19;0
5;2025-12-05;20;0
5;2025-12-05;21;0
5;2025-12-05;22;0
5;2025-12-05;23;0
5;2025-12-06;0;0
5;2025-12-06;1;0
5;2025-12-06;2;0
5;2025-12-06;3;0
5;2025-12-06;4;0
5;2025-12-06;5;0
5;2025-12-06;6;0
5;2025-12-06;7;0
5;2025-12-06;8;0
5;2025-12-06;9;0
5;2025-12-06;10;0
5;2025-12-06;11;0
5;2025-12-06;12;0
5;2025-12-06;13;0
5;2025-12-06;14;0
5;2025-12-06;15;0
5;2025-12-06;16;0
5;2025-12-06;17;0
5;2025-12-06;18;0
5;2025-12-06;19;0
5;2025-12-06;20;0
5;2025-12-06;21;0
5;2025-12-06;22;0
5;2025-12-06;23;0
5;2025-12-07;0;0
5;2025-12-07;1;0
5;2025-12-07;2;0
5;2025-12-07;3;0
5;2025-12-07;4;0
5;2025-12-07;5;0
5;2025-12-07;6;0
5;2025-12-07;7;0
5;2025-12-07;8;0
5;2025-12-07;9;0
5;2025-12-07;10;0
5;2025-12-07;11;0
5;2025-12-07;12;0
5;2025-12-07;13;0
5;2025-12-07;14;0
5;2025-12-07;15;0
5;2025-12-07;16;0
5;2025-12-07;17;0
5;2025-12-07;18;0
5;2025-12-07;19;0
5;2025-12-07;20;0
5;2025-12-07;21;0
5;2025-12-07;22;0
5;2025-12-07;23;0
5;2025-12-08;0;0
5;2025-12-08;1;0
5;2025-12-08;2;0
5;2025-12-08;3;0
5;2025-12-08;4;0
5;2025-12-08;5;0
5;2025-12-08;6;0
5;2025-12-08;7;0
5;2025-12-08;8;0
5;2025-12-08;9;0
5;2025-12-08;10;0
5;2025-12-08;11;0
5;2025-12-08;12;0
5;2025-12-08;13;0
5;2025-12-08;14;0
5;2025-12-08;15;0
5;2025-12-08;16;0
5;2025-12-08;17;0
5;2025-12-08;18;0
5;2025-12-08;19;0
5;2025-12-08;20;0
5;2025-12-08;21;0
5;2025-12-08;22;0
5;2025-12-08;23;0
5;2025-12-09;0;0
5;2025-12-09;1;0
5;2025-12-09;2;0
5;2025-12-09;3;0
5;2025-12-09;4;0
5;2025-12-09;5;0
5;2025-12-09;6;0
5;2025-12-09;7;0
5;2025-12-09;8;0
5;2025-12-09;9;0
5;2025-12-09;10;0
5;2025-12-09;11;0
5;2025-12-09;12;0
5;2025-12-09;13;0
5;2025-12-09;14;0
5;2025-12-09;15;0
5;2025-12-09;16;0
5;2025-12-09;17;0
5;2025-12-09;18;0
5;2025-12-09;19;0
5;2025-12-09;20;0
5;2025-12-09;21;0
5;2025-12-09;22;0
5;2025-12-09;23;0
5;2025-12-10;0;0
5;2025-12-10;1;0
5;2025-12-10;2;0
5;2025-12-10;3;0
5;2025-12-10;4;0
5;2025-12-10;5;0
5;2025-12-10;6;0
5;2025-12-10;7;0
5;2025-12-10;8;0
5;2025-12-10;9;0
5;2025-12-10;10;0
5;2025-12-10;11;0
5;2025-12-10;12;0
5;2025-12-10;13;0
5;2025-12-10;14;0
5;2025-12-10;15;0
5;2025-12-10;16;0
5;2025-12-10;17;0
5;2025-12-10;18;0
5;2025-12-10;19;0
5;2025-12-10;20;0
5;2025-12-10;21;0
5;2025-12-10;22;0
5;2025-12-10;23;0
5;2025-12-11;0;0
5;2025-12-11;1;0
5;2025-12-11;2;0
5;2025-12-11;3;0
5;2025-12-11;4;0
5;2025-12-11;5;0
5;2025-12-11;6;0
5;2025-12-11;7;0
5;2025-12-11;8;0
5;2025-12-11;9;0
5;2025-12-11;10;0
5;2025-12-11;11;0
5;2025-12-11;12;0
5;2025-12-11;13;0
5;2025-12-11;14;0
5;2025-12-11;15;0
5;2025-12-11;16;0
5;2025-12-11;17;0
5;2025-12-11;18;0
5;2025-12-11;19;0
5;2025-12-11;20;0
5;2025-12-11;21;0
5;2025-12-11;22;0
5;2025-12-11;23;0
5;2025-12-12;0;0
5;2025-12-12;1;0
5;2025-12-12;2;0
5;2025-12-12;3;0
5;2025-12-12;4;0
5;2025-12-12;5;0
5;2025-12-12;6;0
5;2025-12-12;7;0
5;2025-12-12;8;0
5;2025-12-12;9;0
5;2025-12-12;10;0
5;2025-12-12;11;0
5;2025-12-12;12;0
5;2025-12-12;13;0
5;2025-12-12;14;0
5;2025-12-12;15;0
5;2025-12-12;16;0
5;2025-12-12;17;0
5;2025-12-12;18;0
5;2025-12-12;19;0
5;2025-12-12;20;0
5;2025-12-12;21;0
5;2025-12-12;22;0
5;2025-12-12;23;0
5;2025-12-13;0;0
5;2025-12-13;1;0
5;2025-12-13;2;0
5;2025-12-13;3;0
5;2025-12-13;4;0
5;2025-12-13;5;0
5;2025-12-13;6;0
5;2025-12-13;7;0
5;2025-12-13;8;0
5;2025-12-13;9;0
5;2025-12-13;10;0
5;2025-12-13;11;0
5;2025-12-13;12;0
5;2025-12-13;13;0
5;2025-12-13;14;0
5;2025-12-13;15;0
5;2025-12-13;16;0
5;2025-12-13;17;0
5;2025-12-13;18;0
5;2025-12-13;19;0
5;2025-12-13;20;0
5;2025-12-13;21;0
5;2025-12-13;22;0
5;2025-12-13;23;0
5;2025-12-14;0;0
5;2025-12-14;1;0
5;2025-12-14;2;0
5;2025-12-14;3;0
5;2025-12-14;4;0
5;2025-12-14;5;0
5;2025-12-14;6;0
5;2025-12-14;7;0
5;2025-12-14;8;0
5;2025-12-14;9;0
5;2025-12-14;10;0
5;2025-12-14;11;0
5;2025-12-14;12;0
5;2025-12-14;13;0
5;2025-12-14;14;0
5;2025-12-14;15;0
5;2025-12-14;16;0
5;2025-12-14;17;0
5;2025-12-14;18;0
5;2025-12-14;19;0
5;2025-12-14;20;0
5;2025-12-14;21;0
5;2025-12-14;22;0
5;2025-12-14;23;0
5;2025-12-15;0;0
5;2025-12-15;1;0
5;2025-12-15;2;0
5;2025-12-15;3;0
5;2025-12-15;4;0
5;2025-12-15;5;0
5;2025-12-15;6;0
5;2025-12-15;7;0
5;2025-12-15;8;0
5;2025-12-15;9;0
5;2025-12-15;10;0
5;2025-12-15;11;0
5;2025-12-15;12;0
5;2025-12-15;13;0
5;2025-12-15;14;0
5;2025-12-15;15;0
5;2025-12-15;16;0
5;2025-12-15;17;0
5;2025-12-15;18;0
5;2025-12-15;19;0
5;2025-12-15;20;0
5;2025-12-15;21;0
5;2025-12-15;22;0
5;2025-12-15;23;0
5;2025-12-16;0;0
5;2025-12-16;1;0
5;2025-12-16;2;0
5;2025-12-16;3;0
5;2025-12-16;4;0
5;2025-12-16;5;0
5;2025-12-16;6;0
5;2025-12-16;7;0
5;2025-12-16;8;0
5;2025-12-16;9;0
5;2025-12-16;10;0
5;2025-12-16;11;0
5;2025-12-16;12;0
5;2025-12-16;13;0
5;2025-12-16;14;0
5;2025-12-16;15;0
5;2025-12-16;16;0
5;2025-12-16;17;0
5;2025-12-16;18;0
5;2025-12-16;19;0
5;2025-12-16;20;0
5;2025-12-16;21;0
5;2025-12-16;22;0
5;2025-12-16;23;0
5;2025-12-17;0;10
5;2025-12-17;1;1
5;2025-12-17;2;0
5;2025-12-17;3;0
5;2025-12-17;4;1
5;2025-12-17;5;40
5;2025-12-17;6;183
5;2025-12-17;7;447
5;2025-12-17;8;652
5;2025-12-17;9;463
5;2025-12-17;10;398
5;2025-12-17;11;378
5;2025-12-17;12;389
5;2025-12-17;13;398
5;2025-12-17;14;402
5;2025-12-17;15;426
5;2025-12-17;16;462
5;2025-12-17;17;565
5;2025-12-17;18;594
5;2025-12-17;19;408
5;2025-12-17;20;281
5;2025-12-17;21;172
5;2025-12-17;22;79
5;2025-12-17;23;40
5;2025-12-18;0;10
5;2025-12-18;1;1
5;2025-12-18;2;0
5;2025-12-18;3;0
5;2025-12-18;4;1
5;2025-12-18;5;41
5;2025-12-18;6;184
5;2025-12-18;7;449
5;2025-12-18;8;654
5;2025-12-18;9;464
5;2025-12-18;10;398
5;2025-12-18;11;377
5;2025-12-18;12;389
5;2025-12-18;13;401
5;2025-12-18;14;404
5;2025-12-18;15;428
5;2025-12-18;16;465
5;2025-12-18;17;566
5;2025-12-18;18;597
5;2025-12-18;19;412
5;2025-12-18;20;282
5;2025-12-18;21;172
5;2025-12-18;22;79
5;2025-12-18;23;41
5;2025-12-19;0;10
5;2025-12-19;1;1
5;2025-12-19;2;0
5;2025-12-19;3;0
5;2025-12-19;4;1
5;2025-12-19;5;41
5;2025-12-19;6;185
5;2025-12-19;7;452
5;2025-12-19;8;647
5;2025-12-19;9;467
5;2025-12-19;10;402
5;2025-12-19;11;382
5;2025-12-19;12;393
5;2025-12-19;13;403
5;2025-12-19;14;408
5;2025-12-19;15;431
5;2025-12-19;16;467
5;2025-12-19;17;565
5;2025-12-19;18;559
5;2025-12-19;19;402
5;2025-12-19;20;281
5;2025-12-19;21;173
5;2025-12-19;22;80
5;2025-12-19;23;41
5;2025-12-20;0;17
5;2025-12-20;1;2
5;2025-12-20;2;0
5;2025-12-20;3;0
5;2025-12-20;4;0
5;2025-12-20;5;21
5;2025-12-20;6;86
5;2025-12-20;7;118
5;2025-12-20;8;180
5;2025-12-20;9;212
5;2025-12-20;10;252
5;2025-12-20;11;282
5;2025-12-20;12;317
5;2025-12-20;13;330
5;2025-12-20;14;337
5;2025-12-20;15;329
5;2025-12-20;16;314
5;2025-12-20;17;298
5;2025-12-20;18;266
5;2025-12-20;19;222
5;2025-12-20;20;163
5;2025-12-20;21;123
5;2025-12-20;22;69
5;2025-12-20;23;40
5;2025-12-21;0;15
5;2025-12-21;1;2
5;2025-12-21;2;0
5;2025-12-21;3;0
5;2025-12-21;4;0
5;2025-12-21;5;13
5;2025-12-21;6;53
5;2025-12-21;7;82
5;2025-12-21;8;118
5;2025-12-21;9;159
5;2025-12-21;10;186
5;2025-12-21;11;232
5;2025-12-21;12;248
5;2025-12-21;13;269
5;2025-12-21;14;273
5;2025-12-21;15;272
5;2025-12-21;16;252
5;2025-12-21;17;252
5;2025-12-21;18;216
5;2025-12-21;19;174
5;2025-12-21;20;138
5;2025-12-21;21;102
5;2025-12-21;22;59
5;2025-12-21;23;30
5;2025-12-22;0;10
5;2025-12-22;1;1
5;2025-12-22;2;0
5;2025-12-22;3;0
5;2025-12-22;4;1
5;2025-12-22;5;39
5;2025-12-22;6;176
5;2025-12-22;7;430
5;2025-12-22;8;630
5;2025-12-22;9;442
5;2025-12-22;10;378
5;2025-12-22;11;357
5;2025-12-22;12;366
5;2025-12-22;13;374
5;2025-12-22;14;377
5;2025-12-22;15;401
5;2025-12-22;16;434
5;2025-12-22;17;533
5;2025-12-22;18;568
5;2025-12-22;19;389
5;2025-12-22;20;266
5;2025-12-22;21;163
5;2025-12-22;22;75
5;2025-12-22;23;38
5;2025-12-23;0;10
5;2025-12-23;1;1
5;2025-12-23;2;0
5;2025-12-23;3;0
5;2025-12-23;4;1
5;2025-12-23;5;40
5;2025-12-23;6;179
5;2025-12-23;7;434
5;2025-12-23;8;630
5;2025-12-23;9;447
5;2025-12-23;10;386
5;2025-12-23;11;368
5;2025-12-23;12;378
5;2025-12-23;13;387
5;2025-12-23;14;392
5;2025-12-23;15;415
5;2025-12-23;16;450
5;2025-12-23;17;550
5;2025-12-23;18;580
5;2025-12-23;19;401
5;2025-12-23;20;275
5;2025-12-23;21;167
5;2025-12-23;22;77
5;2025-12-23;23;39
5;2025-12-24;0;10
5;2025-12-24;1;1
5;2025-12-24;2;0
5;2025-12-24;3;0
5;2025-12-24;4;1
5;2025-12-24;5;40
5;2025-12-24;6;179
5;2025-12-24;7;437
5;2025-12-24;8;635
5;2025-12-24;9;452
5;2025-12-24;10;387
5;2025-12-24;11;367
5;2025-12-24;12;378
5;2025-12-24;13;385
5;2025-12-24;14;389
5;2025-12-24;15;413
5;2025-12-24;16;449
5;2025-12-24;17;549
5;2025-12-24;18;579
5;2025-12-24;19;398
5;2025-12-24;20;273
5;2025-12-24;21;167
5;2025-12-24;22;77
5;2025-12-24;23;39
5;2025-12-25;0;10
5;2025-12-25;1;1
5;2025-12-25;2;0
5;2025-12-25;3;0
5;2025-12-25;4;1
5;2025-12-25;5;40
5;2025-12-25;6;182
5;2025-12-25;7;442
5;2025-12-25;8;646
5;2025-12-25;9;455
5;2025-12-25;10;391
5;2025-12-25;11;370
5;2025-12-25;12;382
5;2025-12-25;13;392
5;2025-12-25;14;394
5;2025-12-25;15;417
5;2025-12-25;16;453
5;2025-12-25;17;550
5;2025-12-25;18;582
5;2025-12-25;19;401
5;2025-12-25;20;277
5;2025-12-25;21;169
5;2025-12-25;22;78
5;2025-12-25;23;40
5;2025-12-26;0;10
5;2025-12-26;1;1
5;2025-12-26;2;0
5;2025-12-26;3;0
5;2025-12-26;4;1
5;2025-12-26;5;40
5;2025-12-26;6;180
5;2025-12-26;7;432
5;2025-12-26;8;618
5;2025-12-26;9;442
5;2025-12-26;10;380
5;2025-12-26;11;358
5;2025-12-26;12;369
5;2025-12-26;13;378
5;2025-12-26;14;383
5;2025-12-26;15;404
5;2025-12-26;16;437
5;2025-12-26;17;527
5;2025-12-26;18;542
5;2025-12-26;19;387
5;2025-12-26;20;270
5;2025-12-26;21;167
5;2025-12-26;22;77
5;2025-12-26;23;39
5;2025-12-27;0;16
5;2025-12-27;1;2
5;2025-12-27;2;0
5;2025-12-27;3;0
5;2025-12-27;4;0
5;2025-12-27;5;19
5;2025-12-27;6;80
5;2025-12-27;7;111
5;2025-12-27;8;169
5;2025-12-27;9;199
5;2025-12-27;10;235
5;2025-12-27;11;261
5;2025-12-27;12;292
5;2025-12-27;13;303
5;2025-12-27;14;310
5;2025-12-27;15;302
5;2025-12-27;16;289
5;2025-12-27;17;275
5;2025-12-27;18;247
5;2025-12-27;19;207
5;2025-12-27;20;154
5;2025-12-27;21;117
5;2025-12-27;22;64
5;2025-12-27;23;38
5;2025-12-28;0;14
5;2025-12-28;1;2
5;2025-12-28;2;0
5;2025-12-28;3;0
5;2025-12-28;4;0
5;2025-12-28;5;12
5;2025-12-28;6;51
5;2025-12-28;7;76
5;2025-12-28;8;108
5;2025-12-28;9;147
5;2025-12-28;10;175
5;2025-12-28;11;217
5;2025-12-28;12;233
5;2025-12-28;13;251
5;2025-12-28;14;256
5;2025-12-28;15;254
5;2025-12-28;16;237
5;2025-12-28;17;236
5;2025-12-28;18;204
5;2025-12-28;19;165
5;2025-12-28;20;130
5;2025-12-28;21;96
5;2025-12-28;22;56
5;2025-12-28;23;28
5;2025-12-29;0;9
5;2025-12-29;1;1
5;2025-12-29;2;0
5;2025-12-29;3;0
5;2025-12-29;4;1
5;2025-12-29;5;37
5;2025-12-29;6;169
5;2025-12-29;7;411
5;2025-12-29;8;602
5;2025-12-29;9;422
5;2025-12-29;10;362
5;2025-12-29;11;342
5;2025-12-29;12;353
5;2025-12-29;13;362
5;2025-12-29;14;365
5;2025-12-29;15;387
5;2025-12-29;16;420
5;2025-12-29;17;516
5;2025-12-29;18;549
5;2025-12-29;19;375
5;2025-12-29;20;256
5;2025-12-29;21;157
5;2025-12-29;22;72
5;2025-12-29;23;36
5;2025-12-30;0;10
5;2025-12-30;1;1
5;2025-12-30;2;0
5;2025-12-30;3;0
5;2025-12-30;4;1
5;2025-12-30;5;38
5;2025-12-30;6;173
5;2025-12-30;7;422
5;2025-12-30;8;613
5;2025-12-30;9;435
5;2025-12-30;10;375
5;2025-12-30;11;355
5;2025-12-30;12;365
5;2025-12-30;13;374
5;2025-12-30;14;378
5;2025-12-30;15;401
5;2025-12-30;16;435
5;2025-12-30;17;529
5;2025-12-30;18;541
5;2025-12-30;19;378
5;2025-12-30;20;263
5;2025-12-30;21;161
5;2025-12-30;22;74
5;2025-12-30;23;37
5;2025-12-31;0;15
5;2025-12-31;1;2
5;2025-12-31;2;0
5;2025-12-31;3;0
5;2025-12-31;4;0
5;2025-12-31;5;13
5;2025-12-31;6;52
5;2025-12-31;7;79
5;2025-12-31;8;110
5;2025-12-31;9;148
5;2025-12-31;10;175
5;2025-12-31;11;220
5;2025-12-31;12;237
5;2025-12-31;13;256
5;2025-12-31;14;261
5;2025-12-31;15;259
5;2025-12-31;16;240
5;2025-12-31;17;240
5;2025-12-31;18;206
5;2025-12-31;19;165
5;2025-12-31;20;133
5;2025-12-31;21;98
5;2025-12-31;22;57
5;2025-12-31;23;29
7;2025-11-01;0;58
7;2025-11-01;1;13
7;2025-11-01;2;0
7;2025-11-01;3;0
7;2025-11-01;4;2
7;2025-11-01;5;173
7;2025-11-01;6;552
7;2025-11-01;7;1597
7;2025-11-01;8;2207
7;2025-11-01;9;1668
7;2025-11-01;10;1571
7;2025-11-01;11;1487
7;2025-11-01;12;1610
7;2025-11-01;13;1517
7;2025-11-01;14;1610
7;2025-11-01;15;1720
7;2025-11-01;16;1740
7;2025-11-01;17;2194
7;2025-11-01;18;2253
7;2025-11-01;19;1535
7;2025-11-01;20;1016
7;2025-11-01;21;616
7;2025-11-01;22;309
7;2025-11-01;23;201
7;2025-11-02;0;98
7;2025-11-02;1;29
7;2025-11-02;2;0
7;2025-11-02;3;0
7;2025-11-02;4;1
7;2025-11-02;5;32
7;2025-11-02;6;132
7;2025-11-02;7;184
7;2025-11-02;8;371
7;2025-11-02;9;506
7;2025-11-02;10;416
7;2025-11-02;11;634
7;2025-11-02;12;675
7;2025-11-02;13;655
7;2025-11-02;14;664
7;2025-11-02;15;726
7;2025-11-02;16;628
7;2025-11-02;17;618
7;2025-11-02;18;642
7;2025-11-02;19;481
7;2025-11-02;20;423
7;2025-11-02;21;296
7;2025-11-02;22;162
7;2025-11-02;23;123
7;2025-11-03;0;94
7;2025-11-03;1;27
7;2025-11-03;2;0
7;2025-11-03;3;0
7;2025-11-03;4;1
7;2025-11-03;5;31
7;2025-11-03;6;128
7;2025-11-03;7;180
7;2025-11-03;8;373
7;2025-11-03;9;487
7;2025-11-03;10;403
7;2025-11-03;11;605
7;2025-11-03;12;640
7;2025-11-03;13;624
7;2025-11-03;14;630
7;2025-11-03;15;689
7;2025-11-03;16;600
7;2025-11-03;17;607
7;2025-11-03;18;632
7;2025-11-03;19;462
7;2025-11-03;20;410
7;2025-11-03;21;283
7;2025-11-03;22;157
7;2025-11-03;23;119
7;2025-11-04;0;97
7;2025-11-04;1;28
7;2025-11-04;2;0
7;2025-11-04;3;0
7;2025-11-04;4;1
7;2025-11-04;5;31
7;2025-11-04;6;130
7;2025-11-04;7;182
7;2025-11-04;8;363
7;2025-11-04;9;488
7;2025-11-04;10;408
7;2025-11-04;11;610
7;2025-11-04;12;649
7;2025-11-04;13;640
7;2025-11-04;14;655
7;2025-11-04;15;716
7;2025-11-04;16;618
7;2025-11-04;17;602
7;2025-11-04;18;629
7;2025-11-04;19;470
7;2025-11-04;20;420
7;2025-11-04;21;291
7;2025-11-04;22;161
7;2025-11-04;23;122
7;2025-11-05;0;63
7;2025-11-05;1;14
7;2025-11-05;2;1
7;2025-11-05;3;0
7;2025-11-05;4;2
7;2025-11-05;5;185
7;2025-11-05;6;592
7;2025-11-05;7;1657
7;2025-11-05;8;2475
7;2025-11-05;9;1788
7;2025-11-05;10;1676
7;2025-11-05;11;1565
7;2025-11-05;12;1696
7;2025-11-05;13;1604
7;2025-11-05;14;1706
7;2025-11-05;15;1816
7;2025-11-05;16;1838
7;2025-11-05;17;2397
7;2025-11-05;18;2549
7;2025-11-05;19;1635
7;2025-11-05;20;1092
7;2025-11-05;21;655
7;2025-11-05;22;326
7;2025-11-05;23;212
7;2025-11-06;0;63
7;2025-11-06;1;14
7;2025-11-06;2;1
7;2025-11-06;3;0
7;2025-11-06;4;2
7;2025-11-06;5;184
7;2025-11-06;6;590
7;2025-11-06;7;1646
7;2025-11-06;8;2449
7;2025-11-06;9;1759
7;2025-11-06;10;1662
7;2025-11-06;11;1551
7;2025-11-06;12;1690
7;2025-11-06;13;1593
7;2025-11-06;14;1692
7;2025-11-06;15;1793
7;2025-11-06;16;1816
7;2025-11-06;17;2362
7;2025-11-06;18;2503
7;2025-11-06;19;1606
7;2025-11-06;20;1074
7;2025-11-06;21;648
7;2025-11-06;22;323
7;2025-11-06;23;211
7;2025-11-07;0;65
7;2025-11-07;1;14
7;2025-11-07;2;1
7;2025-11-07;3;0
7;2025-11-07;4;2
7;2025-11-07;5;191
7;2025-11-07;6;609
7;2025-11-07;7;1671
7;2025-11-07;8;2313
7;2025-11-07;9;1782
7;2025-11-07;10;1691
7;2025-11-07;11;1584
7;2025-11-07;12;1726
7;2025-11-07;13;1620
7;2025-11-07;14;1729
7;2025-11-07;15;1843
7;2025-11-07;16;1855
7;2025-11-07;17;2255
7;2025-11-07;18;2197
7;2025-11-07;19;1589
7;2025-11-07;20;1107
7;2025-11-07;21;667
7;2025-11-07;22;335
7;2025-11-07;23;218
7;2025-11-08;0;125
7;2025-11-08;1;27
7;2025-11-08;2;0
7;2025-11-08;3;0
7;2025-11-08;4;1
7;2025-11-08;5;50
7;2025-11-08;6;256
7;2025-11-08;7;285
7;2025-11-08;8;693
7;2025-11-08;9;583
7;2025-11-08;10;675
7;2025-11-08;11;666
7;2025-11-08;12;890
7;2025-11-08;13;841
7;2025-11-08;14;839
7;2025-11-08;15;819
7;2025-11-08;16;820
7;2025-11-08;17;781
7;2025-11-08;18;740
7;2025-11-08;19;585
7;2025-11-08;20;487
7;2025-11-08;21;355
7;2025-11-08;22;188
7;2025-11-08;23;153
7;2025-11-09;0;95
7;2025-11-09;1;27
7;2025-11-09;2;0
7;2025-11-09;3;0
7;2025-11-09;4;1
7;2025-11-09;5;31
7;2025-11-09;6;128
7;2025-11-09;7;181
7;2025-11-09;8;375
7;2025-11-09;9;509
7;2025-11-09;10;417
7;2025-11-09;11;635
7;2025-11-09;12;676
7;2025-11-09;13;660
7;2025-11-09;14;665
7;2025-11-09;15;725
7;2025-11-09;16;632
7;2025-11-09;17;620
7;2025-11-09;18;642
7;2025-11-09;19;478
7;2025-11-09;20;418
7;2025-11-09;21;289
7;2025-11-09;22;159
7;2025-11-09;23;121
7;2025-11-10;0;61
7;2025-11-10;1;14
7;2025-11-10;2;1
7;2025-11-10;3;0
7;2025-11-10;4;2
7;2025-11-10;5;181
7;2025-11-10;6;580
7;2025-11-10;7;1631
7;2025-11-10;8;2462
7;2025-11-10;9;1739
7;2025-11-10;10;1647
7;2025-11-10;11;1548
7;2025-11-10;12;1681
7;2025-11-10;13;1577
7;2025-11-10;14;1679
7;2025-11-10;15;1783
7;2025-11-10;16;1807
7;2025-11-10;17;2359
7;2025-11-10;18;2560
7;2025-11-10;19;1617
7;2025-11-10;20;1078
7;2025-11-10;21;643
7;2025-11-10;22;320
7;2025-11-10;23;205
7;2025-11-11;0;63
7;2025-11-11;1;14
7;2025-11-11;2;1
7;2025-11-11;3;0
7;2025-11-11;4;2
7;2025-11-11;5;188
7;2025-11-11;6;600
7;2025-11-11;7;1682
7;2025-11-11;8;2525
7;2025-11-11;9;1799
7;2025-11-11;10;1703
7;2025-11-11;11;1603
7;2025-11-11;12;1741
7;2025-11-11;13;1636
7;2025-11-11;14;1738
7;2025-11-11;15;1847
7;2025-11-11;16;1872
7;2025-11-11;17;2432
7;2025-11-11;18;2631
7;2025-11-11;19;1665
7;2025-11-11;20;1110
7;2025-11-11;21;664
7;2025-11-11;22;330
7;2025-11-11;23;213
7;2025-11-12;0;63
7;2025-11-12;1;14
7;2025-11-12;2;1
7;2025-11-12;3;0
7;2025-11-12;4;2
7;2025-11-12;5;187
7;2025-11-12;6;596
7;2025-11-12;7;1670
7;2025-11-12;8;2512
7;2025-11-12;9;1801
7;2025-11-12;10;1690
7;2025-11-12;11;1579
7;2025-11-12;12;1717
7;2025-11-12;13;1620
7;2025-11-12;14;1720
7;2025-11-12;15;1829
7;2025-11-12;16;1850
7;2025-11-12;17;2404
7;2025-11-12;18;2596
7;2025-11-12;19;1647
7;2025-11-12;20;1100
7;2025-11-12;21;661
7;2025-11-12;22;329
7;2025-11-12;23;214
7;2025-11-13;0;63
7;2025-11-13;1;14
7;2025-11-13;2;1
7;2025-11-13;3;0
7;2025-11-13;4;2
7;2025-11-13;5;186
7;2025-11-13;6;596
7;2025-11-13;7;1673
7;2025-11-13;8;2517
7;2025-11-13;9;1791
7;2025-11-13;10;1692
7;2025-11-13;11;1588
7;2025-11-13;12;1725
7;2025-11-13;13;1620
7;2025-11-13;14;1717
7;2025-11-13;15;1829
7;2025-11-13;16;1849
7;2025-11-13;17;2399
7;2025-11-13;18;2578
7;2025-11-13;19;1638
7;2025-11-13;20;1095
7;2025-11-13;21;657
7;2025-11-13;22;328
7;2025-11-13;23;213
7;2025-11-14;0;63
7;2025-11-14;1;14
7;2025-11-14;2;1
7;2025-11-14;3;0
7;2025-11-14;4;2
7;2025-11-14;5;187
7;2025-11-14;6;598
7;2025-11-14;7;1666
7;2025-11-14;8;2418
7;2025-11-14;9;1781
7;2025-11-14;10;1688
7;2025-11-14;11;1588
7;2025-11-14;12;1730
7;2025-11-14;13;1623
7;2025-11-14;14;1728
7;2025-11-14;15;1847
7;2025-11-14;16;1863
7;2025-11-14;17;2393
7;2025-11-14;18;2386
7;2025-11-14;19;1615
7;2025-11-14;20;1098
7;2025-11-14;21;661
7;2025-11-14;22;333
7;2025-11-14;23;216
7;2025-11-15;0;120
7;2025-11-15;1;27
7;2025-11-15;2;0
7;2025-11-15;3;0
7;2025-11-15;4;1
7;2025-11-15;5;48
7;2025-11-15;6;249
7;2025-11-15;7;277
7;2025-11-15;8;669
7;2025-11-15;9;562
7;2025-11-15;10;651
7;2025-11-15;11;634
7;2025-11-15;12;850
7;2025-11-15;13;808
7;2025-11-15;14;798
7;2025-11-15;15;780
7;2025-11-15;16;776
7;2025-11-15;17;737
7;2025-11-15;18;707
7;2025-11-15;19;562
7;2025-11-15;20;479
7;2025-11-15;21;351
7;2025-11-15;22;186
7;2025-11-15;23;152
7;2025-11-16;0;95
7;2025-11-16;1;28
7;2025-11-16;2;0
7;2025-11-16;3;0
7;2025-11-16;4;1
7;2025-11-16;5;31
7;2025-11-16;6;128
7;2025-11-16;7;180
7;2025-11-16;8;374
7;2025-11-16;9;507
7;2025-11-16;10;416
7;2025-11-16;11;635
7;2025-11-16;12;677
7;2025-11-16;13;661
7;2025-11-16;14;664
7;2025-11-16;15;728
7;2025-11-16;16;630
7;2025-11-16;17;619
7;2025-11-16;18;642
7;2025-11-16;19;481
7;2025-11-16;20;423
7;2025-11-16;21;293
7;2025-11-16;22;161
7;2025-11-16;23;122
7;2025-11-17;0;62
7;2025-11-17;1;14
7;2025-11-17;2;0
7;2025-11-17;3;0
7;2025-11-17;4;2
7;2025-11-17;5;183
7;2025-11-17;6;586
7;2025-11-17;7;1635
7;2025-11-17;8;2455
7;2025-11-17;9;1730
7;2025-11-17;10;1641
7;2025-11-17;11;1537
7;2025-11-17;12;1673
7;2025-11-17;13;1571
7;2025-11-17;14;1671
7;2025-11-17;15;1779
7;2025-11-17;16;1799
7;2025-11-17;17;2348
7;2025-11-17;18;2562
7;2025-11-17;19;1633
7;2025-11-17;20;1097
7;2025-11-17;21;654
7;2025-11-17;22;325
7;2025-11-17;23;209
7;2025-11-18;0;62
7;2025-11-18;1;13
7;2025-11-18;2;0
7;2025-11-18;3;0
7;2025-11-18;4;2
7;2025-11-18;5;183
7;2025-11-18;6;583
7;2025-11-18;7;1619
7;2025-11-18;8;2396
7;2025-11-18;9;1715
7;2025-11-18;10;1611
7;2025-11-18;11;1511
7;2025-11-18;12;1641
7;2025-11-18;13;1545
7;2025-11-18;14;1639
7;2025-11-18;15;1751
7;2025-11-18;16;1774
7;2025-11-18;17;2306
7;2025-11-18;18;2491
7;2025-11-18;19;1587
7;2025-11-18;20;1071
7;2025-11-18;21;642
7;2025-11-18;22;319
7;2025-11-18;23;206
7;2025-11-19;0;64
7;2025-11-19;1;14
7;2025-11-19;2;1
7;2025-11-19;3;0
7;2025-11-19;4;2
7;2025-11-19;5;189
7;2025-11-19;6;606
7;2025-11-19;7;1699
7;2025-11-19;8;2551
7;2025-11-19;9;1834
7;2025-11-19;10;1710
7;2025-11-19;11;1605
7;2025-11-19;12;1750
7;2025-11-19;13;1653
7;2025-11-19;14;1751
7;2025-11-19;15;1865
7;2025-11-19;16;1885
7;2025-11-19;17;2451
7;2025-11-19;18;2644
7;2025-11-19;19;1692
7;2025-11-19;20;1136
7;2025-11-19;21;680
7;2025-11-19;22;340
7;2025-11-19;23;220
7;2025-11-20;0;64
7;2025-11-20;1;14
7;2025-11-20;2;1
7;2025-11-20;3;0
7;2025-11-20;4;2
7;2025-11-20;5;189
7;2025-11-20;6;604
7;2025-11-20;7;1692
7;2025-11-20;8;2533
7;2025-11-20;9;1812
7;2025-11-20;10;1714
7;2025-11-20;11;1609
7;2025-11-20;12;1748
7;2025-11-20;13;1644
7;2025-11-20;14;1744
7;2025-11-20;15;1858
7;2025-11-20;16;1880
7;2025-11-20;17;2437
7;2025-11-20;18;2631
7;2025-11-20;19;1675
7;2025-11-20;20;1121
7;2025-11-20;21;672
7;2025-11-20;22;335
7;2025-11-20;23;218
7;2025-11-21;0;65
7;2025-11-21;1;15
7;2025-11-21;2;1
7;2025-11-21;3;0
7;2025-11-21;4;2
7;2025-11-21;5;191
7;2025-11-21;6;611
7;2025-11-21;7;1712
7;2025-11-21;8;2505
7;2025-11-21;9;1832
7;2025-11-21;10;1732
7;2025-11-21;11;1626
7;2025-11-21;12;1769
7;2025-11-21;13;1665
7;2025-11-21;14;1771
7;2025-11-21;15;1870
7;2025-11-21;16;1889
7;2025-11-21;17;2437
7;2025-11-21;18;2445
7;2025-11-21;19;1660
7;2025-11-21;20;1135
7;2025-11-21;21;683
7;2025-11-21;22;342
7;2025-11-21;23;222
7;2025-11-22;0;127
7;2025-11-22;1;28
7;2025-11-22;2;0
7;2025-11-22;3;0
7;2025-11-22;4;1
7;2025-11-22;5;50
7;2025-11-22;6;257
7;2025-11-22;7;292
7;2025-11-22;8;709
7;2025-11-22;9;596
7;2025-11-22;10;693
7;2025-11-22;11;677
7;2025-11-22;12;917
7;2025-11-22;13;858
7;2025-11-22;14;850
7;2025-11-22;15;826
7;2025-11-22;16;825
7;2025-11-22;17;787
7;2025-11-22;18;751
7;2025-11-22;19;593
7;2025-11-22;20;498
7;2025-11-22;21;355
7;2025-11-22;22;189
7;2025-11-22;23;155
7;2025-11-23;0;96
7;2025-11-23;1;28
7;2025-11-23;2;0
7;2025-11-23;3;0
7;2025-11-23;4;1
7;2025-11-23;5;31
7;2025-11-23;6;130
7;2025-11-23;7;181
7;2025-11-23;8;378
7;2025-11-23;9;511
7;2025-11-23;10;421
7;2025-11-23;11;640
7;2025-11-23;12;681
7;2025-11-23;13;667
7;2025-11-23;14;671
7;2025-11-23;15;734
7;2025-11-23;16;635
7;2025-11-23;17;625
7;2025-11-23;18;649
7;2025-11-23;19;485
7;2025-11-23;20;427
7;2025-11-23;21;296
7;2025-11-23;22;162
7;2025-11-23;23;122
7;2025-11-24;0;61
7;2025-11-24;1;13
7;2025-11-24;2;0
7;2025-11-24;3;0
7;2025-11-24;4;2
7;2025-11-24;5;178
7;2025-11-24;6;571
7;2025-11-24;7;1594
7;2025-11-24;8;2391
7;2025-11-24;9;1694
7;2025-11-24;10;1596
7;2025-11-24;11;1492
7;2025-11-24;12;1621
7;2025-11-24;13;1516
7;2025-11-24;14;1615
7;2025-11-24;15;1717
7;2025-11-24;16;1732
7;2025-11-24;17;2261
7;2025-11-24;18;2477
7;2025-11-24;19;1561
7;2025-11-24;20;1045
7;2025-11-24;21;624
7;2025-11-24;22;310
7;2025-11-24;23;201
7;2025-11-25;0;63
7;2025-11-25;1;14
7;2025-11-25;2;1
7;2025-11-25;3;0
7;2025-11-25;4;2
7;2025-11-25;5;185
7;2025-11-25;6;594
7;2025-11-25;7;1664
7;2025-11-25;8;2496
7;2025-11-25;9;1781
7;2025-11-25;10;1684
7;2025-11-25;11;1581
7;2025-11-25;12;1719
7;2025-11-25;13;1621
7;2025-11-25;14;1720
7;2025-11-25;15;1829
7;2025-11-25;16;1851
7;2025-11-25;17;2403
7;2025-11-25;18;2599
7;2025-11-25;19;1657
7;2025-11-25;20;1114
7;2025-11-25;21;664
7;2025-11-25;22;330
7;2025-11-25;23;213
7;2025-11-26;0;63
7;2025-11-26;1;14
7;2025-11-26;2;1
7;2025-11-26;3;0
7;2025-11-26;4;2
7;2025-11-26;5;185
7;2025-11-26;6;591
7;2025-11-26;7;1650
7;2025-11-26;8;2476
7;2025-11-26;9;1770
7;2025-11-26;10;1668
7;2025-11-26;11;1556
7;2025-11-26;12;1687
7;2025-11-26;13;1595
7;2025-11-26;14;1684
7;2025-11-26;15;1792
7;2025-11-26;16;1813
7;2025-11-26;17;2360
7;2025-11-26;18;2578
7;2025-11-26;19;1643
7;2025-11-26;20;1109
7;2025-11-26;21;663
7;2025-11-26;22;331
7;2025-11-26;23;215
7;2025-11-27;0;63
7;2025-11-27;1;14
7;2025-11-27;2;1
7;2025-11-27;3;0
7;2025-11-27;4;2
7;2025-11-27;5;185
7;2025-11-27;6;592
7;2025-11-27;7;1663
7;2025-11-27;8;2503
7;2025-11-27;9;1780
7;2025-11-27;10;1682
7;2025-11-27;11;1572
7;2025-11-27;12;1706
7;2025-11-27;13;1604
7;2025-11-27;14;1702
7;2025-11-27;15;1814
7;2025-11-27;16;1835
7;2025-11-27;17;2385
7;2025-11-27;18;2577
7;2025-11-27;19;1631
7;2025-11-27;20;1091
7;2025-11-27;21;655
7;2025-11-27;22;327
7;2025-11-27;23;213
7;2025-11-28;0;64
7;2025-11-28;1;14
7;2025-11-28;2;1
7;2025-11-28;3;0
7;2025-11-28;4;2
7;2025-11-28;5;187
7;2025-11-28;6;597
7;2025-11-28;7;1659
7;2025-11-28;8;2469
7;2025-11-28;9;1778
7;2025-11-28;10;1686
7;2025-11-28;11;1582
7;2025-11-28;12;1715
7;2025-11-28;13;1616
7;2025-11-28;14;1721
7;2025-11-28;15;1818
7;2025-11-28;16;1835
7;2025-11-28;17;2381
7;2025-11-28;18;2405
7;2025-11-28;19;1596
7;2025-11-28;20;1093
7;2025-11-28;21;661
7;2025-11-28;22;332
7;2025-11-28;23;216
7;2025-11-29;0;126
7;2025-11-29;1;28
7;2025-11-29;2;0
7;2025-11-29;3;0
7;2025-11-29;4;1
7;2025-11-29;5;51
7;2025-11-29;6;258
7;2025-11-29;7;288
7;2025-11-29;8;702
7;2025-11-29;9;590
7;2025-11-29;10;683
7;2025-11-29;11;670
7;2025-11-29;12;918
7;2025-11-29;13;850
7;2025-11-29;14;843
7;2025-11-29;15;820
7;2025-11-29;16;823
7;2025-11-29;17;785
7;2025-11-29;18;747
7;2025-11-29;19;593
7;2025-11-29;20;493
7;2025-11-29;21;359
7;2025-11-29;22;190
7;2025-11-29;23;155
7;2025-11-30;0;94
7;2025-11-30;1;27
7;2025-11-30;2;0
7;2025-11-30;3;0
7;2025-11-30;4;1
7;2025-11-30;5;30
7;2025-11-30;6;128
7;2025-11-30;7;178
7;2025-11-30;8;373
7;2025-11-30;9;507
7;2025-11-30;10;417
7;2025-11-30;11;635
7;2025-11-30;12;676
7;2025-11-30;13;661
7;2025-11-30;14;665
7;2025-11-30;15;727
7;2025-11-30;16;628
7;2025-11-30;17;620
7;2025-11-30;18;642
7;2025-11-30;19;478
7;2025-11-30;20;417
7;2025-11-30;21;288
7;2025-11-30;22;158
7;2025-11-30;23;121
7;2025-12-01;0;59
7;2025-12-01;1;14
7;2025-12-01;2;1
7;2025-12-01;3;0
7;2025-12-01;4;2
7;2025-12-01;5;177
7;2025-12-01;6;567
7;2025-12-01;7;1593
7;2025-12-01;8;2400
7;2025-12-01;9;1698
7;2025-12-01;10;1609
7;2025-12-01;11;1510
7;2025-12-01;12;1640
7;2025-12-01;13;1539
7;2025-12-01;14;1638
7;2025-12-01;15;1740
7;2025-12-01;16;1760
7;2025-12-01;17;2296
7;2025-12-01;18;2495
7;2025-12-01;19;1579
7;2025-12-01;20;1052
7;2025-12-01;21;627
7;2025-12-01;22;312
7;2025-12-01;23;201
7;2025-12-02;0;61
7;2025-12-02;1;14
7;2025-12-02;2;1
7;2025-12-02;3;0
7;2025-12-02;4;2
7;2025-12-02;5;182
7;2025-12-02;6;585
7;2025-12-02;7;1638
7;2025-12-02;8;2466
7;2025-12-02;9;1753
7;2025-12-02;10;1659
7;2025-12-02;11;1560
7;2025-12-02;12;1695
7;2025-12-02;13;1594
7;2025-12-02;14;1692
7;2025-12-02;15;1802
7;2025-12-02;16;1824
7;2025-12-02;17;2368
7;2025-12-02;18;2562
7;2025-12-02;19;1623
7;2025-12-02;20;1083
7;2025-12-02;21;648
7;2025-12-02;22;323
7;2025-12-02;23;208
7;2025-12-03;0;61
7;2025-12-03;1;14
7;2025-12-03;2;1
7;2025-12-03;3;0
7;2025-12-03;4;2
7;2025-12-03;5;183
7;2025-12-03;6;586
7;2025-12-03;7;1644
7;2025-12-03;8;2472
7;2025-12-03;9;1777
7;2025-12-03;10;1665
7;2025-12-03;11;1564
7;2025-12-03;12;1698
7;2025-12-03;13;1602
7;2025-12-03;14;1695
7;2025-12-03;15;1807
7;2025-12-03;16;1828
7;2025-12-03;17;2374
7;2025-12-03;18;2562
7;2025-12-03;19;1626
7;2025-12-03;20;1083
7;2025-12-03;21;650
7;2025-12-03;22;325
7;2025-12-03;23;211
7;2025-12-04;0;61
7;2025-12-04;1;14
7;2025-12-04;2;1
7;2025-12-04;3;0
7;2025-12-04;4;2
7;2025-12-04;5;183
7;2025-12-04;6;585
7;2025-12-04;7;1644
7;2025-12-04;8;2470
7;2025-12-04;9;1757
7;2025-12-04;10;1662
7;2025-12-04;11;1559
7;2025-12-04;12;1695
7;2025-12-04;13;1596
7;2025-12-04;14;1694
7;2025-12-04;15;1806
7;2025-12-04;16;1826
7;2025-12-04;17;2369
7;2025-12-04;18;2555
7;2025-12-04;19;1623
7;2025-12-04;20;1084
7;2025-12-04;21;651
7;2025-12-04;22;325
7;2025-12-04;23;211
7;2025-12-05;0;62
7;2025-12-05;1;14
7;2025-12-05;2;1
7;2025-12-05;3;0
7;2025-12-05;4;2
7;2025-12-05;5;185
7;2025-12-05;6;590
7;2025-12-05;7;1657
7;2025-12-05;8;2446
7;2025-12-05;9;1775
7;2025-12-05;10;1679
7;2025-12-05;11;1586
7;2025-12-05;12;1724
7;2025-12-05;13;1624
7;2025-12-05;14;1730
7;2025-12-05;15;1843
7;2025-12-05;16;1857
7;2025-12-05;17;2407
7;2025-12-05;18;2399
7;2025-12-05;19;1600
7;2025-12-05;20;1088
7;2025-12-05;21;655
7;2025-12-05;22;328
7;2025-12-05;23;213
7;2025-12-06;0;125
7;2025-12-06;1;28
7;2025-12-06;2;0
7;2025-12-06;3;0
7;2025-12-06;4;1
7;2025-12-06;5;51
7;2025-12-06;6;258
7;2025-12-06;7;288
7;2025-12-06;8;703
7;2025-12-06;9;590
7;2025-12-06;10;686
7;2025-12-06;11;674
7;2025-12-06;12;919
7;2025-12-06;13;855
7;2025-12-06;14;849
7;2025-12-06;15;826
7;2025-12-06;16;824
7;2025-12-06;17;786
7;2025-12-06;18;747
7;2025-12-06;19;593
7;2025-12-06;20;494
7;2025-12-06;21;359
7;2025-12-06;22;190
7;2025-12-06;23;155
7;2025-12-07;0;95
7;2025-12-07;1;27
7;2025-12-07;2;0
7;2025-12-07;3;0
7;2025-12-07;4;1
7;2025-12-07;5;31
7;2025-12-07;6;129
7;2025-12-07;7;181
7;2025-12-07;8;377
7;2025-12-07;9;511
7;2025-12-07;10;420
7;2025-12-07;11;640
7;2025-12-07;12;681
7;2025-12-07;13;667
7;2025-12-07;14;671
7;2025-12-07;15;735
7;2025-12-07;16;635
7;2025-12-07;17;625
7;2025-12-07;18;648
7;2025-12-07;19;482
7;2025-12-07;20;422
7;2025-12-07;21;291
7;2025-12-07;22;160
7;2025-12-07;23;121
7;2025-12-08;0;60
7;2025-12-08;1;14
7;2025-12-08;2;1
7;2025-12-08;3;0
7;2025-12-08;4;2
7;2025-12-08;5;181
7;2025-12-08;6;576
7;2025-12-08;7;1621
7;2025-12-08;8;2444
7;2025-12-08;9;1728
7;2025-12-08;10;1638
7;2025-12-08;11;1537
7;2025-12-08;12;1667
7;2025-12-08;13;1563
7;2025-12-08;14;1665
7;2025-12-08;15;1771
7;2025-12-08;16;1791
7;2025-12-08;17;2333
7;2025-12-08;18;2535
7;2025-12-08;19;1605
7;2025-12-08;20;1071
7;2025-12-08;21;639
7;2025-12-08;22;317
7;2025-12-08;23;204
7;2025-12-09;0;62
7;2025-12-09;1;14
7;2025-12-09;2;1
7;2025-12-09;3;0
7;2025-12-09;4;2
7;2025-12-09;5;184
7;2025-12-09;6;588
7;2025-12-09;7;1647
7;2025-12-09;8;2463
7;2025-12-09;9;1757
7;2025-12-09;10;1661
7;2025-12-09;11;1551
7;2025-12-09;12;1681
7;2025-12-09;13;1583
7;2025-12-09;14;1682
7;2025-12-09;15;1796
7;2025-12-09;16;1822
7;2025-12-09;17;2356
7;2025-12-09;18;2561
7;2025-12-09;19;1628
7;2025-12-09;20;1090
7;2025-12-09;21;651
7;2025-12-09;22;323
7;2025-12-09;23;209
7;2025-12-10;0;62
7;2025-12-10;1;14
7;2025-12-10;2;1
7;2025-12-10;3;0
7;2025-12-10;4;2
7;2025-12-10;5;186
7;2025-12-10;6;593
7;2025-12-10;7;1653
7;2025-12-10;8;2473
7;2025-12-10;9;1777
7;2025-12-10;10;1666
7;2025-12-10;11;1561
7;2025-12-10;12;1698
7;2025-12-10;13;1602
7;2025-12-10;14;1697
7;2025-12-10;15;1805
7;2025-12-10;16;1826
7;2025-12-10;17;2371
7;2025-12-10;18;2580
7;2025-12-10;19;1645
7;2025-12-10;20;1109
7;2025-12-10;21;664
7;2025-12-10;22;332
7;2025-12-10;23;216
7;2025-12-11;0;62
7;2025-12-11;1;14
7;2025-12-11;2;1
7;2025-12-11;3;0
7;2025-12-11;4;2
7;2025-12-11;5;186
7;2025-12-11;6;593
7;2025-12-11;7;1661
7;2025-12-11;8;2497
7;2025-12-11;9;1771
7;2025-12-11;10;1674
7;2025-12-11;11;1561
7;2025-12-11;12;1699
7;2025-12-11;13;1602
7;2025-12-11;14;1698
7;2025-12-11;15;1814
7;2025-12-11;16;1835
7;2025-12-11;17;2389
7;2025-12-11;18;2586
7;2025-12-11;19;1651
7;2025-12-11;20;1096
7;2025-12-11;21;657
7;2025-12-11;22;327
7;2025-12-11;23;213
7;2025-12-12;0;62
7;2025-12-12;1;14
7;2025-12-12;2;0
7;2025-12-12;3;0
7;2025-12-12;4;2
7;2025-12-12;5;186
7;2025-12-12;6;595
7;2025-12-12;7;1658
7;2025-12-12;8;2444
7;2025-12-12;9;1774
7;2025-12-12;10;1676
7;2025-12-12;11;1573
7;2025-12-12;12;1706
7;2025-12-12;13;1604
7;2025-12-12;14;1709
7;2025-12-12;15;1803
7;2025-12-12;16;1818
7;2025-12-12;17;2322
7;2025-12-12;18;2369
7;2025-12-12;19;1593
7;2025-12-12;20;1110
7;2025-12-12;21;666
7;2025-12-12;22;332
7;2025-12-12;23;216
7;2025-12-13;0;125
7;2025-12-13;1;28
7;2025-12-13;2;0
7;2025-12-13;3;0
7;2025-12-13;4;1
7;2025-12-13;5;50
7;2025-12-13;6;256
7;2025-12-13;7;286
7;2025-12-13;8;689
7;2025-12-13;9;579
7;2025-12-13;10;670
7;2025-12-13;11;657
7;2025-12-13;12;883
7;2025-12-13;13;833
7;2025-12-13;14;826
7;2025-12-13;15;803
7;2025-12-13;16;803
7;2025-12-13;17;768
7;2025-12-13;18;738
7;2025-12-13;19;593
7;2025-12-13;20;495
7;2025-12-13;21;360
7;2025-12-13;22;191
7;2025-12-13;23;156
7;2025-12-14;0;94
7;2025-12-14;1;27
7;2025-12-14;2;0
7;2025-12-14;3;0
7;2025-12-14;4;1
7;2025-12-14;5;31
7;2025-12-14;6;128
7;2025-12-14;7;178
7;2025-12-14;8;372
7;2025-12-14;9;502
7;2025-12-14;10;414
7;2025-12-14;11;629
7;2025-12-14;12;661
7;2025-12-14;13;647
7;2025-12-14;14;651
7;2025-12-14;15;700
7;2025-12-14;16;625
7;2025-12-14;17;617
7;2025-12-14;18;641
7;2025-12-14;19;481
7;2025-12-14;20;422
7;2025-12-14;21;292
7;2025-12-14;22;161
7;2025-12-14;23;122
7;2025-12-15;0;61
7;2025-12-15;1;13
7;2025-12-15;2;0
7;2025-12-15;3;0
7;2025-12-15;4;2
7;2025-12-15;5;182
7;2025-12-15;6;582
7;2025-12-15;7;1632
7;2025-12-15;8;2450
7;2025-12-15;9;1738
7;2025-12-15;10;1644
7;2025-12-15;11;1542
7;2025-12-15;12;1676
7;2025-12-15;13;1572
7;2025-12-15;14;1673
7;2025-12-15;15;1777
7;2025-12-15;16;1798
7;2025-12-15;17;2343
7;2025-12-15;18;2556
7;2025-12-15;19;1628
7;2025-12-15;20;1095
7;2025-12-15;21;650
7;2025-12-15;22;323
7;2025-12-15;23;208
7;2025-12-16;0;64
7;2025-12-16;1;15
7;2025-12-16;2;1
7;2025-12-16;3;0
7;2025-12-16;4;2
7;2025-12-16;5;188
7;2025-12-16;6;602
7;2025-12-16;7;1688
7;2025-12-16;8;2521
7;2025-12-16;9;1801
7;2025-12-16;10;1703
7;2025-12-16;11;1591
7;2025-12-16;12;1730
7;2025-12-16;13;1627
7;2025-12-16;14;1726
7;2025-12-16;15;1837
7;2025-12-16;16;1856
7;2025-12-16;17;2408
7;2025-12-16;18;2622
7;2025-12-16;19;1670
7;2025-12-16;20;1125
7;2025-12-16;21;672
7;2025-12-16;22;334
7;2025-12-16;23;215
7;2025-12-17;0;64
7;2025-12-17;1;15
7;2025-12-17;2;1
7;2025-12-17;3;0
7;2025-12-17;4;2
7;2025-12-17;5;188
7;2025-12-17;6;604
7;2025-12-17;7;1695
7;2025-12-17;8;2545
7;2025-12-17;9;1827
7;2025-12-17;10;1713
7;2025-12-17;11;1608
7;2025-12-17;12;1746
7;2025-12-17;13;1649
7;2025-12-17;14;1744
7;2025-12-17;15;1858
7;2025-12-17;16;1880
7;2025-12-17;17;2443
7;2025-12-17;18;2637
7;2025-12-17;19;1685
7;2025-12-17;20;1134
7;2025-12-17;21;679
7;2025-12-17;22;338
7;2025-12-17;23;221
7;2025-12-18;0;64
7;2025-12-18;1;15
7;2025-12-18;2;1
7;2025-12-18;3;0
7;2025-12-18;4;2
7;2025-12-18;5;191
7;2025-12-18;6;608
7;2025-12-18;7;1701
7;2025-12-18;8;2547
7;2025-12-18;9;1820
7;2025-12-18;10;1714
7;2025-12-18;11;1604
7;2025-12-18;12;1747
7;2025-12-18;13;1652
7;2025-12-18;14;1753
7;2025-12-18;15;1868
7;2025-12-18;16;1889
7;2025-12-18;17;2446
7;2025-12-18;18;2642
7;2025-12-18;19;1693
7;2025-12-18;20;1138
7;2025-12-18;21;681
7;2025-12-18;22;340
7;2025-12-18;23;222
7;2025-12-19;0;64
7;2025-12-19;1;15
7;2025-12-19;2;1
7;2025-12-19;3;0
7;2025-12-19;4;2
7;2025-12-19;5;191
7;2025-12-19;6;610
7;2025-12-19;7;1712
7;2025-12-19;8;2522
7;2025-12-19;9;1834
7;2025-12-19;10;1734
7;2025-12-19;11;1633
7;2025-12-19;12;1775
7;2025-12-19;13;1668
7;2025-12-19;14;1775
7;2025-12-19;15;1876
7;2025-12-19;16;1891
7;2025-12-19;17;2452
7;2025-12-19;18;2436
7;2025-12-19;19;1659
7;2025-12-19;20;1137
7;2025-12-19;21;683
7;2025-12-19;22;342
7;2025-12-19;23;223
7;2025-12-20;0;129
7;2025-12-20;1;28
7;2025-12-20;2;0
7;2025-12-20;3;0
7;2025-12-20;4;1
7;2025-12-20;5;52
7;2025-12-20;6;267
7;2025-12-20;7;297
7;2025-12-20;8;723
7;2025-12-20;9;607
7;2025-12-20;10;704
7;2025-12-20;11;692
7;2025-12-20;12;942
7;2025-12-20;13;879
7;2025-12-20;14;871
7;2025-12-20;15;850
7;2025-12-20;16;847
7;2025-12-20;17;808
7;2025-12-20;18;769
7;2025-12-20;19;611
7;2025-12-20;20;508
7;2025-12-20;21;369
7;2025-12-20;22;196
7;2025-12-20;23;160
7;2025-12-21;0;97
7;2025-12-21;1;28
7;2025-12-21;2;0
7;2025-12-21;3;0
7;2025-12-21;4;1
7;2025-12-21;5;31
7;2025-12-21;6;129
7;2025-12-21;7;184
7;2025-12-21;8;385
7;2025-12-21;9;521
7;2025-12-21;10;429
7;2025-12-21;11;649
7;2025-12-21;12;690
7;2025-12-21;13;676
7;2025-12-21;14;680
7;2025-12-21;15;742
7;2025-12-21;16;645
7;2025-12-21;17;635
7;2025-12-21;18;660
7;2025-12-21;19;492
7;2025-12-21;20;429
7;2025-12-21;21;300
7;2025-12-21;22;164
7;2025-12-21;23;125
7;2025-12-22;0;61
7;2025-12-22;1;14
7;2025-12-22;2;0
7;2025-12-22;3;0
7;2025-12-22;4;2
7;2025-12-22;5;181
7;2025-12-22;6;580
7;2025-12-22;7;1626
7;2025-12-22;8;2445
7;2025-12-22;9;1728
7;2025-12-22;10;1638
7;2025-12-22;11;1530
7;2025-12-22;12;1653
7;2025-12-22;13;1546
7;2025-12-22;14;1640
7;2025-12-22;15;1748
7;2025-12-22;16;1761
7;2025-12-22;17;2297
7;2025-12-22;18;2516
7;2025-12-22;19;1601
7;2025-12-22;20;1080
7;2025-12-22;21;646
7;2025-12-22;22;321
7;2025-12-22;23;206
7;2025-12-23;0;62
7;2025-12-23;1;14
7;2025-12-23;2;0
7;2025-12-23;3;0
7;2025-12-23;4;2
7;2025-12-23;5;186
7;2025-12-23;6;592
7;2025-12-23;7;1642
7;2025-12-23;8;2447
7;2025-12-23;9;1752
7;2025-12-23;10;1665
7;2025-12-23;11;1562
7;2025-12-23;12;1696
7;2025-12-23;13;1596
7;2025-12-23;14;1698
7;2025-12-23;15;1810
7;2025-12-23;16;1831
7;2025-12-23;17;2375
7;2025-12-23;18;2576
7;2025-12-23;19;1649
7;2025-12-23;20;1110
7;2025-12-23;21;663
7;2025-12-23;22;330
7;2025-12-23;23;212
7;2025-12-24;0;62
7;2025-12-24;1;14
7;2025-12-24;2;0
7;2025-12-24;3;0
7;2025-12-24;4;2
7;2025-12-24;5;186
7;2025-12-24;6;591
7;2025-12-24;7;1656
7;2025-12-24;8;2477
7;2025-12-24;9;1782
7;2025-12-24;10;1669
7;2025-12-24;11;1561
7;2025-12-24;12;1696
7;2025-12-24;13;1594
7;2025-12-24;14;1688
7;2025-12-24;15;1802
7;2025-12-24;16;1824
7;2025-12-24;17;2371
7;2025-12-24;18;2566
7;2025-12-24;19;1640
7;2025-12-24;20;1105
7;2025-12-24;21;663
7;2025-12-24;22;331
7;2025-12-24;23;215
7;2025-12-25;0;63
7;2025-12-25;1;14
7;2025-12-25;2;1
7;2025-12-25;3;0
7;2025-12-25;4;2
7;2025-12-25;5;188
7;2025-12-25;6;601
7;2025-12-25;7;1678
7;2025-12-25;8;2512
7;2025-12-25;9;1784
7;2025-12-25;10;1687
7;2025-12-25;11;1577
7;2025-12-25;12;1717
7;2025-12-25;13;1615
7;2025-12-25;14;1709
7;2025-12-25;15;1819
7;2025-12-25;16;1839
7;2025-12-25;17;2378
7;2025-12-25;18;2577
7;2025-12-25;19;1648
7;2025-12-25;20;1118
7;2025-12-25;21;672
7;2025-12-25;22;335
7;2025-12-25;23;218
7;2025-12-26;0;63
7;2025-12-26;1;14
7;2025-12-26;2;0
7;2025-12-26;3;0
7;2025-12-26;4;2
7;2025-12-26;5;185
7;2025-12-26;6;593
7;2025-12-26;7;1641
7;2025-12-26;8;2396
7;2025-12-26;9;1740
7;2025-12-26;10;1640
7;2025-12-26;11;1533
7;2025-12-26;12;1664
7;2025-12-26;13;1565
7;2025-12-26;14;1665
7;2025-12-26;15;1755
7;2025-12-26;16;1772
7;2025-12-26;17;2268
7;2025-12-26;18;2379
7;2025-12-26;19;1598
7;2025-12-26;20;1097
7;2025-12-26;21;662
7;2025-12-26;22;331
7;2025-12-26;23;216
7;2025-12-27;0;121
7;2025-12-27;1;27
7;2025-12-27;2;0
7;2025-12-27;3;0
7;2025-12-27;4;1
7;2025-12-27;5;48
7;2025-12-27;6;250
7;2025-12-27;7;277
7;2025-12-27;8;679
7;2025-12-27;9;573
7;2025-12-27;10;663
7;2025-12-27;11;649
7;2025-12-27;12;883
7;2025-12-27;13;827
7;2025-12-27;14;820
7;2025-12-27;15;797
7;2025-12-27;16;797
7;2025-12-27;17;761
7;2025-12-27;18;725
7;2025-12-27;19;578
7;2025-12-27;20;485
7;2025-12-27;21;351
7;2025-12-27;22;183
7;2025-12-27;23;151
7;2025-12-28;0;92
7;2025-12-28;1;27
7;2025-12-28;2;0
7;2025-12-28;3;0
7;2025-12-28;4;1
7;2025-12-28;5;30
7;2025-12-28;6;124
7;2025-12-28;7;170
7;2025-12-28;8;354
7;2025-12-28;9;487
7;2025-12-28;10;401
7;2025-12-28;11;607
7;2025-12-28;12;646
7;2025-12-28;13;633
7;2025-12-28;14;637
7;2025-12-28;15;694
7;2025-12-28;16;607
7;2025-12-28;17;598
7;2025-12-28;18;622
7;2025-12-28;19;466
7;2025-12-28;20;408
7;2025-12-28;21;282
7;2025-12-28;22;155
7;2025-12-28;23;120
7;2025-12-29;0;58
7;2025-12-29;1;13
7;2025-12-29;2;0
7;2025-12-29;3;0
7;2025-12-29;4;2
7;2025-12-29;5;174
7;2025-12-29;6;555
7;2025-12-29;7;1557
7;2025-12-29;8;2335
7;2025-12-29;9;1655
7;2025-12-29;10;1569
7;2025-12-29;11;1468
7;2025-12-29;12;1595
7;2025-12-29;13;1496
7;2025-12-29;14;1591
7;2025-12-29;15;1691
7;2025-12-29;16;1710
7;2025-12-29;17;2222
7;2025-12-29;18;2434
7;2025-12-29;19;1549
7;2025-12-29;20;1043
7;2025-12-29;21;620
7;2025-12-29;22;308
7;2025-12-29;23;199
7;2025-12-30;0;60
7;2025-12-30;1;13
7;2025-12-30;2;1
7;2025-12-30;3;0
7;2025-12-30;4;2
7;2025-12-30;5;179
7;2025-12-30;6;571
7;2025-12-30;7;1603
7;2025-12-30;8;2381
7;2025-12-30;9;1708
7;2025-12-30;10;1618
7;2025-12-30;11;1516
7;2025-12-30;12;1645
7;2025-12-30;13;1546
7;2025-12-30;14;1644
7;2025-12-30;15;1749
7;2025-12-30;16;1770
7;2025-12-30;17;2283
7;2025-12-30;18;2385
7;2025-12-30;19;1558
7;2025-12-30;20;1062
7;2025-12-30;21;637
7;2025-12-30;22;317
7;2025-12-30;23;204
7;2025-12-31;0;94
7;2025-12-31;1;27
7;2025-12-31;2;0
7;2025-12-31;3;0
7;2025-12-31;4;1
7;2025-12-31;5;31
7;2025-12-31;6;126
7;2025-12-31;7;177
7;2025-12-31;8;357
7;2025-12-31;9;476
7;2025-12-31;10;397
7;2025-12-31;11;595
7;2025-12-31;12;634
7;2025-12-31;13;619
7;2025-12-31;14;622
7;2025-12-31;15;679
7;2025-12-31;16;592
7;2025-12-31;17;583
7;2025-12-31;18;615
7;2025-12-31;19;460
7;2025-12-31;20;412
7;2025-12-31;21;288
7;2025-12-31;22;159
7;2025-12-31;23;121
11;2025-11-01;0;58
11;2025-11-01;1;3
11;2025-11-01;2;0
11;2025-11-01;3;0
11;2025-11-01;4;1
11;2025-11-01;5;236
11;2025-11-01;6;1269
11;2025-11-01;7;2317
11;2025-11-01;8;2808
11;2025-11-01;9;2199
11;2025-11-01;10;1995
11;2025-11-01;11;1827
11;2025-11-01;12;1871
11;2025-11-01;13;1998
11;2025-11-01;14;1993
11;2025-11-01;15;1925
11;2025-11-01;16;2083
11;2025-11-01;17;2593
11;2025-11-01;18;2723
11;2025-11-01;19;1988
11;2025-11-01;20;1319
11;2025-11-01;21;760
11;2025-11-01;22;366
11;2025-11-01;23;238
11;2025-11-02;0;126
11;2025-11-02;1;18
11;2025-11-02;2;0
11;2025-11-02;3;0
11;2025-11-02;4;0
11;2025-11-02;5;126
11;2025-11-02;6;525
11;2025-11-02;7;548
11;2025-11-02;8;740
11;2025-11-02;9;965
11;2025-11-02;10;1120
11;2025-11-02;11;1647
11;2025-11-02;12;1716
11;2025-11-02;13;1698
11;2025-11-02;14;1794
11;2025-11-02;15;1812
11;2025-11-02;16;1597
11;2025-11-02;17;1764
11;2025-11-02;18;1366
11;2025-11-02;19;1104
11;2025-11-02;20;880
11;2025-11-02;21;635
11;2025-11-02;22;381
11;2025-11-02;23;253
11;2025-11-03;0;122
11;2025-11-03;1;18
11;2025-11-03;2;0
11;2025-11-03;3;0
11;2025-11-03;4;0
11;2025-11-03;5;122
11;2025-11-03;6;513
11;2025-11-03;7;548
11;2025-11-03;8;746
11;2025-11-03;9;951
11;2025-11-03;10;1086
11;2025-11-03;11;1549
11;2025-11-03;12;1608
11;2025-11-03;13;1602
11;2025-11-03;14;1688
11;2025-11-03;15;1698
11;2025-11-03;16;1527
11;2025-11-03;17;1711
11;2025-11-03;18;1343
11;2025-11-03;19;1076
11;2025-11-03;20;857
11;2025-11-03;21;611
11;2025-11-03;22;369
11;2025-11-03;23;245
11;2025-11-04;0;125
11;2025-11-04;1;18
11;2025-11-04;2;0
11;2025-11-04;3;0
11;2025-11-04;4;0
11;2025-11-04;5;124
11;2025-11-04;6;518
11;2025-11-04;7;536
11;2025-11-04;8;730
11;2025-11-04;9;928
11;2025-11-04;10;1075
11;2025-11-04;11;1544
11;2025-11-04;12;1604
11;2025-11-04;13;1604
11;2025-11-04;14;1728
11;2025-11-04;15;1734
11;2025-11-04;16;1529
11;2025-11-04;17;1683
11;2025-11-04;18;1327
11;2025-11-04;19;1085
11;2025-11-04;20;872
11;2025-11-04;21;628
11;2025-11-04;22;377
11;2025-11-04;23;250
11;2025-11-05;0;62
11;2025-11-05;1;3
11;2025-11-05;2;0
11;2025-11-05;3;0
11;2025-11-05;4;1
11;2025-11-05;5;253
11;2025-11-05;6;1383
11;2025-11-05;7;2563
11;2025-11-05;8;3096
11;2025-11-05;9;2421
11;2025-11-05;10;2126
11;2025-11-05;11;1934
11;2025-11-05;12;1965
11;2025-11-05;13;2108
11;2025-11-05;14;2102
11;2025-11-05;15;2038
11;2025-11-05;16;2252
11;2025-11-05;17;2809
11;2025-11-05;18;3065
11;2025-11-05;19;2116
11;2025-11-05;20;1417
11;2025-11-05;21;807
11;2025-11-05;22;386
11;2025-11-05;23;252
11;2025-11-06;0;62
11;2025-11-06;1;3
11;2025-11-06;2;0
11;2025-11-06;3;0
11;2025-11-06;4;1
11;2025-11-06;5;251
11;2025-11-06;6;1376
11;2025-11-06;7;2546
11;2025-11-06;8;3075
11;2025-11-06;9;2406
11;2025-11-06;10;2109
11;2025-11-06;11;1915
11;2025-11-06;12;1956
11;2025-11-06;13;2103
11;2025-11-06;14;2070
11;2025-11-06;15;2002
11;2025-11-06;16;2230
11;2025-11-06;17;2774
11;2025-11-06;18;3030
11;2025-11-06;19;2110
11;2025-11-06;20;1398
11;2025-11-06;21;799
11;2025-11-06;22;382
11;2025-11-06;23;250
11;2025-11-07;0;64
11;2025-11-07;1;3
11;2025-11-07;2;0
11;2025-11-07;3;0
11;2025-11-07;4;1
11;2025-11-07;5;261
11;2025-11-07;6;1414
11;2025-11-07;7;2397
11;2025-11-07;8;2878
11;2025-11-07;9;2267
11;2025-11-07;10;2020
11;2025-11-07;11;1943
11;2025-11-07;12;1975
11;2025-11-07;13;2041
11;2025-11-07;14;2024
11;2025-11-07;15;2051
11;2025-11-07;16;2142
11;2025-11-07;17;2649
11;2025-11-07;18;2631
11;2025-11-07;19;1913
11;2025-11-07;20;1412
11;2025-11-07;21;822
11;2025-11-07;22;396
11;2025-11-07;23;258
11;2025-11-08;0;114
11;2025-11-08;1;1
11;2025-11-08;2;0
11;2025-11-08;3;0
11;2025-11-08;4;0
11;2025-11-08;5;176
11;2025-11-08;6;896
11;2025-11-08;7;785
11;2025-11-08;8;1059
11;2025-11-08;9;1181
11;2025-11-08;10;1497
11;2025-11-08;11;1820
11;2025-11-08;12;2016
11;2025-11-08;13;1943
11;2025-11-08;14;2181
11;2025-11-08;15;2023
11;2025-11-08;16;1881
11;2025-11-08;17;1970
11;2025-11-08;18;1556
11;2025-11-08;19;1499
11;2025-11-08;20;1066
11;2025-11-08;21;752
11;2025-11-08;22;452
11;2025-11-08;23;290
11;2025-11-09;0;123
11;2025-11-09;1;18
11;2025-11-09;2;0
11;2025-11-09;3;0
11;2025-11-09;4;0
11;2025-11-09;5;123
11;2025-11-09;6;512
11;2025-11-09;7;537
11;2025-11-09;8;750
11;2025-11-09;9;969
11;2025-11-09;10;1127
11;2025-11-09;11;1627
11;2025-11-09;12;1697
11;2025-11-09;13;1688
11;2025-11-09;14;1769
11;2025-11-09;15;1788
11;2025-11-09;16;1593
11;2025-11-09;17;1750
11;2025-11-09;18;1365
11;2025-11-09;19;1113
11;2025-11-09;20;867
11;2025-11-09;21;621
11;2025-11-09;22;373
11;2025-11-09;23;250
11;2025-11-10;0;61
11;2025-11-10;1;3
11;2025-11-10;2;0
11;2025-11-10;3;0
11;2025-11-10;4;1
11;2025-11-10;5;248
11;2025-11-10;6;1363
11;2025-11-10;7;2523
11;2025-11-10;8;3098
11;2025-11-10;9;2370
11;2025-11-10;10;2078
11;2025-11-10;11;1896
11;2025-11-10;12;1937
11;2025-11-10;13;2071
11;2025-11-10;14;2045
11;2025-11-10;15;1994
11;2025-11-10;16;2212
11;2025-11-10;17;2762
11;2025-11-10;18;3055
11;2025-11-10;19;2103
11;2025-11-10;20;1401
11;2025-11-10;21;792
11;2025-11-10;22;378
11;2025-11-10;23;244
11;2025-11-11;0;62
11;2025-11-11;1;3
11;2025-11-11;2;0
11;2025-11-11;3;0
11;2025-11-11;4;1
11;2025-11-11;5;256
11;2025-11-11;6;1406
11;2025-11-11;7;2600
11;2025-11-11;8;3179
11;2025-11-11;9;2456
11;2025-11-11;10;2173
11;2025-11-11;11;1973
11;2025-11-11;12;2011
11;2025-11-11;13;2156
11;2025-11-11;14;2122
11;2025-11-11;15;2066
11;2025-11-11;16;2296
11;2025-11-11;17;2851
11;2025-11-11;18;3134
11;2025-11-11;19;2188
11;2025-11-11;20;1447
11;2025-11-11;21;818
11;2025-11-11;22;391
11;2025-11-11;23;252
11;2025-11-12;0;62
11;2025-11-12;1;3
11;2025-11-12;2;0
11;2025-11-12;3;0
11;2025-11-12;4;1
11;2025-11-12;5;254
11;2025-11-12;6;1391
11;2025-11-12;7;2581
11;2025-11-12;8;3154
11;2025-11-12;9;2438
11;2025-11-12;10;2144
11;2025-11-12;11;1950
11;2025-11-12;12;1987
11;2025-11-12;13;2127
11;2025-11-12;14;2117
11;2025-11-12;15;2051
11;2025-11-12;16;2268
11;2025-11-12;17;2820
11;2025-11-12;18;3105
11;2025-11-12;19;2131
11;2025-11-12;20;1428
11;2025-11-12;21;814
11;2025-11-12;22;389
11;2025-11-12;23;254
11;2025-11-13;0;62
11;2025-11-13;1;3
11;2025-11-13;2;0
11;2025-11-13;3;0
11;2025-11-13;4;1
11;2025-11-13;5;254
11;2025-11-13;6;1390
11;2025-11-13;7;2581
11;2025-11-13;8;3164
11;2025-11-13;9;2445
11;2025-11-13;10;2146
11;2025-11-13;11;1956
11;2025-11-13;12;1994
11;2025-11-13;13;2137
11;2025-11-13;14;2101
11;2025-11-13;15;2042
11;2025-11-13;16;2268
11;2025-11-13;17;2815
11;2025-11-13;18;3089
11;2025-11-13;19;2148
11;2025-11-13;20;1426
11;2025-11-13;21;810
11;2025-11-13;22;387
11;2025-11-13;23;253
11;2025-11-14;0;63
11;2025-11-14;1;3
11;2025-11-14;2;0
11;2025-11-14;3;0
11;2025-11-14;4;1
11;2025-11-14;5;255
11;2025-11-14;6;1402
11;2025-11-14;7;2574
11;2025-11-14;8;3037
11;2025-11-14;9;2431
11;2025-11-14;10;2142
11;2025-11-14;11;1965
11;2025-11-14;12;2000
11;2025-11-14;13;2138
11;2025-11-14;14;2121
11;2025-11-14;15;2063
11;2025-11-14;16;2287
11;2025-11-14;17;2834
11;2025-11-14;18;2884
11;2025-11-14;19;2120
11;2025-11-14;20;1430
11;2025-11-14;21;815
11;2025-11-14;22;393
11;2025-11-14;23;256
11;2025-11-15;0;111
11;2025-11-15;1;1
11;2025-11-15;2;0
11;2025-11-15;3;0
11;2025-11-15;4;0
11;2025-11-15;5;172
11;2025-11-15;6;868
11;2025-11-15;7;765
11;2025-11-15;8;1017
11;2025-11-15;9;1133
11;2025-11-15;10;1434
11;2025-11-15;11;1622
11;2025-11-15;12;1745
11;2025-11-15;13;1748
11;2025-11-15;14;1882
11;2025-11-15;15;1756
11;2025-11-15;16;1668
11;2025-11-15;17;1701
11;2025-11-15;18;1469
11;2025-11-15;19;1443
11;2025-11-15;20;1049
11;2025-11-15;21;746
11;2025-11-15;22;448
11;2025-11-15;23;287
11;2025-11-16;0;122
11;2025-11-16;1;18
11;2025-11-16;2;0
11;2025-11-16;3;0
11;2025-11-16;4;0
11;2025-11-16;5;122
11;2025-11-16;6;511
11;2025-11-16;7;534
11;2025-11-16;8;746
11;2025-11-16;9;964
11;2025-11-16;10;1122
11;2025-11-16;11;1618
11;2025-11-16;12;1691
11;2025-11-16;13;1686
11;2025-11-16;14;1763
11;2025-11-16;15;1786
11;2025-11-16;16;1579
11;2025-11-16;17;1731
11;2025-11-16;18;1356
11;2025-11-16;19;1118
11;2025-11-16;20;880
11;2025-11-16;21;630
11;2025-11-16;22;377
11;2025-11-16;23;251
11;2025-11-17;0;61
11;2025-11-17;1;3
11;2025-11-17;2;0
11;2025-11-17;3;0
11;2025-11-17;4;1
11;2025-11-17;5;250
11;2025-11-17;6;1373
11;2025-11-17;7;2534
11;2025-11-17;8;3085
11;2025-11-17;9;2356
11;2025-11-17;10;2070
11;2025-11-17;11;1887
11;2025-11-17;12;1927
11;2025-11-17;13;2060
11;2025-11-17;14;2036
11;2025-11-17;15;1988
11;2025-11-17;16;2203
11;2025-11-17;17;2752
11;2025-11-17;18;3066
11;2025-11-17;19;2122
11;2025-11-17;20;1426
11;2025-11-17;21;805
11;2025-11-17;22;384
11;2025-11-17;23;248
11;2025-11-18;0;61
11;2025-11-18;1;3
11;2025-11-18;2;0
11;2025-11-18;3;0
11;2025-11-18;4;1
11;2025-11-18;5;249
11;2025-11-18;6;1363
11;2025-11-18;7;2508
11;2025-11-18;8;3023
11;2025-11-18;9;2349
11;2025-11-18;10;2060
11;2025-11-18;11;1868
11;2025-11-18;12;1896
11;2025-11-18;13;2034
11;2025-11-18;14;2001
11;2025-11-18;15;1960
11;2025-11-18;16;2178
11;2025-11-18;17;2709
11;2025-11-18;18;2994
11;2025-11-18;19;2085
11;2025-11-18;20;1394
11;2025-11-18;21;792
11;2025-11-18;22;378
11;2025-11-18;23;244
11;2025-11-19;0;63
11;2025-11-19;1;3
11;2025-11-19;2;0
11;2025-11-19;3;0
11;2025-11-19;4;1
11;2025-11-19;5;258
11;2025-11-19;6;1414
11;2025-11-19;7;2625
11;2025-11-19;8;3202
11;2025-11-19;9;2480
11;2025-11-19;10;2170
11;2025-11-19;11;1985
11;2025-11-19;12;2026
11;2025-11-19;13;2170
11;2025-11-19;14;2157
11;2025-11-19;15;2090
11;2025-11-19;16;2311
11;2025-11-19;17;2874
11;2025-11-19;18;3159
11;2025-11-19;19;2190
11;2025-11-19;20;1475
11;2025-11-19;21;840
11;2025-11-19;22;401
11;2025-11-19;23;261
11;2025-11-20;0;63
11;2025-11-20;1;3
11;2025-11-20;2;0
11;2025-11-20;3;0
11;2025-11-20;4;1
11;2025-11-20;5;258
11;2025-11-20;6;1410
11;2025-11-20;7;2607
11;2025-11-20;8;3186
11;2025-11-20;9;2470
11;2025-11-20;10;2175
11;2025-11-20;11;1985
11;2025-11-20;12;2022
11;2025-11-20;13;2170
11;2025-11-20;14;2133
11;2025-11-20;15;2074
11;2025-11-20;16;2303
11;2025-11-20;17;2857
11;2025-11-20;18;3144
11;2025-11-20;19;2199
11;2025-11-20;20;1458
11;2025-11-20;21;828
11;2025-11-20;22;396
11;2025-11-20;23;258
11;2025-11-21;0;64
11;2025-11-21;1;3
11;2025-11-21;2;0
11;2025-11-21;3;0
11;2025-11-21;4;1
11;2025-11-21;5;261
11;2025-11-21;6;1434
11;2025-11-21;7;2644
11;2025-11-21;8;3146
11;2025-11-21;9;2496
11;2025-11-21;10;2198
11;2025-11-21;11;1986
11;2025-11-21;12;2028
11;2025-11-21;13;2174
11;2025-11-21;14;2155
11;2025-11-21;15;2088
11;2025-11-21;16;2315
11;2025-11-21;17;2863
11;2025-11-21;18;2942
11;2025-11-21;19;2159
11;2025-11-21;20;1480
11;2025-11-21;21;842
11;2025-11-21;22;404
11;2025-11-21;23;264
11;2025-11-22;0;117
11;2025-11-22;1;1
11;2025-11-22;2;0
11;2025-11-22;3;0
11;2025-11-22;4;0
11;2025-11-22;5;178
11;2025-11-22;6;901
11;2025-11-22;7;806
11;2025-11-22;8;1079
11;2025-11-22;9;1199
11;2025-11-22;10;1528
11;2025-11-22;11;1760
11;2025-11-22;12;1904
11;2025-11-22;13;1877
11;2025-11-22;14;2043
11;2025-11-22;15;1888
11;2025-11-22;16;1799
11;2025-11-22;17;1837
11;2025-11-22;18;1560
11;2025-11-22;19;1517
11;2025-11-22;20;1090
11;2025-11-22;21;751
11;2025-11-22;22;457
11;2025-11-22;23;292
11;2025-11-23;0;123
11;2025-11-23;1;19
11;2025-11-23;2;0
11;2025-11-23;3;0
11;2025-11-23;4;0
11;2025-11-23;5;123
11;2025-11-23;6;516
11;2025-11-23;7;541
11;2025-11-23;8;754
11;2025-11-23;9;973
11;2025-11-23;10;1131
11;2025-11-23;11;1640
11;2025-11-23;12;1711
11;2025-11-23;13;1706
11;2025-11-23;14;1788
11;2025-11-23;15;1809
11;2025-11-23;16;1602
11;2025-11-23;17;1762
11;2025-11-23;18;1377
11;2025-11-23;19;1129
11;2025-11-23;20;887
11;2025-11-23;21;635
11;2025-11-23;22;380
11;2025-11-23;23;253
11;2025-11-24;0;60
11;2025-11-24;1;3
11;2025-11-24;2;0
11;2025-11-24;3;0
11;2025-11-24;4;1
11;2025-11-24;5;244
11;2025-11-24;6;1336
11;2025-11-24;7;2473
11;2025-11-24;8;3011
11;2025-11-24;9;2309
11;2025-11-24;10;2015
11;2025-11-24;11;1825
11;2025-11-24;12;1867
11;2025-11-24;13;1990
11;2025-11-24;14;1965
11;2025-11-24;15;1919
11;2025-11-24;16;2121
11;2025-11-24;17;2651
11;2025-11-24;18;2958
11;2025-11-24;19;2031
11;2025-11-24;20;1357
11;2025-11-24;21;769
11;2025-11-24;22;367
11;2025-11-24;23;237
11;2025-11-25;0;62
11;2025-11-25;1;3
11;2025-11-25;2;0
11;2025-11-25;3;0
11;2025-11-25;4;1
11;2025-11-25;5;253
11;2025-11-25;6;1392
11;2025-11-25;7;2575
11;2025-11-25;8;3143
11;2025-11-25;9;2429
11;2025-11-25;10;2150
11;2025-11-25;11;1947
11;2025-11-25;12;1987
11;2025-11-25;13;2134
11;2025-11-25;14;2101
11;2025-11-25;15;2045
11;2025-11-25;16;2270
11;2025-11-25;17;2818
11;2025-11-25;18;3097
11;2025-11-25;19;2176
11;2025-11-25;20;1449
11;2025-11-25;21;820
11;2025-11-25;22;390
11;2025-11-25;23;253
11;2025-11-26;0;62
11;2025-11-26;1;3
11;2025-11-26;2;0
11;2025-11-26;3;0
11;2025-11-26;4;1
11;2025-11-26;5;252
11;2025-11-26;6;1373
11;2025-11-26;7;2549
11;2025-11-26;8;3110
11;2025-11-26;9;2395
11;2025-11-26;10;2116
11;2025-11-26;11;1917
11;2025-11-26;12;1950
11;2025-11-26;13;2092
11;2025-11-26;14;2072
11;2025-11-26;15;2008
11;2025-11-26;16;2222
11;2025-11-26;17;2765
11;2025-11-26;18;3082
11;2025-11-26;19;2127
11;2025-11-26;20;1439
11;2025-11-26;21;819
11;2025-11-26;22;391
11;2025-11-26;23;255
11;2025-11-27;0;62
11;2025-11-27;1;3
11;2025-11-27;2;0
11;2025-11-27;3;0
11;2025-11-27;4;1
11;2025-11-27;5;253
11;2025-11-27;6;1384
11;2025-11-27;7;2566
11;2025-11-27;8;3148
11;2025-11-27;9;2427
11;2025-11-27;10;2134
11;2025-11-27;11;1934
11;2025-11-27;12;1972
11;2025-11-27;13;2116
11;2025-11-27;14;2081
11;2025-11-27;15;2025
11;2025-11-27;16;2249
11;2025-11-27;17;2798
11;2025-11-27;18;3087
11;2025-11-27;19;2139
11;2025-11-27;20;1421
11;2025-11-27;21;806
11;2025-11-27;22;386
11;2025-11-27;23;252
11;2025-11-28;0;63
11;2025-11-28;1;3
11;2025-11-28;2;0
11;2025-11-28;3;0
11;2025-11-28;4;1
11;2025-11-28;5;256
11;2025-11-28;6;1404
11;2025-11-28;7;2567
11;2025-11-28;8;3107
11;2025-11-28;9;2425
11;2025-11-28;10;2138
11;2025-11-28;11;1932
11;2025-11-28;12;1963
11;2025-11-28;13;2112
11;2025-11-28;14;2092
11;2025-11-28;15;2027
11;2025-11-28;16;2249
11;2025-11-28;17;2797
11;2025-11-28;18;2898
11;2025-11-28;19;2076
11;2025-11-28;20;1424
11;2025-11-28;21;814
11;2025-11-28;22;392
11;2025-11-28;23;255
11;2025-11-29;0;115
11;2025-11-29;1;1
11;2025-11-29;2;0
11;2025-11-29;3;0
11;2025-11-29;4;0
11;2025-11-29;5;178
11;2025-11-29;6;906
11;2025-11-29;7;795
11;2025-11-29;8;1073
11;2025-11-29;9;1196
11;2025-11-29;10;1518
11;2025-11-29;11;1843
11;2025-11-29;12;2077
11;2025-11-29;13;1980
11;2025-11-29;14;2215
11;2025-11-29;15;2042
11;2025-11-29;16;1902
11;2025-11-29;17;1995
11;2025-11-29;18;1580
11;2025-11-29;19;1524
11;2025-11-29;20;1082
11;2025-11-29;21;762
11;2025-11-29;22;457
11;2025-11-29;23;293
11;2025-11-30;0;121
11;2025-11-30;1;18
11;2025-11-30;2;0
11;2025-11-30;3;0
11;2025-11-30;4;0
11;2025-11-30;5;122
11;2025-11-30;6;509
11;2025-11-30;7;533
11;2025-11-30;8;745
11;2025-11-30;9;966
11;2025-11-30;10;1126
11;2025-11-30;11;1628
11;2025-11-30;12;1698
11;2025-11-30;13;1695
11;2025-11-30;14;1775
11;2025-11-30;15;1792
11;2025-11-30;16;1583
11;2025-11-30;17;1749
11;2025-11-30;18;1364
11;2025-11-30;19;1110
11;2025-11-30;20;866
11;2025-11-30;21;620
11;2025-11-30;22;372
11;2025-11-30;23;249
11;2025-12-01;0;60
11;2025-12-01;1;3
11;2025-12-01;2;0
11;2025-12-01;3;0
11;2025-12-01;4;1
11;2025-12-01;5;241
11;2025-12-01;6;1331
11;2025-12-01;7;2466
11;2025-12-01;8;3024
11;2025-12-01;9;2315
11;2025-12-01;10;2029
11;2025-12-01;11;1850
11;2025-12-01;12;1889
11;2025-12-01;13;2019
11;2025-12-01;14;1994
11;2025-12-01;15;1945
11;2025-12-01;16;2156
11;2025-12-01;17;2689
11;2025-12-01;18;2982
11;2025-12-01;19;2052
11;2025-12-01;20;1365
11;2025-12-01;21;775
11;2025-12-01;22;369
11;2025-12-01;23;238
11;2025-12-02;0;61
11;2025-12-02;1;3
11;2025-12-02;2;0
11;2025-12-02;3;0
11;2025-12-02;4;1
11;2025-12-02;5;249
11;2025-12-02;6;1372
11;2025-12-02;7;2532
11;2025-12-02;8;3102
11;2025-12-02;9;2392
11;2025-12-02;10;2118
11;2025-12-02;11;1921
11;2025-12-02;12;1958
11;2025-12-02;13;2100
11;2025-12-02;14;2066
11;2025-12-02;15;2015
11;2025-12-02;16;2236
11;2025-12-02;17;2776
11;2025-12-02;18;3050
11;2025-12-02;19;2132
11;2025-12-02;20;1411
11;2025-12-02;21;799
11;2025-12-02;22;381
11;2025-12-02;23;246
11;2025-12-03;0;62
11;2025-12-03;1;3
11;2025-12-03;2;0
11;2025-12-03;3;0
11;2025-12-03;4;1
11;2025-12-03;5;250
11;2025-12-03;6;1367
11;2025-12-03;7;2540
11;2025-12-03;8;3101
11;2025-12-03;9;2403
11;2025-12-03;10;2114
11;2025-12-03;11;1933
11;2025-12-03;12;1965
11;2025-12-03;13;2105
11;2025-12-03;14;2089
11;2025-12-03;15;2025
11;2025-12-03;16;2240
11;2025-12-03;17;2784
11;2025-12-03;18;3057
11;2025-12-03;19;2105
11;2025-12-03;20;1408
11;2025-12-03;21;801
11;2025-12-03;22;384
11;2025-12-03;23;249
11;2025-12-04;0;61
11;2025-12-04;1;3
11;2025-12-04;2;0
11;2025-12-04;3;0
11;2025-12-04;4;1
11;2025-12-04;5;250
11;2025-12-04;6;1367
11;2025-12-04;7;2537
11;2025-12-04;8;3105
11;2025-12-04;9;2398
11;2025-12-04;10;2110
11;2025-12-04;11;1923
11;2025-12-04;12;1959
11;2025-12-04;13;2108
11;2025-12-04;14;2073
11;2025-12-04;15;2015
11;2025-12-04;16;2237
11;2025-12-04;17;2778
11;2025-12-04;18;3056
11;2025-12-04;19;2131
11;2025-12-04;20;1413
11;2025-12-04;21;803
11;2025-12-04;22;384
11;2025-12-04;23;250
11;2025-12-05;0;62
11;2025-12-05;1;3
11;2025-12-05;2;0
11;2025-12-05;3;0
11;2025-12-05;4;1
11;2025-12-05;5;252
11;2025-12-05;6;1387
11;2025-12-05;7;2559
11;2025-12-05;8;3078
11;2025-12-05;9;2420
11;2025-12-05;10;2132
11;2025-12-05;11;1953
11;2025-12-05;12;1991
11;2025-12-05;13;2139
11;2025-12-05;14;2121
11;2025-12-05;15;2058
11;2025-12-05;16;2276
11;2025-12-05;17;2827
11;2025-12-05;18;2884
11;2025-12-05;19;2099
11;2025-12-05;20;1417
11;2025-12-05;21;807
11;2025-12-05;22;388
11;2025-12-05;23;253
11;2025-12-06;0;114
11;2025-12-06;1;1
11;2025-12-06;2;0
11;2025-12-06;3;0
11;2025-12-06;4;0
11;2025-12-06;5;178
11;2025-12-06;6;906
11;2025-12-06;7;794
11;2025-12-06;8;1074
11;2025-12-06;9;1197
11;2025-12-06;10;1525
11;2025-12-06;11;1852
11;2025-12-06;12;2084
11;2025-12-06;13;1990
11;2025-12-06;14;2226
11;2025-12-06;15;2058
11;2025-12-06;16;1908
11;2025-12-06;17;1998
11;2025-12-06;18;1583
11;2025-12-06;19;1526
11;2025-12-06;20;1083
11;2025-12-06;21;763
11;2025-12-06;22;457
11;2025-12-06;23;293
11;2025-12-07;0;122
11;2025-12-07;1;18
11;2025-12-07;2;0
11;2025-12-07;3;0
11;2025-12-07;4;0
11;2025-12-07;5;122
11;2025-12-07;6;513
11;2025-12-07;7;539
11;2025-12-07;8;751
11;2025-12-07;9;973
11;2025-12-07;10;1133
11;2025-12-07;11;1642
11;2025-12-07;12;1711
11;2025-12-07;13;1707
11;2025-12-07;14;1790
11;2025-12-07;15;1815
11;2025-12-07;16;1602
11;2025-12-07;17;1765
11;2025-12-07;18;1376
11;2025-12-07;19;1118
11;2025-12-07;20;875
11;2025-12-07;21;626
11;2025-12-07;22;375
11;2025-12-07;23;252
11;2025-12-08;0;61
11;2025-12-08;1;3
11;2025-12-08;2;0
11;2025-12-08;3;0
11;2025-12-08;4;1
11;2025-12-08;5;247
11;2025-12-08;6;1353
11;2025-12-08;7;2508
11;2025-12-08;8;3077
11;2025-12-08;9;2357
11;2025-12-08;10;2065
11;2025-12-08;11;1883
11;2025-12-08;12;1921
11;2025-12-08;13;2052
11;2025-12-08;14;2028
11;2025-12-08;15;1980
11;2025-12-08;16;2193
11;2025-12-08;17;2734
11;2025-12-08;18;3030
11;2025-12-08;19;2087
11;2025-12-08;20;1390
11;2025-12-08;21;788
11;2025-12-08;22;375
11;2025-12-08;23;242
11;2025-12-09;0;62
11;2025-12-09;1;3
11;2025-12-09;2;0
11;2025-12-09;3;0
11;2025-12-09;4;1
11;2025-12-09;5;251
11;2025-12-09;6;1381
11;2025-12-09;7;2543
11;2025-12-09;8;3102
11;2025-12-09;9;2397
11;2025-12-09;10;2121
11;2025-12-09;11;1915
11;2025-12-09;12;1942
11;2025-12-09;13;2084
11;2025-12-09;14;2053
11;2025-12-09;15;2010
11;2025-12-09;16;2234
11;2025-12-09;17;2764
11;2025-12-09;18;3050
11;2025-12-09;19;2139
11;2025-12-09;20;1417
11;2025-12-09;21;804
11;2025-12-09;22;383
11;2025-12-09;23;246
11;2025-12-10;0;62
11;2025-12-10;1;3
11;2025-12-10;2;0
11;2025-12-10;3;0
11;2025-12-10;4;1
11;2025-12-10;5;253
11;2025-12-10;6;1376
11;2025-12-10;7;2554
11;2025-12-10;8;3106
11;2025-12-10;9;2402
11;2025-12-10;10;2115
11;2025-12-10;11;1925
11;2025-12-10;12;1962
11;2025-12-10;13;2101
11;2025-12-10;14;2086
11;2025-12-10;15;2023
11;2025-12-10;16;2236
11;2025-12-10;17;2780
11;2025-12-10;18;3083
11;2025-12-10;19;2130
11;2025-12-10;20;1442
11;2025-12-10;21;819
11;2025-12-10;22;392
11;2025-12-10;23;255
11;2025-12-11;0;62
11;2025-12-11;1;3
11;2025-12-11;2;0
11;2025-12-11;3;0
11;2025-12-11;4;1
11;2025-12-11;5;253
11;2025-12-11;6;1384
11;2025-12-11;7;2564
11;2025-12-11;8;3139
11;2025-12-11;9;2417
11;2025-12-11;10;2126
11;2025-12-11;11;1928
11;2025-12-11;12;1963
11;2025-12-11;13;2114
11;2025-12-11;14;2076
11;2025-12-11;15;2024
11;2025-12-11;16;2249
11;2025-12-11;17;2802
11;2025-12-11;18;3099
11;2025-12-11;19;2167
11;2025-12-11;20;1427
11;2025-12-11;21;811
11;2025-12-11;22;388
11;2025-12-11;23;252
11;2025-12-12;0;63
11;2025-12-12;1;3
11;2025-12-12;2;0
11;2025-12-12;3;0
11;2025-12-12;4;1
11;2025-12-12;5;254
11;2025-12-12;6;1396
11;2025-12-12;7;2564
11;2025-12-12;8;3075
11;2025-12-12;9;2420
11;2025-12-12;10;2127
11;2025-12-12;11;1921
11;2025-12-12;12;1955
11;2025-12-12;13;2096
11;2025-12-12;14;2078
11;2025-12-12;15;2010
11;2025-12-12;16;2228
11;2025-12-12;17;2736
11;2025-12-12;18;2845
11;2025-12-12;19;2072
11;2025-12-12;20;1446
11;2025-12-12;21;822
11;2025-12-12;22;393
11;2025-12-12;23;255
11;2025-12-13;0;114
11;2025-12-13;1;1
11;2025-12-13;2;0
11;2025-12-13;3;0
11;2025-12-13;4;0
11;2025-12-13;5;178
11;2025-12-13;6;902
11;2025-12-13;7;789
11;2025-12-13;8;1055
11;2025-12-13;9;1179
11;2025-12-13;10;1475
11;2025-12-13;11;1743
11;2025-12-13;12;1909
11;2025-12-13;13;1840
11;2025-12-13;14;2019
11;2025-12-13;15;1896
11;2025-12-13;16;1763
11;2025-12-13;17;1858
11;2025-12-13;18;1532
11;2025-12-13;19;1499
11;2025-12-13;20;1087
11;2025-12-13;21;764
11;2025-12-13;22;460
11;2025-12-13;23;294
11;2025-12-14;0;120
11;2025-12-14;1;18
11;2025-12-14;2;0
11;2025-12-14;3;0
11;2025-12-14;4;0
11;2025-12-14;5;121
11;2025-12-14;6;512
11;2025-12-14;7;534
11;2025-12-14;8;742
11;2025-12-14;9;958
11;2025-12-14;10;1111
11;2025-12-14;11;1580
11;2025-12-14;12;1605
11;2025-12-14;13;1599
11;2025-12-14;14;1648
11;2025-12-14;15;1671
11;2025-12-14;16;1556
11;2025-12-14;17;1675
11;2025-12-14;18;1354
11;2025-12-14;19;1117
11;2025-12-14;20;879
11;2025-12-14;21;628
11;2025-12-14;22;376
11;2025-12-14;23;253
11;2025-12-15;0;61
11;2025-12-15;1;3
11;2025-12-15;2;0
11;2025-12-15;3;0
11;2025-12-15;4;1
11;2025-12-15;5;249
11;2025-12-15;6;1366
11;2025-12-15;7;2523
11;2025-12-15;8;3086
11;2025-12-15;9;2364
11;2025-12-15;10;2074
11;2025-12-15;11;1890
11;2025-12-15;12;1930
11;2025-12-15;13;2062
11;2025-12-15;14;2037
11;2025-12-15;15;1985
11;2025-12-15;16;2201
11;2025-12-15;17;2741
11;2025-12-15;18;3053
11;2025-12-15;19;2117
11;2025-12-15;20;1420
11;2025-12-15;21;803
11;2025-12-15;22;383
11;2025-12-15;23;246
11;2025-12-16;0;64
11;2025-12-16;1;3
11;2025-12-16;2;0
11;2025-12-16;3;0
11;2025-12-16;4;1
11;2025-12-16;5;257
11;2025-12-16;6;1414
11;2025-12-16;7;2606
11;2025-12-16;8;3175
11;2025-12-16;9;2455
11;2025-12-16;10;2173
11;2025-12-16;11;1957
11;2025-12-16;12;1998
11;2025-12-16;13;2140
11;2025-12-16;14;2106
11;2025-12-16;15;2053
11;2025-12-16;16;2275
11;2025-12-16;17;2829
11;2025-12-16;18;3125
11;2025-12-16;19;2192
11;2025-12-16;20;1467
11;2025-12-16;21;829
11;2025-12-16;22;396
11;2025-12-16;23;256
11;2025-12-17;0;64
11;2025-12-17;1;3
11;2025-12-17;2;0
11;2025-12-17;3;0
11;2025-12-17;4;1
11;2025-12-17;5;257
11;2025-12-17;6;1411
11;2025-12-17;7;2618
11;2025-12-17;8;3188
11;2025-12-17;9;2473
11;2025-12-17;10;2175
11;2025-12-17;11;1987
11;2025-12-17;12;2019
11;2025-12-17;13;2165
11;2025-12-17;14;2149
11;2025-12-17;15;2083
11;2025-12-17;16;2302
11;2025-12-17;17;2864
11;2025-12-17;18;3141
11;2025-12-17;19;2180
11;2025-12-17;20;1472
11;2025-12-17;21;838
11;2025-12-17;22;401
11;2025-12-17;23;261
11;2025-12-18;0;64
11;2025-12-18;1;3
11;2025-12-18;2;0
11;2025-12-18;3;0
11;2025-12-18;4;1
11;2025-12-18;5;259
11;2025-12-18;6;1419
11;2025-12-18;7;2624
11;2025-12-18;8;3205
11;2025-12-18;9;2483
11;2025-12-18;10;2176
11;2025-12-18;11;1984
11;2025-12-18;12;2020
11;2025-12-18;13;2181
11;2025-12-18;14;2142
11;2025-12-18;15;2084
11;2025-12-18;16;2315
11;2025-12-18;17;2871
11;2025-12-18;18;3158
11;2025-12-18;19;2222
11;2025-12-18;20;1484
11;2025-12-18;21;841
11;2025-12-18;22;402
11;2025-12-18;23;262
11;2025-12-19;0;64
11;2025-12-19;1;3
11;2025-12-19;2;0
11;2025-12-19;3;0
11;2025-12-19;4;1
11;2025-12-19;5;260
11;2025-12-19;6;1433
11;2025-12-19;7;2642
11;2025-12-19;8;3163
11;2025-12-19;9;2499
11;2025-12-19;10;2201
11;2025-12-19;11;1995
11;2025-12-19;12;2033
11;2025-12-19;13;2179
11;2025-12-19;14;2159
11;2025-12-19;15;2094
11;2025-12-19;16;2317
11;2025-12-19;17;2877
11;2025-12-19;18;2922
11;2025-12-19;19;2159
11;2025-12-19;20;1481
11;2025-12-19;21;842
11;2025-12-19;22;404
11;2025-12-19;23;262
11;2025-12-20;0;119
11;2025-12-20;1;1
11;2025-12-20;2;0
11;2025-12-20;3;0
11;2025-12-20;4;0
11;2025-12-20;5;184
11;2025-12-20;6;938
11;2025-12-20;7;819
11;2025-12-20;8;1105
11;2025-12-20;9;1233
11;2025-12-20;10;1569
11;2025-12-20;11;1904
11;2025-12-20;12;2140
11;2025-12-20;13;2045
11;2025-12-20;14;2281
11;2025-12-20;15;2117
11;2025-12-20;16;1957
11;2025-12-20;17;2052
11;2025-12-20;18;1628
11;2025-12-20;19;1572
11;2025-12-20;20;1113
11;2025-12-20;21;784
11;2025-12-20;22;471
11;2025-12-20;23;302
11;2025-12-21;0;124
11;2025-12-21;1;19
11;2025-12-21;2;0
11;2025-12-21;3;0
11;2025-12-21;4;0
11;2025-12-21;5;125
11;2025-12-21;6;512
11;2025-12-21;7;548
11;2025-12-21;8;768
11;2025-12-21;9;995
11;2025-12-21;10;1155
11;2025-12-21;11;1641
11;2025-12-21;12;1699
11;2025-12-21;13;1704
11;2025-12-21;14;1768
11;2025-12-21;15;1793
11;2025-12-21;16;1617
11;2025-12-21;17;1748
11;2025-12-21;18;1403
11;2025-12-21;19;1143
11;2025-12-21;20;895
11;2025-12-21;21;646
11;2025-12-21;22;385
11;2025-12-21;23;259
11;2025-12-22;0;61
11;2025-12-22;1;3
11;2025-12-22;2;0
11;2025-12-22;3;0
11;2025-12-22;4;1
11;2025-12-22;5;247
11;2025-12-22;6;1362
11;2025-12-22;7;2517
11;2025-12-22;8;3077
11;2025-12-22;9;2354
11;2025-12-22;10;2066
11;2025-12-22;11;1875
11;2025-12-22;12;1906
11;2025-12-22;13;2028
11;2025-12-22;14;1996
11;2025-12-22;15;1954
11;2025-12-22;16;2157
11;2025-12-22;17;2692
11;2025-12-22;18;3005
11;2025-12-22;19;2083
11;2025-12-22;20;1403
11;2025-12-22;21;798
11;2025-12-22;22;380
11;2025-12-22;23;245
11;2025-12-23;0;63
11;2025-12-23;1;3
11;2025-12-23;2;0
11;2025-12-23;3;0
11;2025-12-23;4;1
11;2025-12-23;5;253
11;2025-12-23;6;1386
11;2025-12-23;7;2536
11;2025-12-23;8;3077
11;2025-12-23;9;2388
11;2025-12-23;10;2123
11;2025-12-23;11;1929
11;2025-12-23;12;1961
11;2025-12-23;13;2102
11;2025-12-23;14;2074
11;2025-12-23;15;2024
11;2025-12-23;16;2245
11;2025-12-23;17;2789
11;2025-12-23;18;3068
11;2025-12-23;19;2165
11;2025-12-23;20;1444
11;2025-12-23;21;817
11;2025-12-23;22;390
11;2025-12-23;23;252
11;2025-12-24;0;63
11;2025-12-24;1;3
11;2025-12-24;2;0
11;2025-12-24;3;0
11;2025-12-24;4;1
11;2025-12-24;5;253
11;2025-12-24;6;1381
11;2025-12-24;7;2556
11;2025-12-24;8;3111
11;2025-12-24;9;2411
11;2025-12-24;10;2118
11;2025-12-24;11;1931
11;2025-12-24;12;1964
11;2025-12-24;13;2094
11;2025-12-24;14;2078
11;2025-12-24;15;2020
11;2025-12-24;16;2235
11;2025-12-24;17;2783
11;2025-12-24;18;3066
11;2025-12-24;19;2122
11;2025-12-24;20;1434
11;2025-12-24;21;817
11;2025-12-24;22;391
11;2025-12-24;23;254
11;2025-12-25;0;63
11;2025-12-25;1;3
11;2025-12-25;2;0
11;2025-12-25;3;0
11;2025-12-25;4;1
11;2025-12-25;5;256
11;2025-12-25;6;1402
11;2025-12-25;7;2586
11;2025-12-25;8;3162
11;2025-12-25;9;2433
11;2025-12-25;10;2141
11;2025-12-25;11;1942
11;2025-12-25;12;1983
11;2025-12-25;13;2131
11;2025-12-25;14;2087
11;2025-12-25;15;2029
11;2025-12-25;16;2253
11;2025-12-25;17;2784
11;2025-12-25;18;3079
11;2025-12-25;19;2161
11;2025-12-25;20;1457
11;2025-12-25;21;828
11;2025-12-25;22;397
11;2025-12-25;23;258
11;2025-12-26;0;63
11;2025-12-26;1;3
11;2025-12-26;2;0
11;2025-12-26;3;0
11;2025-12-26;4;1
11;2025-12-26;5;253
11;2025-12-26;6;1387
11;2025-12-26;7;2525
11;2025-12-26;8;3013
11;2025-12-26;9;2351
11;2025-12-26;10;2075
11;2025-12-26;11;1872
11;2025-12-26;12;1903
11;2025-12-26;13;2035
11;2025-12-26;14;2017
11;2025-12-26;15;1959
11;2025-12-26;16;2152
11;2025-12-26;17;2675
11;2025-12-26;18;2850
11;2025-12-26;19;2059
11;2025-12-26;20;1430
11;2025-12-26;21;817
11;2025-12-26;22;392
11;2025-12-26;23;256
11;2025-12-27;0;110
11;2025-12-27;1;1
11;2025-12-27;2;0
11;2025-12-27;3;0
11;2025-12-27;4;0
11;2025-12-27;5;172
11;2025-12-27;6;876
11;2025-12-27;7;766
11;2025-12-27;8;1040
11;2025-12-27;9;1164
11;2025-12-27;10;1472
11;2025-12-27;11;1751
11;2025-12-27;12;1940
11;2025-12-27;13;1865
11;2025-12-27;14;2065
11;2025-12-27;15;1921
11;2025-12-27;16;1787
11;2025-12-27;17;1873
11;2025-12-27;18;1515
11;2025-12-27;19;1481
11;2025-12-27;20;1066
11;2025-12-27;21;746
11;2025-12-27;22;439
11;2025-12-27;23;286
11;2025-12-28;0;118
11;2025-12-28;1;19
11;2025-12-28;2;0
11;2025-12-28;3;0
11;2025-12-28;4;0
11;2025-12-28;5;118
11;2025-12-28;6;494
11;2025-12-28;7;507
11;2025-12-28;8;707
11;2025-12-28;9;927
11;2025-12-28;10;1080
11;2025-12-28;11;1505
11;2025-12-28;12;1554
11;2025-12-28;13;1548
11;2025-12-28;14;1608
11;2025-12-28;15;1629
11;2025-12-28;16;1492
11;2025-12-28;17;1598
11;2025-12-28;18;1314
11;2025-12-28;19;1073
11;2025-12-28;20;851
11;2025-12-28;21;608
11;2025-12-28;22;364
11;2025-12-28;23;245
11;2025-12-29;0;58
11;2025-12-29;1;3
11;2025-12-29;2;0
11;2025-12-29;3;0
11;2025-12-29;4;1
11;2025-12-29;5;237
11;2025-12-29;6;1304
11;2025-12-29;7;2402
11;2025-12-29;8;2940
11;2025-12-29;9;2239
11;2025-12-29;10;1978
11;2025-12-29;11;1798
11;2025-12-29;12;1837
11;2025-12-29;13;1963
11;2025-12-29;14;1937
11;2025-12-29;15;1888
11;2025-12-29;16;2080
11;2025-12-29;17;2599
11;2025-12-29;18;2908
11;2025-12-29;19;2012
11;2025-12-29;20;1354
11;2025-12-29;21;764
11;2025-12-29;22;364
11;2025-12-29;23;235
11;2025-12-30;0;60
11;2025-12-30;1;3
11;2025-12-30;2;0
11;2025-12-30;3;0
11;2025-12-30;4;1
11;2025-12-30;5;243
11;2025-12-30;6;1341
11;2025-12-30;7;2468
11;2025-12-30;8;2998
11;2025-12-30;9;2315
11;2025-12-30;10;2054
11;2025-12-30;11;1864
11;2025-12-30;12;1899
11;2025-12-30;13;2033
11;2025-12-30;14;2006
11;2025-12-30;15;1953
11;2025-12-30;16;2153
11;2025-12-30;17;2682
11;2025-12-30;18;2856
11;2025-12-30;19;2031
11;2025-12-30;20;1384
11;2025-12-30;21;785
11;2025-12-30;22;376
11;2025-12-30;23;242
11;2025-12-31;0;120
11;2025-12-31;1;18
11;2025-12-31;2;0
11;2025-12-31;3;0
11;2025-12-31;4;0
11;2025-12-31;5;121
11;2025-12-31;6;506
11;2025-12-31;7;534
11;2025-12-31;8;716
11;2025-12-31;9;926
11;2025-12-31;10;1065
11;2025-12-31;11;1540
11;2025-12-31;12;1606
11;2025-12-31;13;1595
11;2025-12-31;14;1672
11;2025-12-31;15;1686
11;2025-12-31;16;1499
11;2025-12-31;17;1657
11;2025-12-31;18;1308
11;2025-12-31;19;1052
11;2025-12-31;20;864
11;2025-12-31;21;621
11;2025-12-31;22;374
11;2025-12-31;23;249
12;2025-11-01;0;53
12;2025-11-01;1;2
12;2025-11-01;2;0
12;2025-11-01;3;0
12;2025-11-01;4;6
12;2025-11-01;5;302
12;2025-11-01;6;1331
12;2025-11-01;7;2453
12;2025-11-01;8;3190
12;2025-11-01;9;2284
12;2025-11-01;10;1935
12;2025-11-01;11;1856
12;2025-11-01;12;1964
12;2025-11-01;13;1973
12;2025-11-01;14;1932
12;2025-11-01;15;2033
12;2025-11-01;16;2454
12;2025-11-01;17;2767
12;2025-11-01;18;2808
12;2025-11-01;19;2172
12;2025-11-01;20;1505
12;2025-11-01;21;940
12;2025-11-01;22;485
12;2025-11-01;23;250
12;2025-11-02;0;81
12;2025-11-02;1;3
12;2025-11-02;2;0
12;2025-11-02;3;0
12;2025-11-02;4;4
12;2025-11-02;5;144
12;2025-11-02;6;538
12;2025-11-02;7;721
12;2025-11-02;8;690
12;2025-11-02;9;888
12;2025-11-02;10;1164
12;2025-11-02;11;1263
12;2025-11-02;12;1340
12;2025-11-02;13;1549
12;2025-11-02;14;1515
12;2025-11-02;15;1501
12;2025-11-02;16;1442
12;2025-11-02;17;1517
12;2025-11-02;18;1259
12;2025-11-02;19;1012
12;2025-11-02;20;786
12;2025-11-02;21;603
12;2025-11-02;22;364
12;2025-11-02;23;201
12;2025-11-03;0;78
12;2025-11-03;1;3
12;2025-11-03;2;0
12;2025-11-03;3;0
12;2025-11-03;4;3
12;2025-11-03;5;140
12;2025-11-03;6;525
12;2025-11-03;7;722
12;2025-11-03;8;698
12;2025-11-03;9;876
12;2025-11-03;10;1125
12;2025-11-03;11;1196
12;2025-11-03;12;1260
12;2025-11-03;13;1471
12;2025-11-03;14;1428
12;2025-11-03;15;1413
12;2025-11-03;16;1393
12;2025-11-03;17;1476
12;2025-11-03;18;1240
12;2025-11-03;19;988
12;2025-11-03;20;766
12;2025-11-03;21;581
12;2025-11-03;22;353
12;2025-11-03;23;194
12;2025-11-04;0;80
12;2025-11-04;1;3
12;2025-11-04;2;0
12;2025-11-04;3;0
12;2025-11-04;4;3
12;2025-11-04;5;142
12;2025-11-04;6;530
12;2025-11-04;7;704
12;2025-11-04;8;684
12;2025-11-04;9;853
12;2025-11-04;10;1113
12;2025-11-04;11;1188
12;2025-11-04;12;1264
12;2025-11-04;13;1465
12;2025-11-04;14;1450
12;2025-11-04;15;1444
12;2025-11-04;16;1389
12;2025-11-04;17;1452
12;2025-11-04;18;1230
12;2025-11-04;19;984
12;2025-11-04;20;779
12;2025-11-04;21;597
12;2025-11-04;22;360
12;2025-11-04;23;199
12;2025-11-05;0;57
12;2025-11-05;1;2
12;2025-11-05;2;0
12;2025-11-05;3;0
12;2025-11-05;4;6
12;2025-11-05;5;324
12;2025-11-05;6;1438
12;2025-11-05;7;2721
12;2025-11-05;8;3529
12;2025-11-05;9;2500
12;2025-11-05;10;2078
12;2025-11-05;11;1969
12;2025-11-05;12;2080
12;2025-11-05;13;2091
12;2025-11-05;14;2047
12;2025-11-05;15;2194
12;2025-11-05;16;2654
12;2025-11-05;17;2978
12;2025-11-05;18;3123
12;2025-11-05;19;2378
12;2025-11-05;20;1597
12;2025-11-05;21;998
12;2025-11-05;22;512
12;2025-11-05;23;264
12;2025-11-06;0;57
12;2025-11-06;1;2
12;2025-11-06;2;0
12;2025-11-06;3;0
12;2025-11-06;4;6
12;2025-11-06;5;322
12;2025-11-06;6;1431
12;2025-11-06;7;2705
12;2025-11-06;8;3528
12;2025-11-06;9;2484
12;2025-11-06;10;2065
12;2025-11-06;11;1949
12;2025-11-06;12;2083
12;2025-11-06;13;2091
12;2025-11-06;14;2043
12;2025-11-06;15;2167
12;2025-11-06;16;2627
12;2025-11-06;17;2952
12;2025-11-06;18;3078
12;2025-11-06;19;2340
12;2025-11-06;20;1571
12;2025-11-06;21;988
12;2025-11-06;22;507
12;2025-11-06;23;261
12;2025-11-07;0;59
12;2025-11-07;1;2
12;2025-11-07;2;0
12;2025-11-07;3;0
12;2025-11-07;4;6
12;2025-11-07;5;334
12;2025-11-07;6;1436
12;2025-11-07;7;2547
12;2025-11-07;8;3317
12;2025-11-07;9;2326
12;2025-11-07;10;1996
12;2025-11-07;11;1982
12;2025-11-07;12;1944
12;2025-11-07;13;1947
12;2025-11-07;14;1967
12;2025-11-07;15;2078
12;2025-11-07;16;2491
12;2025-11-07;17;2778
12;2025-11-07;18;2690
12;2025-11-07;19;2100
12;2025-11-07;20;1561
12;2025-11-07;21;1016
12;2025-11-07;22;522
12;2025-11-07;23;270
12;2025-11-08;0;66
12;2025-11-08;1;2
12;2025-11-08;2;0
12;2025-11-08;3;0
12;2025-11-08;4;1
12;2025-11-08;5;225
12;2025-11-08;6;815
12;2025-11-08;7;925
12;2025-11-08;8;1056
12;2025-11-08;9;1248
12;2025-11-08;10;1499
12;2025-11-08;11;1555
12;2025-11-08;12;1552
12;2025-11-08;13;1728
12;2025-11-08;14;1645
12;2025-11-08;15;1597
12;2025-11-08;16;1638
12;2025-11-08;17;1559
12;2025-11-08;18;1582
12;2025-11-08;19;1307
12;2025-11-08;20;886
12;2025-11-08;21;761
12;2025-11-08;22;397
12;2025-11-08;23;290
12;2025-11-09;0;78
12;2025-11-09;1;3
12;2025-11-09;2;0
12;2025-11-09;3;0
12;2025-11-09;4;3
12;2025-11-09;5;141
12;2025-11-09;6;524
12;2025-11-09;7;711
12;2025-11-09;8;698
12;2025-11-09;9;892
12;2025-11-09;10;1169
12;2025-11-09;11;1263
12;2025-11-09;12;1340
12;2025-11-09;13;1545
12;2025-11-09;14;1509
12;2025-11-09;15;1495
12;2025-11-09;16;1444
12;2025-11-09;17;1514
12;2025-11-09;18;1257
12;2025-11-09;19;1018
12;2025-11-09;20;774
12;2025-11-09;21;589
12;2025-11-09;22;357
12;2025-11-09;23;199
12;2025-11-10;0;56
12;2025-11-10;1;2
12;2025-11-10;2;0
12;2025-11-10;3;0
12;2025-11-10;4;6
12;2025-11-10;5;318
12;2025-11-10;6;1412
12;2025-11-10;7;2678
12;2025-11-10;8;3532
12;2025-11-10;9;2444
12;2025-11-10;10;2013
12;2025-11-10;11;1923
12;2025-11-10;12;2040
12;2025-11-10;13;2047
12;2025-11-10;14;2004
12;2025-11-10;15;2142
12;2025-11-10;16;2602
12;2025-11-10;17;2932
12;2025-11-10;18;3093
12;2025-11-10;19;2351
12;2025-11-10;20;1578
12;2025-11-10;21;980
12;2025-11-10;22;501
12;2025-11-10;23;255
12;2025-11-11;0;58
12;2025-11-11;1;2
12;2025-11-11;2;0
12;2025-11-11;3;0
12;2025-11-11;4;6
12;2025-11-11;5;327
12;2025-11-11;6;1455
12;2025-11-11;7;2757
12;2025-11-11;8;3616
12;2025-11-11;9;2532
12;2025-11-11;10;2100
12;2025-11-11;11;2046
12;2025-11-11;12;2139
12;2025-11-11;13;2145
12;2025-11-11;14;2100
12;2025-11-11;15;2229
12;2025-11-11;16;2693
12;2025-11-11;17;3025
12;2025-11-11;18;3180
12;2025-11-11;19;2424
12;2025-11-11;20;1628
12;2025-11-11;21;1014
12;2025-11-11;22;518
12;2025-11-11;23;264
12;2025-11-12;0;57
12;2025-11-12;1;2
12;2025-11-12;2;0
12;2025-11-12;3;0
12;2025-11-12;4;6
12;2025-11-12;5;326
12;2025-11-12;6;1448
12;2025-11-12;7;2737
12;2025-11-12;8;3592
12;2025-11-12;9;2517
12;2025-11-12;10;2096
12;2025-11-12;11;1986
12;2025-11-12;12;2102
12;2025-11-12;13;2110
12;2025-11-12;14;2061
12;2025-11-12;15;2208
12;2025-11-12;16;2666
12;2025-11-12;17;2994
12;2025-11-12;18;3145
12;2025-11-12;19;2396
12;2025-11-12;20;1609
12;2025-11-12;21;1006
12;2025-11-12;22;516
12;2025-11-12;23;266
12;2025-11-13;0;57
12;2025-11-13;1;2
12;2025-11-13;2;0
12;2025-11-13;3;0
12;2025-11-13;4;6
12;2025-11-13;5;325
12;2025-11-13;6;1447
12;2025-11-13;7;2742
12;2025-11-13;8;3606
12;2025-11-13;9;2524
12;2025-11-13;10;2098
12;2025-11-13;11;1997
12;2025-11-13;12;2120
12;2025-11-13;13;2125
12;2025-11-13;14;2069
12;2025-11-13;15;2207
12;2025-11-13;16;2667
12;2025-11-13;17;2990
12;2025-11-13;18;3136
12;2025-11-13;19;2382
12;2025-11-13;20;1604
12;2025-11-13;21;1001
12;2025-11-13;22;514
12;2025-11-13;23;265
12;2025-11-14;0;58
12;2025-11-14;1;2
12;2025-11-14;2;0
12;2025-11-14;3;0
12;2025-11-14;4;6
12;2025-11-14;5;327
12;2025-11-14;6;1450
12;2025-11-14;7;2729
12;2025-11-14;8;3468
12;2025-11-14;9;2505
12;2025-11-14;10;2092
12;2025-11-14;11;2006
12;2025-11-14;12;2123
12;2025-11-14;13;2129
12;2025-11-14;14;2090
12;2025-11-14;15;2231
12;2025-11-14;16;2681
12;2025-11-14;17;3006
12;2025-11-14;18;2998
12;2025-11-14;19;2349
12;2025-11-14;20;1603
12;2025-11-14;21;1008
12;2025-11-14;22;519
12;2025-11-14;23;269
12;2025-11-15;0;64
12;2025-11-15;1;2
12;2025-11-15;2;0
12;2025-11-15;3;0
12;2025-11-15;4;1
12;2025-11-15;5;219
12;2025-11-15;6;795
12;2025-11-15;7;896
12;2025-11-15;8;1014
12;2025-11-15;9;1203
12;2025-11-15;10;1433
12;2025-11-15;11;1453
12;2025-11-15;12;1459
12;2025-11-15;13;1611
12;2025-11-15;14;1528
12;2025-11-15;15;1487
12;2025-11-15;16;1518
12;2025-11-15;17;1442
12;2025-11-15;18;1479
12;2025-11-15;19;1268
12;2025-11-15;20;872
12;2025-11-15;21;756
12;2025-11-15;22;394
12;2025-11-15;23;288
12;2025-11-16;0;79
12;2025-11-16;1;3
12;2025-11-16;2;0
12;2025-11-16;3;0
12;2025-11-16;4;3
12;2025-11-16;5;141
12;2025-11-16;6;524
12;2025-11-16;7;708
12;2025-11-16;8;695
12;2025-11-16;9;887
12;2025-11-16;10;1164
12;2025-11-16;11;1257
12;2025-11-16;12;1336
12;2025-11-16;13;1544
12;2025-11-16;14;1499
12;2025-11-16;15;1490
12;2025-11-16;16;1431
12;2025-11-16;17;1498
12;2025-11-16;18;1250
12;2025-11-16;19;1024
12;2025-11-16;20;786
12;2025-11-16;21;598
12;2025-11-16;22;361
12;2025-11-16;23;199
12;2025-11-17;0;57
12;2025-11-17;1;2
12;2025-11-17;2;0
12;2025-11-17;3;0
12;2025-11-17;4;6
12;2025-11-17;5;320
12;2025-11-17;6;1424
12;2025-11-17;7;2686
12;2025-11-17;8;3524
12;2025-11-17;9;2430
12;2025-11-17;10;2012
12;2025-11-17;11;1915
12;2025-11-17;12;2034
12;2025-11-17;13;2041
12;2025-11-17;14;1997
12;2025-11-17;15;2135
12;2025-11-17;16;2590
12;2025-11-17;17;2924
12;2025-11-17;18;3097
12;2025-11-17;19;2372
12;2025-11-17;20;1607
12;2025-11-17;21;997
12;2025-11-17;22;510
12;2025-11-17;23;260
12;2025-11-18;0;57
12;2025-11-18;1;2
12;2025-11-18;2;0
12;2025-11-18;3;0
12;2025-11-18;4;6
12;2025-11-18;5;319
12;2025-11-18;6;1412
12;2025-11-18;7;2659
12;2025-11-18;8;3470
12;2025-11-18;9;2419
12;2025-11-18;10;1997
12;2025-11-18;11;1943
12;2025-11-18;12;2026
12;2025-11-18;13;2030
12;2025-11-18;14;1991
12;2025-11-18;15;2115
12;2025-11-18;16;2555
12;2025-11-18;17;2881
12;2025-11-18;18;3036
12;2025-11-18;19;2310
12;2025-11-18;20;1569
12;2025-11-18;21;978
12;2025-11-18;22;502
12;2025-11-18;23;256
12;2025-11-19;0;58
12;2025-11-19;1;2
12;2025-11-19;2;0
12;2025-11-19;3;0
12;2025-11-19;4;6
12;2025-11-19;5;331
12;2025-11-19;6;1471
12;2025-11-19;7;2785
12;2025-11-19;8;3645
12;2025-11-19;9;2561
12;2025-11-19;10;2123
12;2025-11-19;11;2023
12;2025-11-19;12;2144
12;2025-11-19;13;2152
12;2025-11-19;14;2100
12;2025-11-19;15;2250
12;2025-11-19;16;2718
12;2025-11-19;17;3046
12;2025-11-19;18;3202
12;2025-11-19;19;2461
12;2025-11-19;20;1663
12;2025-11-19;21;1040
12;2025-11-19;22;532
12;2025-11-19;23;274
12;2025-11-20;0;58
12;2025-11-20;1;2
12;2025-11-20;2;0
12;2025-11-20;3;0
12;2025-11-20;4;6
12;2025-11-20;5;331
12;2025-11-20;6;1469
12;2025-11-20;7;2770
12;2025-11-20;8;3623
12;2025-11-20;9;2550
12;2025-11-20;10;2127
12;2025-11-20;11;2023
12;2025-11-20;12;2150
12;2025-11-20;13;2158
12;2025-11-20;14;2100
12;2025-11-20;15;2240
12;2025-11-20;16;2707
12;2025-11-20;17;3031
12;2025-11-20;18;3187
12;2025-11-20;19;2436
12;2025-11-20;20;1640
12;2025-11-20;21;1024
12;2025-11-20;22;525
12;2025-11-20;23;270
12;2025-11-21;0;59
12;2025-11-21;1;2
12;2025-11-21;2;0
12;2025-11-21;3;0
12;2025-11-21;4;6
12;2025-11-21;5;334
12;2025-11-21;6;1484
12;2025-11-21;7;2804
12;2025-11-21;8;3586
12;2025-11-21;9;2572
12;2025-11-21;10;2137
12;2025-11-21;11;2028
12;2025-11-21;12;2146
12;2025-11-21;13;2159
12;2025-11-21;14;2114
12;2025-11-21;15;2257
12;2025-11-21;16;2715
12;2025-11-21;17;3037
12;2025-11-21;18;3045
12;2025-11-21;19;2392
12;2025-11-21;20;1657
12;2025-11-21;21;1043
12;2025-11-21;22;536
12;2025-11-21;23;276
12;2025-11-22;0;67
12;2025-11-22;1;2
12;2025-11-22;2;0
12;2025-11-22;3;0
12;2025-11-22;4;1
12;2025-11-22;5;226
12;2025-11-22;6;822
12;2025-11-22;7;945
12;2025-11-22;8;1075
12;2025-11-22;9;1271
12;2025-11-22;10;1530
12;2025-11-22;11;1560
12;2025-11-22;12;1572
12;2025-11-22;13;1724
12;2025-11-22;14;1644
12;2025-11-22;15;1592
12;2025-11-22;16;1631
12;2025-11-22;17;1550
12;2025-11-22;18;1584
12;2025-11-22;19;1332
12;2025-11-22;20;905
12;2025-11-22;21;761
12;2025-11-22;22;402
12;2025-11-22;23;292
12;2025-11-23;0;79
12;2025-11-23;1;3
12;2025-11-23;2;0
12;2025-11-23;3;0
12;2025-11-23;4;3
12;2025-11-23;5;142
12;2025-11-23;6;528
12;2025-11-23;7;714
12;2025-11-23;8;703
12;2025-11-23;9;895
12;2025-11-23;10;1173
12;2025-11-23;11;1272
12;2025-11-23;12;1349
12;2025-11-23;13;1562
12;2025-11-23;14;1520
12;2025-11-23;15;1508
12;2025-11-23;16;1451
12;2025-11-23;17;1524
12;2025-11-23;18;1268
12;2025-11-23;19;1035
12;2025-11-23;20;792
12;2025-11-23;21;603
12;2025-11-23;22;363
12;2025-11-23;23;201
12;2025-11-24;0;55
12;2025-11-24;1;2
12;2025-11-24;2;0
12;2025-11-24;3;0
12;2025-11-24;4;6
12;2025-11-24;5;313
12;2025-11-24;6;1387
12;2025-11-24;7;2617
12;2025-11-24;8;3446
12;2025-11-24;9;2380
12;2025-11-24;10;1952
12;2025-11-24;11;1851
12;2025-11-24;12;1965
12;2025-11-24;13;1967
12;2025-11-24;14;1924
12;2025-11-24;15;2060
12;2025-11-24;16;2492
12;2025-11-24;17;2816
12;2025-11-24;18;2990
12;2025-11-24;19;2270
12;2025-11-24;20;1531
12;2025-11-24;21;952
12;2025-11-24;22;488
12;2025-11-24;23;248
12;2025-11-25;0;57
12;2025-11-25;1;2
12;2025-11-25;2;0
12;2025-11-25;3;0
12;2025-11-25;4;6
12;2025-11-25;5;324
12;2025-11-25;6;1443
12;2025-11-25;7;2730
12;2025-11-25;8;3574
12;2025-11-25;9;2505
12;2025-11-25;10;2078
12;2025-11-25;11;2018
12;2025-11-25;12;2114
12;2025-11-25;13;2124
12;2025-11-25;14;2081
12;2025-11-25;15;2207
12;2025-11-25;16;2662
12;2025-11-25;17;2986
12;2025-11-25;18;3140
12;2025-11-25;19;2411
12;2025-11-25;20;1631
12;2025-11-25;21;1015
12;2025-11-25;22;518
12;2025-11-25;23;264
12;2025-11-26;0;57
12;2025-11-26;1;2
12;2025-11-26;2;0
12;2025-11-26;3;0
12;2025-11-26;4;6
12;2025-11-26;5;324
12;2025-11-26;6;1429
12;2025-11-26;7;2703
12;2025-11-26;8;3554
12;2025-11-26;9;2471
12;2025-11-26;10;2066
12;2025-11-26;11;1951
12;2025-11-26;12;2060
12;2025-11-26;13;2071
12;2025-11-26;14;2014
12;2025-11-26;15;2163
12;2025-11-26;16;2611
12;2025-11-26;17;2939
12;2025-11-26;18;3113
12;2025-11-26;19;2388
12;2025-11-26;20;1620
12;2025-11-26;21;1014
12;2025-11-26;22;519
12;2025-11-26;23;267
12;2025-11-27;0;57
12;2025-11-27;1;2
12;2025-11-27;2;0
12;2025-11-27;3;0
12;2025-11-27;4;6
12;2025-11-27;5;324
12;2025-11-27;6;1441
12;2025-11-27;7;2727
12;2025-11-27;8;3594
12;2025-11-27;9;2507
12;2025-11-27;10;2085
12;2025-11-27;11;1969
12;2025-11-27;12;2097
12;2025-11-27;13;2103
12;2025-11-27;14;2048
12;2025-11-27;15;2189
12;2025-11-27;16;2645
12;2025-11-27;17;2974
12;2025-11-27;18;3122
12;2025-11-27;19;2372
12;2025-11-27;20;1598
12;2025-11-27;21;997
12;2025-11-27;22;512
12;2025-11-27;23;264
12;2025-11-28;0;58
12;2025-11-28;1;2
12;2025-11-28;2;0
12;2025-11-28;3;0
12;2025-11-28;4;6
12;2025-11-28;5;328
12;2025-11-28;6;1453
12;2025-11-28;7;2721
12;2025-11-28;8;3555
12;2025-11-28;9;2500
12;2025-11-28;10;2079
12;2025-11-28;11;1971
12;2025-11-28;12;2079
12;2025-11-28;13;2097
12;2025-11-28;14;2051
12;2025-11-28;15;2193
12;2025-11-28;16;2639
12;2025-11-28;17;2975
12;2025-11-28;18;2980
12;2025-11-28;19;2302
12;2025-11-28;20;1580
12;2025-11-28;21;1007
12;2025-11-28;22;517
12;2025-11-28;23;268
12;2025-11-29;0;66
12;2025-11-29;1;2
12;2025-11-29;2;0
12;2025-11-29;3;0
12;2025-11-29;4;1
12;2025-11-29;5;227
12;2025-11-29;6;825
12;2025-11-29;7;938
12;2025-11-29;8;1070
12;2025-11-29;9;1265
12;2025-11-29;10;1521
12;2025-11-29;11;1570
12;2025-11-29;12;1584
12;2025-11-29;13;1760
12;2025-11-29;14;1664
12;2025-11-29;15;1609
12;2025-11-29;16;1656
12;2025-11-29;17;1574
12;2025-11-29;18;1606
12;2025-11-29;19;1325
12;2025-11-29;20;899
12;2025-11-29;21;772
12;2025-11-29;22;403
12;2025-11-29;23;293
12;2025-11-30;0;77
12;2025-11-30;1;3
12;2025-11-30;2;0
12;2025-11-30;3;0
12;2025-11-30;4;3
12;2025-11-30;5;140
12;2025-11-30;6;522
12;2025-11-30;7;706
12;2025-11-30;8;694
12;2025-11-30;9;889
12;2025-11-30;10;1167
12;2025-11-30;11;1261
12;2025-11-30;12;1339
12;2025-11-30;13;1551
12;2025-11-30;14;1508
12;2025-11-30;15;1495
12;2025-11-30;16;1435
12;2025-11-30;17;1513
12;2025-11-30;18;1256
12;2025-11-30;19;1017
12;2025-11-30;20;773
12;2025-11-30;21;588
12;2025-11-30;22;356
12;2025-11-30;23;198
12;2025-12-01;0;54
12;2025-12-01;1;2
12;2025-12-01;2;0
12;2025-12-01;3;0
12;2025-12-01;4;6
12;2025-12-01;5;310
12;2025-12-01;6;1379
12;2025-12-01;7;2617
12;2025-12-01;8;3447
12;2025-12-01;9;2387
12;2025-12-01;10;1967
12;2025-12-01;11;1877
12;2025-12-01;12;1989
12;2025-12-01;13;1996
12;2025-12-01;14;1955
12;2025-12-01;15;2088
12;2025-12-01;16;2535
12;2025-12-01;17;2855
12;2025-12-01;18;3017
12;2025-12-01;19;2294
12;2025-12-01;20;1540
12;2025-12-01;21;957
12;2025-12-01;22;491
12;2025-12-01;23;250
12;2025-12-02;0;56
12;2025-12-02;1;2
12;2025-12-02;2;0
12;2025-12-02;3;0
12;2025-12-02;4;6
12;2025-12-02;5;320
12;2025-12-02;6;1421
12;2025-12-02;7;2685
12;2025-12-02;8;3527
12;2025-12-02;9;2467
12;2025-12-02;10;2048
12;2025-12-02;11;1992
12;2025-12-02;12;2083
12;2025-12-02;13;2089
12;2025-12-02;14;2047
12;2025-12-02;15;2174
12;2025-12-02;16;2622
12;2025-12-02;17;2942
12;2025-12-02;18;3093
12;2025-12-02;19;2362
12;2025-12-02;20;1586
12;2025-12-02;21;988
12;2025-12-02;22;505
12;2025-12-02;23;258
12;2025-12-03;0;56
12;2025-12-03;1;2
12;2025-12-03;2;0
12;2025-12-03;3;0
12;2025-12-03;4;6
12;2025-12-03;5;321
12;2025-12-03;6;1423
12;2025-12-03;7;2695
12;2025-12-03;8;3531
12;2025-12-03;9;2483
12;2025-12-03;10;2067
12;2025-12-03;11;1971
12;2025-12-03;12;2080
12;2025-12-03;13;2087
12;2025-12-03;14;2033
12;2025-12-03;15;2180
12;2025-12-03;16;2633
12;2025-12-03;17;2950
12;2025-12-03;18;3100
12;2025-12-03;19;2365
12;2025-12-03;20;1587
12;2025-12-03;21;991
12;2025-12-03;22;508
12;2025-12-03;23;262
12;2025-12-04;0;56
12;2025-12-04;1;2
12;2025-12-04;2;0
12;2025-12-04;3;0
12;2025-12-04;4;6
12;2025-12-04;5;321
12;2025-12-04;6;1423
12;2025-12-04;7;2695
12;2025-12-04;8;3535
12;2025-12-04;9;2475
12;2025-12-04;10;2063
12;2025-12-04;11;1961
12;2025-12-04;12;2084
12;2025-12-04;13;2095
12;2025-12-04;14;2042
12;2025-12-04;15;2177
12;2025-12-04;16;2629
12;2025-12-04;17;2951
12;2025-12-04;18;3101
12;2025-12-04;19;2362
12;2025-12-04;20;1589
12;2025-12-04;21;992
12;2025-12-04;22;509
12;2025-12-04;23;263
12;2025-12-05;0;56
12;2025-12-05;1;2
12;2025-12-05;2;0
12;2025-12-05;3;0
12;2025-12-05;4;6
12;2025-12-05;5;323
12;2025-12-05;6;1434
12;2025-12-05;7;2715
12;2025-12-05;8;3503
12;2025-12-05;9;2496
12;2025-12-05;10;2072
12;2025-12-05;11;1992
12;2025-12-05;12;2108
12;2025-12-05;13;2124
12;2025-12-05;14;2079
12;2025-12-05;15;2225
12;2025-12-05;16;2670
12;2025-12-05;17;2999
12;2025-12-05;18;2991
12;2025-12-05;19;2325
12;2025-12-05;20;1586
12;2025-12-05;21;998
12;2025-12-05;22;513
12;2025-12-05;23;266
12;2025-12-06;0;66
12;2025-12-06;1;2
12;2025-12-06;2;0
12;2025-12-06;3;0
12;2025-12-06;4;1
12;2025-12-06;5;228
12;2025-12-06;6;826
12;2025-12-06;7;936
12;2025-12-06;8;1070
12;2025-12-06;9;1268
12;2025-12-06;10;1528
12;2025-12-06;11;1576
12;2025-12-06;12;1587
12;2025-12-06;13;1769
12;2025-12-06;14;1672
12;2025-12-06;15;1621
12;2025-12-06;16;1661
12;2025-12-06;17;1577
12;2025-12-06;18;1609
12;2025-12-06;19;1325
12;2025-12-06;20;899
12;2025-12-06;21;773
12;2025-12-06;22;403
12;2025-12-06;23;293
12;2025-12-07;0;78
12;2025-12-07;1;3
12;2025-12-07;2;0
12;2025-12-07;3;0
12;2025-12-07;4;3
12;2025-12-07;5;140
12;2025-12-07;6;526
12;2025-12-07;7;712
12;2025-12-07;8;700
12;2025-12-07;9;895
12;2025-12-07;10;1176
12;2025-12-07;11;1272
12;2025-12-07;12;1350
12;2025-12-07;13;1563
12;2025-12-07;14;1523
12;2025-12-07;15;1513
12;2025-12-07;16;1451
12;2025-12-07;17;1528
12;2025-12-07;18;1268
12;2025-12-07;19;1027
12;2025-12-07;20;781
12;2025-12-07;21;594
12;2025-12-07;22;359
12;2025-12-07;23;200
12;2025-12-08;0;55
12;2025-12-08;1;2
12;2025-12-08;2;0
12;2025-12-08;3;0
12;2025-12-08;4;6
12;2025-12-08;5;316
12;2025-12-08;6;1403
12;2025-12-08;7;2662
12;2025-12-08;8;3507
12;2025-12-08;9;2430
12;2025-12-08;10;2002
12;2025-12-08;11;1910
12;2025-12-08;12;2023
12;2025-12-08;13;2029
12;2025-12-08;14;1987
12;2025-12-08;15;2126
12;2025-12-08;16;2579
12;2025-12-08;17;2901
12;2025-12-08;18;3065
12;2025-12-08;19;2332
12;2025-12-08;20;1568
12;2025-12-08;21;974
12;2025-12-08;22;499
12;2025-12-08;23;254
12;2025-12-09;0;56
12;2025-12-09;1;2
12;2025-12-09;2;0
12;2025-12-09;3;0
12;2025-12-09;4;6
12;2025-12-09;5;322
12;2025-12-09;6;1430
12;2025-12-09;7;2695
12;2025-12-09;8;3527
12;2025-12-09;9;2470
12;2025-12-09;10;2051
12;2025-12-09;11;1985
12;2025-12-09;12;2071
12;2025-12-09;13;2078
12;2025-12-09;14;2039
12;2025-12-09;15;2170
12;2025-12-09;16;2619
12;2025-12-09;17;2928
12;2025-12-09;18;3084
12;2025-12-09;19;2369
12;2025-12-09;20;1597
12;2025-12-09;21;993
12;2025-12-09;22;508
12;2025-12-09;23;260
12;2025-12-10;0;56
12;2025-12-10;1;2
12;2025-12-10;2;0
12;2025-12-10;3;0
12;2025-12-10;4;6
12;2025-12-10;5;325
12;2025-12-10;6;1431
12;2025-12-10;7;2707
12;2025-12-10;8;3549
12;2025-12-10;9;2479
12;2025-12-10;10;2066
12;2025-12-10;11;1964
12;2025-12-10;12;2076
12;2025-12-10;13;2083
12;2025-12-10;14;2031
12;2025-12-10;15;2178
12;2025-12-10;16;2627
12;2025-12-10;17;2950
12;2025-12-10;18;3113
12;2025-12-10;19;2393
12;2025-12-10;20;1624
12;2025-12-10;21;1015
12;2025-12-10;22;520
12;2025-12-10;23;268
12;2025-12-11;0;56
12;2025-12-11;1;2
12;2025-12-11;2;0
12;2025-12-11;3;0
12;2025-12-11;4;6
12;2025-12-11;5;325
12;2025-12-11;6;1441
12;2025-12-11;7;2722
12;2025-12-11;8;3587
12;2025-12-11;9;2498
12;2025-12-11;10;2081
12;2025-12-11;11;1963
12;2025-12-11;12;2092
12;2025-12-11;13;2103
12;2025-12-11;14;2048
12;2025-12-11;15;2188
12;2025-12-11;16;2646
12;2025-12-11;17;2978
12;2025-12-11;18;3135
12;2025-12-11;19;2401
12;2025-12-11;20;1606
12;2025-12-11;21;1001
12;2025-12-11;22;514
12;2025-12-11;23;265
12;2025-12-12;0;57
12;2025-12-12;1;2
12;2025-12-12;2;0
12;2025-12-12;3;0
12;2025-12-12;4;6
12;2025-12-12;5;326
12;2025-12-12;6;1447
12;2025-12-12;7;2716
12;2025-12-12;8;3522
12;2025-12-12;9;2493
12;2025-12-12;10;2068
12;2025-12-12;11;1961
12;2025-12-12;12;2069
12;2025-12-12;13;2081
12;2025-12-12;14;2038
12;2025-12-12;15;2175
12;2025-12-12;16;2613
12;2025-12-12;17;2899
12;2025-12-12;18;2925
12;2025-12-12;19;2297
12;2025-12-12;20;1609
12;2025-12-12;21;1017
12;2025-12-12;22;521
12;2025-12-12;23;269
12;2025-12-13;0;66
12;2025-12-13;1;2
12;2025-12-13;2;0
12;2025-12-13;3;0
12;2025-12-13;4;1
12;2025-12-13;5;227
12;2025-12-13;6;821
12;2025-12-13;7;929
12;2025-12-13;8;1051
12;2025-12-13;9;1238
12;2025-12-13;10;1476
12;2025-12-13;11;1518
12;2025-12-13;12;1528
12;2025-12-13;13;1663
12;2025-12-13;14;1594
12;2025-12-13;15;1544
12;2025-12-13;16;1583
12;2025-12-13;17;1516
12;2025-12-13;18;1556
12;2025-12-13;19;1310
12;2025-12-13;20;903
12;2025-12-13;21;775
12;2025-12-13;22;405
12;2025-12-13;23;294
12;2025-12-14;0;78
12;2025-12-14;1;3
12;2025-12-14;2;0
12;2025-12-14;3;0
12;2025-12-14;4;3
12;2025-12-14;5;139
12;2025-12-14;6;523
12;2025-12-14;7;708
12;2025-12-14;8;692
12;2025-12-14;9;881
12;2025-12-14;10;1150
12;2025-12-14;11;1242
12;2025-12-14;12;1296
12;2025-12-14;13;1473
12;2025-12-14;14;1445
12;2025-12-14;15;1436
12;2025-12-14;16;1410
12;2025-12-14;17;1475
12;2025-12-14;18;1247
12;2025-12-14;19;1024
12;2025-12-14;20;785
12;2025-12-14;21;597
12;2025-12-14;22;361
12;2025-12-14;23;200
12;2025-12-15;0;55
12;2025-12-15;1;2
12;2025-12-15;2;0
12;2025-12-15;3;0
12;2025-12-15;4;6
12;2025-12-15;5;318
12;2025-12-15;6;1415
12;2025-12-15;7;2676
12;2025-12-15;8;3520
12;2025-12-15;9;2438
12;2025-12-15;10;2010
12;2025-12-15;11;1919
12;2025-12-15;12;2034
12;2025-12-15;13;2040
12;2025-12-15;14;1995
12;2025-12-15;15;2132
12;2025-12-15;16;2584
12;2025-12-15;17;2911
12;2025-12-15;18;3087
12;2025-12-15;19;2364
12;2025-12-15;20;1601
12;2025-12-15;21;994
12;2025-12-15;22;509
12;2025-12-15;23;260
12;2025-12-16;0;57
12;2025-12-16;1;2
12;2025-12-16;2;0
12;2025-12-16;3;0
12;2025-12-16;4;6
12;2025-12-16;5;329
12;2025-12-16;6;1464
12;2025-12-16;7;2764
12;2025-12-16;8;3617
12;2025-12-16;9;2530
12;2025-12-16;10;2098
12;2025-12-16;11;2026
12;2025-12-16;12;2125
12;2025-12-16;13;2130
12;2025-12-16;14;2083
12;2025-12-16;15;2217
12;2025-12-16;16;2667
12;2025-12-16;17;3001
12;2025-12-16;18;3156
12;2025-12-16;19;2428
12;2025-12-16;20;1648
12;2025-12-16;21;1027
12;2025-12-16;22;525
12;2025-12-16;23;268
12;2025-12-17;0;57
12;2025-12-17;1;2
12;2025-12-17;2;0
12;2025-12-17;3;0
12;2025-12-17;4;6
12;2025-12-17;5;330
12;2025-12-17;6;1467
12;2025-12-17;7;2776
12;2025-12-17;8;3631
12;2025-12-17;9;2553
12;2025-12-17;10;2127
12;2025-12-17;11;2027
12;2025-12-17;12;2138
12;2025-12-17;13;2148
12;2025-12-17;14;2091
12;2025-12-17;15;2242
12;2025-12-17;16;2706
12;2025-12-17;17;3030
12;2025-12-17;18;3184
12;2025-12-17;19;2449
12;2025-12-17;20;1660
12;2025-12-17;21;1036
12;2025-12-17;22;531
12;2025-12-17;23;275
12;2025-12-18;0;58
12;2025-12-18;1;2
12;2025-12-18;2;0
12;2025-12-18;3;0
12;2025-12-18;4;6
12;2025-12-18;5;332
12;2025-12-18;6;1476
12;2025-12-18;7;2787
12;2025-12-18;8;3646
12;2025-12-18;9;2563
12;2025-12-18;10;2128
12;2025-12-18;11;2021
12;2025-12-18;12;2151
12;2025-12-18;13;2168
12;2025-12-18;14;2111
12;2025-12-18;15;2252
12;2025-12-18;16;2722
12;2025-12-18;17;3047
12;2025-12-18;18;3203
12;2025-12-18;19;2462
12;2025-12-18;20;1670
12;2025-12-18;21;1041
12;2025-12-18;22;533
12;2025-12-18;23;276
12;2025-12-19;0;58
12;2025-12-19;1;2
12;2025-12-19;2;0
12;2025-12-19;3;0
12;2025-12-19;4;6
12;2025-12-19;5;334
12;2025-12-19;6;1483
12;2025-12-19;7;2804
12;2025-12-19;8;3602
12;2025-12-19;9;2577
12;2025-12-19;10;2139
12;2025-12-19;11;2035
12;2025-12-19;12;2152
12;2025-12-19;13;2164
12;2025-12-19;14;2117
12;2025-12-19;15;2264
12;2025-12-19;16;2716
12;2025-12-19;17;3043
12;2025-12-19;18;3028
12;2025-12-19;19;2390
12;2025-12-19;20;1657
12;2025-12-19;21;1042
12;2025-12-19;22;536
12;2025-12-19;23;276
12;2025-12-20;0;69
12;2025-12-20;1;2
12;2025-12-20;2;0
12;2025-12-20;3;0
12;2025-12-20;4;1
12;2025-12-20;5;235
12;2025-12-20;6;853
12;2025-12-20;7;966
12;2025-12-20;8;1101
12;2025-12-20;9;1306
12;2025-12-20;10;1572
12;2025-12-20;11;1621
12;2025-12-20;12;1632
12;2025-12-20;13;1818
12;2025-12-20;14;1717
12;2025-12-20;15;1668
12;2025-12-20;16;1704
12;2025-12-20;17;1619
12;2025-12-20;18;1655
12;2025-12-20;19;1364
12;2025-12-20;20;925
12;2025-12-20;21;794
12;2025-12-20;22;416
12;2025-12-20;23;302
12;2025-12-21;0;80
12;2025-12-21;1;3
12;2025-12-21;2;0
12;2025-12-21;3;0
12;2025-12-21;4;3
12;2025-12-21;5;144
12;2025-12-21;6;525
12;2025-12-21;7;726
12;2025-12-21;8;717
12;2025-12-21;9;915
12;2025-12-21;10;1198
12;2025-12-21;11;1290
12;2025-12-21;12;1367
12;2025-12-21;13;1573
12;2025-12-21;14;1530
12;2025-12-21;15;1521
12;2025-12-21;16;1466
12;2025-12-21;17;1538
12;2025-12-21;18;1294
12;2025-12-21;19;1049
12;2025-12-21;20;799
12;2025-12-21;21;613
12;2025-12-21;22;369
12;2025-12-21;23;206
12;2025-12-22;0;56
12;2025-12-22;1;2
12;2025-12-22;2;0
12;2025-12-22;3;0
12;2025-12-22;4;6
12;2025-12-22;5;317
12;2025-12-22;6;1410
12;2025-12-22;7;2669
12;2025-12-22;8;3518
12;2025-12-22;9;2425
12;2025-12-22;10;2004
12;2025-12-22;11;1904
12;2025-12-22;12;2009
12;2025-12-22;13;2009
12;2025-12-22;14;1964
12;2025-12-22;15;2100
12;2025-12-22;16;2532
12;2025-12-22;17;2856
12;2025-12-22;18;3033
12;2025-12-22;19;2328
12;2025-12-22;20;1580
12;2025-12-22;21;987
12;2025-12-22;22;506
12;2025-12-22;23;257
12;2025-12-23;0;57
12;2025-12-23;1;2
12;2025-12-23;2;0
12;2025-12-23;3;0
12;2025-12-23;4;6
12;2025-12-23;5;325
12;2025-12-23;6;1430
12;2025-12-23;7;2687
12;2025-12-23;8;3512
12;2025-12-23;9;2462
12;2025-12-23;10;2059
12;2025-12-23;11;1997
12;2025-12-23;12;2090
12;2025-12-23;13;2095
12;2025-12-23;14;2059
12;2025-12-23;15;2184
12;2025-12-23;16;2631
12;2025-12-23;17;2954
12;2025-12-23;18;3109
12;2025-12-23;19;2397
12;2025-12-23;20;1624
12;2025-12-23;21;1012
12;2025-12-23;22;517
12;2025-12-23;23;265
12;2025-12-24;0;57
12;2025-12-24;1;2
12;2025-12-24;2;0
12;2025-12-24;3;0
12;2025-12-24;4;6
12;2025-12-24;5;324
12;2025-12-24;6;1440
12;2025-12-24;7;2712
12;2025-12-24;8;3540
12;2025-12-24;9;2488
12;2025-12-24;10;2070
12;2025-12-24;11;1969
12;2025-12-24;12;2079
12;2025-12-24;13;2079
12;2025-12-24;14;2029
12;2025-12-24;15;2175
12;2025-12-24;16;2624
12;2025-12-24;17;2952
12;2025-12-24;18;3101
12;2025-12-24;19;2384
12;2025-12-24;20;1616
12;2025-12-24;21;1011
12;2025-12-24;22;519
12;2025-12-24;23;268
12;2025-12-25;0;58
12;2025-12-25;1;2
12;2025-12-25;2;0
12;2025-12-25;3;0
12;2025-12-25;4;6
12;2025-12-25;5;329
12;2025-12-25;6;1460
12;2025-12-25;7;2744
12;2025-12-25;8;3600
12;2025-12-25;9;2510
12;2025-12-25;10;2091
12;2025-12-25;11;1982
12;2025-12-25;12;2108
12;2025-12-25;13;2117
12;2025-12-25;14;2057
12;2025-12-25;15;2191
12;2025-12-25;16;2646
12;2025-12-25;17;2953
12;2025-12-25;18;3112
12;2025-12-25;19;2395
12;2025-12-25;20;1634
12;2025-12-25;21;1026
12;2025-12-25;22;526
12;2025-12-25;23;272
12;2025-12-26;0;56
12;2025-12-26;1;2
12;2025-12-26;2;0
12;2025-12-26;3;0
12;2025-12-26;4;6
12;2025-12-26;5;324
12;2025-12-26;6;1438
12;2025-12-26;7;2672
12;2025-12-26;8;3448
12;2025-12-26;9;2432
12;2025-12-26;10;2022
12;2025-12-26;11;1901
12;2025-12-26;12;2014
12;2025-12-26;13;2019
12;2025-12-26;14;1984
12;2025-12-26;15;2103
12;2025-12-26;16;2528
12;2025-12-26;17;2837
12;2025-12-26;18;2914
12;2025-12-26;19;2286
12;2025-12-26;20;1591
12;2025-12-26;21;1010
12;2025-12-26;22;520
12;2025-12-26;23;268
12;2025-12-27;0;64
12;2025-12-27;1;2
12;2025-12-27;2;0
12;2025-12-27;3;0
12;2025-12-27;4;1
12;2025-12-27;5;220
12;2025-12-27;6;799
12;2025-12-27;7;905
12;2025-12-27;8;1036
12;2025-12-27;9;1232
12;2025-12-27;10;1476
12;2025-12-27;11;1517
12;2025-12-27;12;1527
12;2025-12-27;13;1673
12;2025-12-27;14;1597
12;2025-12-27;15;1543
12;2025-12-27;16;1582
12;2025-12-27;17;1506
12;2025-12-27;18;1538
12;2025-12-27;19;1292
12;2025-12-27;20;884
12;2025-12-27;21;756
12;2025-12-27;22;386
12;2025-12-27;23;287
12;2025-12-28;0;74
12;2025-12-28;1;3
12;2025-12-28;2;0
12;2025-12-28;3;0
12;2025-12-28;4;3
12;2025-12-28;5;136
12;2025-12-28;6;506
12;2025-12-28;7;671
12;2025-12-28;8;659
12;2025-12-28;9;853
12;2025-12-28;10;1121
12;2025-12-28;11;1201
12;2025-12-28;12;1274
12;2025-12-28;13;1442
12;2025-12-28;14;1414
12;2025-12-28;15;1405
12;2025-12-28;16;1363
12;2025-12-28;17;1420
12;2025-12-28;18;1211
12;2025-12-28;19;988
12;2025-12-28;20;760
12;2025-12-28;21;579
12;2025-12-28;22;350
12;2025-12-28;23;194
12;2025-12-29;0;53
12;2025-12-29;1;2
12;2025-12-29;2;0
12;2025-12-29;3;0
12;2025-12-29;4;6
12;2025-12-29;5;303
12;2025-12-29;6;1350
12;2025-12-29;7;2544
12;2025-12-29;8;3364
12;2025-12-29;9;2318
12;2025-12-29;10;1916
12;2025-12-29;11;1826
12;2025-12-29;12;1934
12;2025-12-29;13;1940
12;2025-12-29;14;1897
12;2025-12-29;15;2021
12;2025-12-29;16;2448
12;2025-12-29;17;2765
12;2025-12-29;18;2930
12;2025-12-29;19;2238
12;2025-12-29;20;1526
12;2025-12-29;21;948
12;2025-12-29;22;484
12;2025-12-29;23;247
12;2025-12-30;0;54
12;2025-12-30;1;2
12;2025-12-30;2;0
12;2025-12-30;3;0
12;2025-12-30;4;6
12;2025-12-30;5;312
12;2025-12-30;6;1388
12;2025-12-30;7;2617
12;2025-12-30;8;3420
12;2025-12-30;9;2394
12;2025-12-30;10;1993
12;2025-12-30;11;1916
12;2025-12-30;12;2010
12;2025-12-30;13;2015
12;2025-12-30;14;1975
12;2025-12-30;15;2100
12;2025-12-30;16;2533
12;2025-12-30;17;2848
12;2025-12-30;18;2906
12;2025-12-30;19;2254
12;2025-12-30;20;1554
12;2025-12-30;21;972
12;2025-12-30;22;499
12;2025-12-30;23;254
12;2025-12-31;0;77
12;2025-12-31;1;3
12;2025-12-31;2;0
12;2025-12-31;3;0
12;2025-12-31;4;3
12;2025-12-31;5;138
12;2025-12-31;6;521
12;2025-12-31;7;700
12;2025-12-31;8;671
12;2025-12-31;9;848
12;2025-12-31;10;1100
12;2025-12-31;11;1186
12;2025-12-31;12;1258
12;2025-12-31;13;1455
12;2025-12-31;14;1411
12;2025-12-31;15;1393
12;2025-12-31;16;1361
12;2025-12-31;17;1424
12;2025-12-31;18;1203
12;2025-12-31;19;963
12;2025-12-31;20;772
12;2025-12-31;21;590
12;2025-12-31;22;357
12;2025-12-31;23;198
17;2025-11-01;0;114
17;2025-11-01;1;13
17;2025-11-01;2;0
17;2025-11-01;3;0
17;2025-11-01;4;24
17;2025-11-01;5;299
17;2025-11-01;6;1468
17;2025-11-01;7;3924
17;2025-11-01;8;4794
17;2025-11-01;9;3509
17;2025-11-01;10;2886
17;2025-11-01;11;2874
17;2025-11-01;12;2887
17;2025-11-01;13;2939
17;2025-11-01;14;3058
17;2025-11-01;15;3160
17;2025-11-01;16;3513
17;2025-11-01;17;4243
17;2025-11-01;18;4331
17;2025-11-01;19;2955
17;2025-11-01;20;2156
17;2025-11-01;21;1384
17;2025-11-01;22;678
17;2025-11-01;23;352
17;2025-11-02;0;205
17;2025-11-02;1;28
17;2025-11-02;2;0
17;2025-11-02;3;0
17;2025-11-02;4;2
17;2025-11-02;5;108
17;2025-11-02;6;461
17;2025-11-02;7;915
17;2025-11-02;8;1263
17;2025-11-02;9;1705
17;2025-11-02;10;2133
17;2025-11-02;11;2736
17;2025-11-02;12;3040
17;2025-11-02;13;3245
17;2025-11-02;14;3392
17;2025-11-02;15;3335
17;2025-11-02;16;3243
17;2025-11-02;17;3063
17;2025-11-02;18;2620
17;2025-11-02;19;2105
17;2025-11-02;20;1589
17;2025-11-02;21;1199
17;2025-11-02;22;759
17;2025-11-02;23;332
17;2025-11-03;0;199
17;2025-11-03;1;26
17;2025-11-03;2;0
17;2025-11-03;3;0
17;2025-11-03;4;2
17;2025-11-03;5;105
17;2025-11-03;6;452
17;2025-11-03;7;916
17;2025-11-03;8;1286
17;2025-11-03;9;1676
17;2025-11-03;10;2050
17;2025-11-03;11;2573
17;2025-11-03;12;2838
17;2025-11-03;13;3070
17;2025-11-03;14;3219
17;2025-11-03;15;3148
17;2025-11-03;16;3078
17;2025-11-03;17;2959
17;2025-11-03;18;2533
17;2025-11-03;19;2019
17;2025-11-03;20;1538
17;2025-11-03;21;1161
17;2025-11-03;22;735
17;2025-11-03;23;321
17;2025-11-04;0;204
17;2025-11-04;1;27
17;2025-11-04;2;0
17;2025-11-04;3;0
17;2025-11-04;4;2
17;2025-11-04;5;107
17;2025-11-04;6;456
17;2025-11-04;7;903
17;2025-11-04;8;1263
17;2025-11-04;9;1616
17;2025-11-04;10;1842
17;2025-11-04;11;2337
17;2025-11-04;12;2569
17;2025-11-04;13;2801
17;2025-11-04;14;3023
17;2025-11-04;15;2984
17;2025-11-04;16;2867
17;2025-11-04;17;2767
17;2025-11-04;18;2381
17;2025-11-04;19;1887
17;2025-11-04;20;1525
17;2025-11-04;21;1184
17;2025-11-04;22;751
17;2025-11-04;23;328
17;2025-11-05;0;122
17;2025-11-05;1;14
17;2025-11-05;2;0
17;2025-11-05;3;0
17;2025-11-05;4;26
17;2025-11-05;5;321
17;2025-11-05;6;1576
17;2025-11-05;7;4313
17;2025-11-05;8;5268
17;2025-11-05;9;3748
17;2025-11-05;10;3054
17;2025-11-05;11;3016
17;2025-11-05;12;3025
17;2025-11-05;13;3073
17;2025-11-05;14;3221
17;2025-11-05;15;3316
17;2025-11-05;16;3696
17;2025-11-05;17;4482
17;2025-11-05;18;4725
17;2025-11-05;19;3147
17;2025-11-05;20;2356
17;2025-11-05;21;1468
17;2025-11-05;22;712
17;2025-11-05;23;371
17;2025-11-06;0;121
17;2025-11-06;1;14
17;2025-11-06;2;0
17;2025-11-06;3;0
17;2025-11-06;4;26
17;2025-11-06;5;319
17;2025-11-06;6;1564
17;2025-11-06;7;4320
17;2025-11-06;8;5268
17;2025-11-06;9;3742
17;2025-11-06;10;3043
17;2025-11-06;11;3003
17;2025-11-06;12;3024
17;2025-11-06;13;3065
17;2025-11-06;14;3200
17;2025-11-06;15;3280
17;2025-11-06;16;3677
17;2025-11-06;17;4454
17;2025-11-06;18;4675
17;2025-11-06;19;3108
17;2025-11-06;20;2321
17;2025-11-06;21;1452
17;2025-11-06;22;707
17;2025-11-06;23;368
17;2025-11-07;0;125
17;2025-11-07;1;14
17;2025-11-07;2;0
17;2025-11-07;3;0
17;2025-11-07;4;27
17;2025-11-07;5;331
17;2025-11-07;6;1572
17;2025-11-07;7;4087
17;2025-11-07;8;4998
17;2025-11-07;9;3472
17;2025-11-07;10;2793
17;2025-11-07;11;2776
17;2025-11-07;12;2748
17;2025-11-07;13;2780
17;2025-11-07;14;2937
17;2025-11-07;15;3089
17;2025-11-07;16;3448
17;2025-11-07;17;4244
17;2025-11-07;18;4190
17;2025-11-07;19;2747
17;2025-11-07;20;2100
17;2025-11-07;21;1448
17;2025-11-07;22;731
17;2025-11-07;23;380
17;2025-11-08;0;204
17;2025-11-08;1;31
17;2025-11-08;2;0
17;2025-11-08;3;0
17;2025-11-08;4;5
17;2025-11-08;5;134
17;2025-11-08;6;588
17;2025-11-08;7;1312
17;2025-11-08;8;1758
17;2025-11-08;9;2320
17;2025-11-08;10;2618
17;2025-11-08;11;3073
17;2025-11-08;12;3347
17;2025-11-08;13;3582
17;2025-11-08;14;3679
17;2025-11-08;15;3697
17;2025-11-08;16;3597
17;2025-11-08;17;3416
17;2025-11-08;18;3037
17;2025-11-08;19;2399
17;2025-11-08;20;1895
17;2025-11-08;21;1406
17;2025-11-08;22;868
17;2025-11-08;23;479
17;2025-11-09;0;200
17;2025-11-09;1;26
17;2025-11-09;2;0
17;2025-11-09;3;0
17;2025-11-09;4;2
17;2025-11-09;5;105
17;2025-11-09;6;449
17;2025-11-09;7;897
17;2025-11-09;8;1274
17;2025-11-09;9;1690
17;2025-11-09;10;2112
17;2025-11-09;11;2704
17;2025-11-09;12;2987
17;2025-11-09;13;3206
17;2025-11-09;14;3326
17;2025-11-09;15;3269
17;2025-11-09;16;3206
17;2025-11-09;17;3015
17;2025-11-09;18;2584
17;2025-11-09;19;2067
17;2025-11-09;20;1557
17;2025-11-09;21;1174
17;2025-11-09;22;741
17;2025-11-09;23;328
17;2025-11-10;0;119
17;2025-11-10;1;14
17;2025-11-10;2;0
17;2025-11-10;3;0
17;2025-11-10;4;26
17;2025-11-10;5;315
17;2025-11-10;6;1542
17;2025-11-10;7;4252
17;2025-11-10;8;5201
17;2025-11-10;9;3684
17;2025-11-10;10;2987
17;2025-11-10;11;2962
17;2025-11-10;12;2974
17;2025-11-10;13;3025
17;2025-11-10;14;3157
17;2025-11-10;15;3252
17;2025-11-10;16;3636
17;2025-11-10;17;4426
17;2025-11-10;18;4688
17;2025-11-10;19;3112
17;2025-11-10;20;2260
17;2025-11-10;21;1441
17;2025-11-10;22;699
17;2025-11-10;23;359
17;2025-11-11;0;123
17;2025-11-11;1;14
17;2025-11-11;2;0
17;2025-11-11;3;0
17;2025-11-11;4;27
17;2025-11-11;5;324
17;2025-11-11;6;1593
17;2025-11-11;7;4369
17;2025-11-11;8;5326
17;2025-11-11;9;3800
17;2025-11-11;10;3098
17;2025-11-11;11;3085
17;2025-11-11;12;3094
17;2025-11-11;13;3136
17;2025-11-11;14;3273
17;2025-11-11;15;3366
17;2025-11-11;16;3752
17;2025-11-11;17;4555
17;2025-11-11;18;4812
17;2025-11-11;19;3205
17;2025-11-11;20;2396
17;2025-11-11;21;1490
17;2025-11-11;22;722
17;2025-11-11;23;372
17;2025-11-12;0;122
17;2025-11-12;1;14
17;2025-11-12;2;0
17;2025-11-12;3;0
17;2025-11-12;4;27
17;2025-11-12;5;322
17;2025-11-12;6;1583
17;2025-11-12;7;4341
17;2025-11-12;8;5283
17;2025-11-12;9;3775
17;2025-11-12;10;3079
17;2025-11-12;11;3044
17;2025-11-12;12;3058
17;2025-11-12;13;3099
17;2025-11-12;14;3240
17;2025-11-12;15;3333
17;2025-11-12;16;3716
17;2025-11-12;17;4498
17;2025-11-12;18;4758
17;2025-11-12;19;3172
17;2025-11-12;20;2372
17;2025-11-12;21;1481
17;2025-11-12;22;720
17;2025-11-12;23;375
17;2025-11-13;0;122
17;2025-11-13;1;14
17;2025-11-13;2;0
17;2025-11-13;3;0
17;2025-11-13;4;27
17;2025-11-13;5;322
17;2025-11-13;6;1584
17;2025-11-13;7;4347
17;2025-11-13;8;5315
17;2025-11-13;9;3782
17;2025-11-13;10;3081
17;2025-11-13;11;3059
17;2025-11-13;12;3069
17;2025-11-13;13;3107
17;2025-11-13;14;3238
17;2025-11-13;15;3334
17;2025-11-13;16;3714
17;2025-11-13;17;4491
17;2025-11-13;18;4740
17;2025-11-13;19;3149
17;2025-11-13;20;2366
17;2025-11-13;21;1473
17;2025-11-13;22;716
17;2025-11-13;23;373
17;2025-11-14;0;123
17;2025-11-14;1;14
17;2025-11-14;2;0
17;2025-11-14;3;0
17;2025-11-14;4;26
17;2025-11-14;5;324
17;2025-11-14;6;1590
17;2025-11-14;7;4328
17;2025-11-14;8;5173
17;2025-11-14;9;3759
17;2025-11-14;10;3091
17;2025-11-14;11;3074
17;2025-11-14;12;3090
17;2025-11-14;13;3119
17;2025-11-14;14;3267
17;2025-11-14;15;3378
17;2025-11-14;16;3749
17;2025-11-14;17;4489
17;2025-11-14;18;4546
17;2025-11-14;19;3113
17;2025-11-14;20;2366
17;2025-11-14;21;1483
17;2025-11-14;22;726
17;2025-11-14;23;377
17;2025-11-15;0;198
17;2025-11-15;1;31
17;2025-11-15;2;0
17;2025-11-15;3;0
17;2025-11-15;4;5
17;2025-11-15;5;131
17;2025-11-15;6;572
17;2025-11-15;7;1264
17;2025-11-15;8;1598
17;2025-11-15;9;2063
17;2025-11-15;10;2343
17;2025-11-15;11;2687
17;2025-11-15;12;2951
17;2025-11-15;13;3187
17;2025-11-15;14;3228
17;2025-11-15;15;3237
17;2025-11-15;16;3136
17;2025-11-15;17;2993
17;2025-11-15;18;2704
17;2025-11-15;19;2155
17;2025-11-15;20;1747
17;2025-11-15;21;1392
17;2025-11-15;22;864
17;2025-11-15;23;475
17;2025-11-16;0;200
17;2025-11-16;1;27
17;2025-11-16;2;0
17;2025-11-16;3;0
17;2025-11-16;4;2
17;2025-11-16;5;106
17;2025-11-16;6;449
17;2025-11-16;7;892
17;2025-11-16;8;1262
17;2025-11-16;9;1675
17;2025-11-16;10;2097
17;2025-11-16;11;2683
17;2025-11-16;12;2969
17;2025-11-16;13;3194
17;2025-11-16;14;3336
17;2025-11-16;15;3279
17;2025-11-16;16;3168
17;2025-11-16;17;2973
17;2025-11-16;18;2561
17;2025-11-16;19;2069
17;2025-11-16;20;1572
17;2025-11-16;21;1191
17;2025-11-16;22;751
17;2025-11-16;23;329
17;2025-11-17;0;120
17;2025-11-17;1;14
17;2025-11-17;2;0
17;2025-11-17;3;0
17;2025-11-17;4;25
17;2025-11-17;5;317
17;2025-11-17;6;1556
17;2025-11-17;7;4275
17;2025-11-17;8;5171
17;2025-11-17;9;3669
17;2025-11-17;10;2980
17;2025-11-17;11;2943
17;2025-11-17;12;2955
17;2025-11-17;13;3001
17;2025-11-17;14;3131
17;2025-11-17;15;3233
17;2025-11-17;16;3620
17;2025-11-17;17;4422
17;2025-11-17;18;4708
17;2025-11-17;19;3142
17;2025-11-17;20;2302
17;2025-11-17;21;1468
17;2025-11-17;22;709
17;2025-11-17;23;365
17;2025-11-18;0;120
17;2025-11-18;1;13
17;2025-11-18;2;0
17;2025-11-18;3;0
17;2025-11-18;4;26
17;2025-11-18;5;316
17;2025-11-18;6;1547
17;2025-11-18;7;4248
17;2025-11-18;8;5183
17;2025-11-18;9;3659
17;2025-11-18;10;2957
17;2025-11-18;11;2933
17;2025-11-18;12;2942
17;2025-11-18;13;2974
17;2025-11-18;14;3102
17;2025-11-18;15;3206
17;2025-11-18;16;3576
17;2025-11-18;17;4348
17;2025-11-18;18;4617
17;2025-11-18;19;3062
17;2025-11-18;20;2314
17;2025-11-18;21;1439
17;2025-11-18;22;699
17;2025-11-18;23;360
17;2025-11-19;0;124
17;2025-11-19;1;14
17;2025-11-19;2;0
17;2025-11-19;3;0
17;2025-11-19;4;27
17;2025-11-19;5;327
17;2025-11-19;6;1611
17;2025-11-19;7;4412
17;2025-11-19;8;5360
17;2025-11-19;9;3835
17;2025-11-19;10;3110
17;2025-11-19;11;3090
17;2025-11-19;12;3113
17;2025-11-19;13;3156
17;2025-11-19;14;3295
17;2025-11-19;15;3390
17;2025-11-19;16;3779
17;2025-11-19;17;4584
17;2025-11-19;18;4842
17;2025-11-19;19;3251
17;2025-11-19;20;2450
17;2025-11-19;21;1530
17;2025-11-19;22;741
17;2025-11-19;23;384
17;2025-11-20;0;124
17;2025-11-20;1;14
17;2025-11-20;2;0
17;2025-11-20;3;0
17;2025-11-20;4;27
17;2025-11-20;5;327
17;2025-11-20;6;1604
17;2025-11-20;7;4389
17;2025-11-20;8;5332
17;2025-11-20;9;3818
17;2025-11-20;10;3116
17;2025-11-20;11;3095
17;2025-11-20;12;3104
17;2025-11-20;13;3145
17;2025-11-20;14;3278
17;2025-11-20;15;3377
17;2025-11-20;16;3765
17;2025-11-20;17;4567
17;2025-11-20;18;4826
17;2025-11-20;19;3219
17;2025-11-20;20;2414
17;2025-11-20;21;1506
17;2025-11-20;22;731
17;2025-11-20;23;380
17;2025-11-21;0;125
17;2025-11-21;1;15
17;2025-11-21;2;0
17;2025-11-21;3;0
17;2025-11-21;4;27
17;2025-11-21;5;331
17;2025-11-21;6;1624
17;2025-11-21;7;4440
17;2025-11-21;8;5315
17;2025-11-21;9;3861
17;2025-11-21;10;3154
17;2025-11-21;11;3104
17;2025-11-21;12;3120
17;2025-11-21;13;3168
17;2025-11-21;14;3317
17;2025-11-21;15;3413
17;2025-11-21;16;3794
17;2025-11-21;17;4564
17;2025-11-21;18;4624
17;2025-11-21;19;3164
17;2025-11-21;20;2421
17;2025-11-21;21;1536
17;2025-11-21;22;747
17;2025-11-21;23;388
17;2025-11-22;0;209
17;2025-11-22;1;32
17;2025-11-22;2;0
17;2025-11-22;3;0
17;2025-11-22;4;5
17;2025-11-22;5;134
17;2025-11-22;6;591
17;2025-11-22;7;1335
17;2025-11-22;8;1710
17;2025-11-22;9;2212
17;2025-11-22;10;2514
17;2025-11-22;11;2923
17;2025-11-22;12;3209
17;2025-11-22;13;3431
17;2025-11-22;14;3499
17;2025-11-22;15;3489
17;2025-11-22;16;3393
17;2025-11-22;17;3225
17;2025-11-22;18;2899
17;2025-11-22;19;2267
17;2025-11-22;20;1824
17;2025-11-22;21;1406
17;2025-11-22;22;881
17;2025-11-22;23;483
17;2025-11-23;0;200
17;2025-11-23;1;27
17;2025-11-23;2;0
17;2025-11-23;3;0
17;2025-11-23;4;2
17;2025-11-23;5;106
17;2025-11-23;6;453
17;2025-11-23;7;902
17;2025-11-23;8;1280
17;2025-11-23;9;1695
17;2025-11-23;10;2123
17;2025-11-23;11;2693
17;2025-11-23;12;2973
17;2025-11-23;13;3195
17;2025-11-23;14;3347
17;2025-11-23;15;3283
17;2025-11-23;16;3175
17;2025-11-23;17;2999
17;2025-11-23;18;2578
17;2025-11-23;19;2082
17;2025-11-23;20;1592
17;2025-11-23;21;1203
17;2025-11-23;22;754
17;2025-11-23;23;331
17;2025-11-24;0;117
17;2025-11-24;1;14
17;2025-11-24;2;0
17;2025-11-24;3;0
17;2025-11-24;4;25
17;2025-11-24;5;309
17;2025-11-24;6;1517
17;2025-11-24;7;4160
17;2025-11-24;8;5068
17;2025-11-24;9;3590
17;2025-11-24;10;2897
17;2025-11-24;11;2854
17;2025-11-24;12;2863
17;2025-11-24;13;2910
17;2025-11-24;14;3035
17;2025-11-24;15;3132
17;2025-11-24;16;3480
17;2025-11-24;17;4248
17;2025-11-24;18;4535
17;2025-11-24;19;3000
17;2025-11-24;20;2192
17;2025-11-24;21;1399
17;2025-11-24;22;679
17;2025-11-24;23;349
17;2025-11-25;0;122
17;2025-11-25;1;14
17;2025-11-25;2;0
17;2025-11-25;3;0
17;2025-11-25;4;26
17;2025-11-25;5;320
17;2025-11-25;6;1577
17;2025-11-25;7;4326
17;2025-11-25;8;5262
17;2025-11-25;9;3758
17;2025-11-25;10;3062
17;2025-11-25;11;3040
17;2025-11-25;12;3054
17;2025-11-25;13;3101
17;2025-11-25;14;3239
17;2025-11-25;15;3330
17;2025-11-25;16;3705
17;2025-11-25;17;4499
17;2025-11-25;18;4754
17;2025-11-25;19;3184
17;2025-11-25;20;2400
17;2025-11-25;21;1495
17;2025-11-25;22;722
17;2025-11-25;23;373
17;2025-11-26;0;122
17;2025-11-26;1;14
17;2025-11-26;2;0
17;2025-11-26;3;0
17;2025-11-26;4;26
17;2025-11-26;5;320
17;2025-11-26;6;1562
17;2025-11-26;7;4292
17;2025-11-26;8;5233
17;2025-11-26;9;3710
17;2025-11-26;10;3032
17;2025-11-26;11;2989
17;2025-11-26;12;2996
17;2025-11-26;13;3047
17;2025-11-26;14;3170
17;2025-11-26;15;3262
17;2025-11-26;16;3640
17;2025-11-26;17;4424
17;2025-11-26;18;4720
17;2025-11-26;19;3161
17;2025-11-26;20;2385
17;2025-11-26;21;1493
17;2025-11-26;22;723
17;2025-11-26;23;376
17;2025-11-27;0;122
17;2025-11-27;1;14
17;2025-11-27;2;0
17;2025-11-27;3;0
17;2025-11-27;4;26
17;2025-11-27;5;321
17;2025-11-27;6;1575
17;2025-11-27;7;4332
17;2025-11-27;8;5285
17;2025-11-27;9;3759
17;2025-11-27;10;3062
17;2025-11-27;11;3027
17;2025-11-27;12;3032
17;2025-11-27;13;3073
17;2025-11-27;14;3203
17;2025-11-27;15;3302
17;2025-11-27;16;3686
17;2025-11-27;17;4472
17;2025-11-27;18;4723
17;2025-11-27;19;3142
17;2025-11-27;20;2352
17;2025-11-27;21;1467
17;2025-11-27;22;713
17;2025-11-27;23;372
17;2025-11-28;0;123
17;2025-11-28;1;14
17;2025-11-28;2;0
17;2025-11-28;3;0
17;2025-11-28;4;27
17;2025-11-28;5;325
17;2025-11-28;6;1576
17;2025-11-28;7;4336
17;2025-11-28;8;5268
17;2025-11-28;9;3758
17;2025-11-28;10;3078
17;2025-11-28;11;3027
17;2025-11-28;12;3027
17;2025-11-28;13;3084
17;2025-11-28;14;3227
17;2025-11-28;15;3321
17;2025-11-28;16;3695
17;2025-11-28;17;4469
17;2025-11-28;18;4524
17;2025-11-28;19;3048
17;2025-11-28;20;2307
17;2025-11-28;21;1481
17;2025-11-28;22;724
17;2025-11-28;23;377
17;2025-11-29;0;206
17;2025-11-29;1;31
17;2025-11-29;2;0
17;2025-11-29;3;0
17;2025-11-29;4;5
17;2025-11-29;5;135
17;2025-11-29;6;594
17;2025-11-29;7;1324
17;2025-11-29;8;1784
17;2025-11-29;9;2368
17;2025-11-29;10;2684
17;2025-11-29;11;3166
17;2025-11-29;12;3496
17;2025-11-29;13;3731
17;2025-11-29;14;3807
17;2025-11-29;15;3797
17;2025-11-29;16;3707
17;2025-11-29;17;3513
17;2025-11-29;18;3132
17;2025-11-29;19;2452
17;2025-11-29;20;1923
17;2025-11-29;21;1429
17;2025-11-29;22;881
17;2025-11-29;23;485
17;2025-11-30;0;198
17;2025-11-30;1;26
17;2025-11-30;2;0
17;2025-11-30;3;0
17;2025-11-30;4;2
17;2025-11-30;5;105
17;2025-11-30;6;446
17;2025-11-30;7;890
17;2025-11-30;8;1266
17;2025-11-30;9;1685
17;2025-11-30;10;2019
17;2025-11-30;11;2554
17;2025-11-30;12;2817
17;2025-11-30;13;3027
17;2025-11-30;14;3164
17;2025-11-30;15;3097
17;2025-11-30;16;2995
17;2025-11-30;17;2840
17;2025-11-30;18;2441
17;2025-11-30;19;1957
17;2025-11-30;20;1556
17;2025-11-30;21;1172
17;2025-11-30;22;739
17;2025-11-30;23;327
17;2025-12-01;0;117
17;2025-12-01;1;14
17;2025-12-01;2;0
17;2025-12-01;3;0
17;2025-12-01;4;26
17;2025-12-01;5;308
17;2025-12-01;6;1508
17;2025-12-01;7;4153
17;2025-12-01;8;5073
17;2025-12-01;9;3596
17;2025-12-01;10;2916
17;2025-12-01;11;2888
17;2025-12-01;12;2898
17;2025-12-01;13;2947
17;2025-12-01;14;3077
17;2025-12-01;15;3169
17;2025-12-01;16;3539
17;2025-12-01;17;4311
17;2025-12-01;18;4573
17;2025-12-01;19;3035
17;2025-12-01;20;2204
17;2025-12-01;21;1404
17;2025-12-01;22;681
17;2025-12-01;23;351
17;2025-12-02;0;120
17;2025-12-02;1;14
17;2025-12-02;2;0
17;2025-12-02;3;0
17;2025-12-02;4;26
17;2025-12-02;5;316
17;2025-12-02;6;1555
17;2025-12-02;7;4254
17;2025-12-02;8;5196
17;2025-12-02;9;3697
17;2025-12-02;10;3016
17;2025-12-02;11;2999
17;2025-12-02;12;3009
17;2025-12-02;13;3051
17;2025-12-02;14;3184
17;2025-12-02;15;3280
17;2025-12-02;16;3649
17;2025-12-02;17;4432
17;2025-12-02;18;4684
17;2025-12-02;19;3120
17;2025-12-02;20;2335
17;2025-12-02;21;1453
17;2025-12-02;22;704
17;2025-12-02;23;363
17;2025-12-03;0;121
17;2025-12-03;1;14
17;2025-12-03;2;0
17;2025-12-03;3;0
17;2025-12-03;4;26
17;2025-12-03;5;317
17;2025-12-03;6;1558
17;2025-12-03;7;4269
17;2025-12-03;8;5195
17;2025-12-03;9;3716
17;2025-12-03;10;3029
17;2025-12-03;11;3010
17;2025-12-03;12;3020
17;2025-12-03;13;3061
17;2025-12-03;14;3191
17;2025-12-03;15;3286
17;2025-12-03;16;3662
17;2025-12-03;17;4439
17;2025-12-03;18;4689
17;2025-12-03;19;3124
17;2025-12-03;20;2338
17;2025-12-03;21;1458
17;2025-12-03;22;709
17;2025-12-03;23;369
17;2025-12-04;0;121
17;2025-12-04;1;14
17;2025-12-04;2;0
17;2025-12-04;3;0
17;2025-12-04;4;26
17;2025-12-04;5;317
17;2025-12-04;6;1557
17;2025-12-04;7;4270
17;2025-12-04;8;5199
17;2025-12-04;9;3709
17;2025-12-04;10;3025
17;2025-12-04;11;3004
17;2025-12-04;12;3015
17;2025-12-04;13;3061
17;2025-12-04;14;3191
17;2025-12-04;15;3287
17;2025-12-04;16;3661
17;2025-12-04;17;4437
17;2025-12-04;18;4686
17;2025-12-04;19;3123
17;2025-12-04;20;2338
17;2025-12-04;21;1461
17;2025-12-04;22;710
17;2025-12-04;23;370
17;2025-12-05;0;122
17;2025-12-05;1;14
17;2025-12-05;2;0
17;2025-12-05;3;0
17;2025-12-05;4;26
17;2025-12-05;5;319
17;2025-12-05;6;1570
17;2025-12-05;7;4307
17;2025-12-05;8;5194
17;2025-12-05;9;3744
17;2025-12-05;10;3061
17;2025-12-05;11;3055
17;2025-12-05;12;3067
17;2025-12-05;13;3121
17;2025-12-05;14;3268
17;2025-12-05;15;3369
17;2025-12-05;16;3733
17;2025-12-05;17;4508
17;2025-12-05;18;4530
17;2025-12-05;19;3075
17;2025-12-05;20;2338
17;2025-12-05;21;1468
17;2025-12-05;22;718
17;2025-12-05;23;373
17;2025-12-06;0;205
17;2025-12-06;1;31
17;2025-12-06;2;0
17;2025-12-06;3;0
17;2025-12-06;4;5
17;2025-12-06;5;134
17;2025-12-06;6;595
17;2025-12-06;7;1325
17;2025-12-06;8;1790
17;2025-12-06;9;2373
17;2025-12-06;10;2696
17;2025-12-06;11;3185
17;2025-12-06;12;3510
17;2025-12-06;13;3757
17;2025-12-06;14;3830
17;2025-12-06;15;3828
17;2025-12-06;16;3719
17;2025-12-06;17;3522
17;2025-12-06;18;3140
17;2025-12-06;19;2457
17;2025-12-06;20;1926
17;2025-12-06;21;1430
17;2025-12-06;22;881
17;2025-12-06;23;485
17;2025-12-07;0;199
17;2025-12-07;1;26
17;2025-12-07;2;0
17;2025-12-07;3;0
17;2025-12-07;4;2
17;2025-12-07;5;107
17;2025-12-07;6;452
17;2025-12-07;7;899
17;2025-12-07;8;1278
17;2025-12-07;9;1698
17;2025-12-07;10;2128
17;2025-12-07;11;2723
17;2025-12-07;12;3007
17;2025-12-07;13;3240
17;2025-12-07;14;3391
17;2025-12-07;15;3333
17;2025-12-07;16;3216
17;2025-12-07;17;3035
17;2025-12-07;18;2602
17;2025-12-07;19;2085
17;2025-12-07;20;1571
17;2025-12-07;21;1184
17;2025-12-07;22;746
17;2025-12-07;23;331
17;2025-12-08;0;119
17;2025-12-08;1;14
17;2025-12-08;2;0
17;2025-12-08;3;0
17;2025-12-08;4;26
17;2025-12-08;5;314
17;2025-12-08;6;1534
17;2025-12-08;7;4225
17;2025-12-08;8;5163
17;2025-12-08;9;3660
17;2025-12-08;10;2967
17;2025-12-08;11;2938
17;2025-12-08;12;2946
17;2025-12-08;13;2994
17;2025-12-08;14;3127
17;2025-12-08;15;3225
17;2025-12-08;16;3601
17;2025-12-08;17;4379
17;2025-12-08;18;4647
17;2025-12-08;19;3085
17;2025-12-08;20;2244
17;2025-12-08;21;1430
17;2025-12-08;22;693
17;2025-12-08;23;358
17;2025-12-09;0;121
17;2025-12-09;1;14
17;2025-12-09;2;0
17;2025-12-09;3;0
17;2025-12-09;4;27
17;2025-12-09;5;319
17;2025-12-09;6;1566
17;2025-12-09;7;4275
17;2025-12-09;8;5192
17;2025-12-09;9;3703
17;2025-12-09;10;3018
17;2025-12-09;11;2980
17;2025-12-09;12;2982
17;2025-12-09;13;3020
17;2025-12-09;14;3154
17;2025-12-09;15;3268
17;2025-12-09;16;3649
17;2025-12-09;17;4411
17;2025-12-09;18;4680
17;2025-12-09;19;3127
17;2025-12-09;20;2352
17;2025-12-09;21;1462
17;2025-12-09;22;707
17;2025-12-09;23;365
17;2025-12-10;0;122
17;2025-12-10;1;14
17;2025-12-10;2;0
17;2025-12-10;3;0
17;2025-12-10;4;27
17;2025-12-10;5;320
17;2025-12-10;6;1569
17;2025-12-10;7;4308
17;2025-12-10;8;5235
17;2025-12-10;9;3726
17;2025-12-10;10;3031
17;2025-12-10;11;2999
17;2025-12-10;12;3014
17;2025-12-10;13;3056
17;2025-12-10;14;3188
17;2025-12-10;15;3280
17;2025-12-10;16;3659
17;2025-12-10;17;4448
17;2025-12-10;18;4724
17;2025-12-10;19;3163
17;2025-12-10;20;2393
17;2025-12-10;21;1493
17;2025-12-10;22;724
17;2025-12-10;23;376
17;2025-12-11;0;122
17;2025-12-11;1;14
17;2025-12-11;2;0
17;2025-12-11;3;0
17;2025-12-11;4;27
17;2025-12-11;5;320
17;2025-12-11;6;1577
17;2025-12-11;7;4327
17;2025-12-11;8;5266
17;2025-12-11;9;3735
17;2025-12-11;10;3050
17;2025-12-11;11;3009
17;2025-12-11;12;3022
17;2025-12-11;13;3064
17;2025-12-11;14;3188
17;2025-12-11;15;3303
17;2025-12-11;16;3687
17;2025-12-11;17;4476
17;2025-12-11;18;4739
17;2025-12-11;19;3181
17;2025-12-11;20;2363
17;2025-12-11;21;1473
17;2025-12-11;22;715
17;2025-12-11;23;372
17;2025-12-12;0;123
17;2025-12-12;1;14
17;2025-12-12;2;0
17;2025-12-12;3;0
17;2025-12-12;4;27
17;2025-12-12;5;324
17;2025-12-12;6;1573
17;2025-12-12;7;4321
17;2025-12-12;8;5223
17;2025-12-12;9;3751
17;2025-12-12;10;3057
17;2025-12-12;11;3008
17;2025-12-12;12;3012
17;2025-12-12;13;3059
17;2025-12-12;14;3202
17;2025-12-12;15;3290
17;2025-12-12;16;3648
17;2025-12-12;17;4343
17;2025-12-12;18;4457
17;2025-12-12;19;3029
17;2025-12-12;20;2350
17;2025-12-12;21;1494
17;2025-12-12;22;726
17;2025-12-12;23;377
17;2025-12-13;0;205
17;2025-12-13;1;32
17;2025-12-13;2;0
17;2025-12-13;3;0
17;2025-12-13;4;5
17;2025-12-13;5;134
17;2025-12-13;6;593
17;2025-12-13;7;1314
17;2025-12-13;8;1697
17;2025-12-13;9;2232
17;2025-12-13;10;2497
17;2025-12-13;11;2904
17;2025-12-13;12;3184
17;2025-12-13;13;3374
17;2025-12-13;14;3439
17;2025-12-13;15;3432
17;2025-12-13;16;3340
17;2025-12-13;17;3220
17;2025-12-13;18;2908
17;2025-12-13;19;2297
17;2025-12-13;20;1846
17;2025-12-13;21;1427
17;2025-12-13;22;888
17;2025-12-13;23;486
17;2025-12-14;0;196
17;2025-12-14;1;26
17;2025-12-14;2;0
17;2025-12-14;3;0
17;2025-12-14;4;2
17;2025-12-14;5;106
17;2025-12-14;6;448
17;2025-12-14;7;892
17;2025-12-14;8;1253
17;2025-12-14;9;1630
17;2025-12-14;10;2034
17;2025-12-14;11;2576
17;2025-12-14;12;2704
17;2025-12-14;13;2879
17;2025-12-14;14;3021
17;2025-12-14;15;2964
17;2025-12-14;16;3021
17;2025-12-14;17;2857
17;2025-12-14;18;2481
17;2025-12-14;19;2005
17;2025-12-14;20;1564
17;2025-12-14;21;1187
17;2025-12-14;22;750
17;2025-12-14;23;332
17;2025-12-15;0;120
17;2025-12-15;1;14
17;2025-12-15;2;0
17;2025-12-15;3;0
17;2025-12-15;4;26
17;2025-12-15;5;316
17;2025-12-15;6;1548
17;2025-12-15;7;4245
17;2025-12-15;8;5181
17;2025-12-15;9;3673
17;2025-12-15;10;2977
17;2025-12-15;11;2947
17;2025-12-15;12;2956
17;2025-12-15;13;3005
17;2025-12-15;14;3137
17;2025-12-15;15;3231
17;2025-12-15;16;3608
17;2025-12-15;17;4401
17;2025-12-15;18;4684
17;2025-12-15;19;3125
17;2025-12-15;20;2291
17;2025-12-15;21;1459
17;2025-12-15;22;707
17;2025-12-15;23;364
17;2025-12-16;0;124
17;2025-12-16;1;15
17;2025-12-16;2;0
17;2025-12-16;3;0
17;2025-12-16;4;27
17;2025-12-16;5;327
17;2025-12-16;6;1601
17;2025-12-16;7;4384
17;2025-12-16;8;5326
17;2025-12-16;9;3793
17;2025-12-16;10;3091
17;2025-12-16;11;3054
17;2025-12-16;12;3067
17;2025-12-16;13;3109
17;2025-12-16;14;3247
17;2025-12-16;15;3343
17;2025-12-16;16;3719
17;2025-12-16;17;4527
17;2025-12-16;18;4796
17;2025-12-16;19;3209
17;2025-12-16;20;2427
17;2025-12-16;21;1510
17;2025-12-16;22;731
17;2025-12-16;23;378
17;2025-12-17;0;125
17;2025-12-17;1;15
17;2025-12-17;2;0
17;2025-12-17;3;0
17;2025-12-17;4;27
17;2025-12-17;5;327
17;2025-12-17;6;1606
17;2025-12-17;7;4390
17;2025-12-17;8;5341
17;2025-12-17;9;3816
17;2025-12-17;10;3111
17;2025-12-17;11;3086
17;2025-12-17;12;3096
17;2025-12-17;13;3140
17;2025-12-17;14;3275
17;2025-12-17;15;3370
17;2025-12-17;16;3756
17;2025-12-17;17;4558
17;2025-12-17;18;4813
17;2025-12-17;19;3228
17;2025-12-17;20;2443
17;2025-12-17;21;1526
17;2025-12-17;22;740
17;2025-12-17;23;385
17;2025-12-18;0;126
17;2025-12-18;1;15
17;2025-12-18;2;0
17;2025-12-18;3;0
17;2025-12-18;4;27
17;2025-12-18;5;329
17;2025-12-18;6;1614
17;2025-12-18;7;4418
17;2025-12-18;8;5359
17;2025-12-18;9;3840
17;2025-12-18;10;3118
17;2025-12-18;11;3090
17;2025-12-18;12;3107
17;2025-12-18;13;3164
17;2025-12-18;14;3298
17;2025-12-18;15;3396
17;2025-12-18;16;3787
17;2025-12-18;17;4580
17;2025-12-18;18;4843
17;2025-12-18;19;3253
17;2025-12-18;20;2457
17;2025-12-18;21;1532
17;2025-12-18;22;743
17;2025-12-18;23;387
17;2025-12-19;0;126
17;2025-12-19;1;15
17;2025-12-19;2;0
17;2025-12-19;3;0
17;2025-12-19;4;27
17;2025-12-19;5;331
17;2025-12-19;6;1622
17;2025-12-19;7;4435
17;2025-12-19;8;5342
17;2025-12-19;9;3855
17;2025-12-19;10;3148
17;2025-12-19;11;3105
17;2025-12-19;12;3118
17;2025-12-19;13;3164
17;2025-12-19;14;3312
17;2025-12-19;15;3413
17;2025-12-19;16;3784
17;2025-12-19;17;4578
17;2025-12-19;18;4588
17;2025-12-19;19;3152
17;2025-12-19;20;2421
17;2025-12-19;21;1534
17;2025-12-19;22;747
17;2025-12-19;23;388
17;2025-12-20;0;212
17;2025-12-20;1;32
17;2025-12-20;2;0
17;2025-12-20;3;0
17;2025-12-20;4;5
17;2025-12-20;5;138
17;2025-12-20;6;615
17;2025-12-20;7;1367
17;2025-12-20;8;1839
17;2025-12-20;9;2442
17;2025-12-20;10;2773
17;2025-12-20;11;3268
17;2025-12-20;12;3600
17;2025-12-20;13;3842
17;2025-12-20;14;3918
17;2025-12-20;15;3931
17;2025-12-20;16;3800
17;2025-12-20;17;3611
17;2025-12-20;18;3223
17;2025-12-20;19;2528
17;2025-12-20;20;1980
17;2025-12-20;21;1471
17;2025-12-20;22;908
17;2025-12-20;23;501
17;2025-12-21;0;203
17;2025-12-21;1;27
17;2025-12-21;2;0
17;2025-12-21;3;0
17;2025-12-21;4;2
17;2025-12-21;5;109
17;2025-12-21;6;450
17;2025-12-21;7;916
17;2025-12-21;8;1305
17;2025-12-21;9;1698
17;2025-12-21;10;2026
17;2025-12-21;11;2553
17;2025-12-21;12;2802
17;2025-12-21;13;3018
17;2025-12-21;14;3151
17;2025-12-21;15;3103
17;2025-12-21;16;2999
17;2025-12-21;17;2839
17;2025-12-21;18;2456
17;2025-12-21;19;1971
17;2025-12-21;20;1598
17;2025-12-21;21;1223
17;2025-12-21;22;767
17;2025-12-21;23;340
17;2025-12-22;0;120
17;2025-12-22;1;14
17;2025-12-22;2;0
17;2025-12-22;3;0
17;2025-12-22;4;25
17;2025-12-22;5;315
17;2025-12-22;6;1542
17;2025-12-22;7;4248
17;2025-12-22;8;5188
17;2025-12-22;9;3660
17;2025-12-22;10;2971
17;2025-12-22;11;2929
17;2025-12-22;12;2928
17;2025-12-22;13;2952
17;2025-12-22;14;3070
17;2025-12-22;15;3178
17;2025-12-22;16;3543
17;2025-12-22;17;4327
17;2025-12-22;18;4625
17;2025-12-22;19;3073
17;2025-12-22;20;2263
17;2025-12-22;21;1453
17;2025-12-22;22;703
17;2025-12-22;23;361
17;2025-12-23;0;123
17;2025-12-23;1;14
17;2025-12-23;2;0
17;2025-12-23;3;0
17;2025-12-23;4;27
17;2025-12-23;5;323
17;2025-12-23;6;1563
17;2025-12-23;7;4266
17;2025-12-23;8;5168
17;2025-12-23;9;3701
17;2025-12-23;10;3027
17;2025-12-23;11;3006
17;2025-12-23;12;3014
17;2025-12-23;13;3050
17;2025-12-23;14;3192
17;2025-12-23;15;3290
17;2025-12-23;16;3661
17;2025-12-23;17;4447
17;2025-12-23;18;4712
17;2025-12-23;19;3166
17;2025-12-23;20;2392
17;2025-12-23;21;1487
17;2025-12-23;22;719
17;2025-12-23;23;372
17;2025-12-24;0;123
17;2025-12-24;1;14
17;2025-12-24;2;0
17;2025-12-24;3;0
17;2025-12-24;4;26
17;2025-12-24;5;322
17;2025-12-24;6;1574
17;2025-12-24;7;4287
17;2025-12-24;8;5213
17;2025-12-24;9;3726
17;2025-12-24;10;3034
17;2025-12-24;11;3005
17;2025-12-24;12;3018
17;2025-12-24;13;3041
17;2025-12-24;14;3171
17;2025-12-24;15;3274
17;2025-12-24;16;3652
17;2025-12-24;17;4440
17;2025-12-24;18;4699
17;2025-12-24;19;3148
17;2025-12-24;20;2383
17;2025-12-24;21;1487
17;2025-12-24;22;722
17;2025-12-24;23;376
17;2025-12-25;0;124
17;2025-12-25;1;14
17;2025-12-25;2;0
17;2025-12-25;3;0
17;2025-12-25;4;27
17;2025-12-25;5;325
17;2025-12-25;6;1598
17;2025-12-25;7;4347
17;2025-12-25;8;5272
17;2025-12-25;9;3764
17;2025-12-25;10;3064
17;2025-12-25;11;3030
17;2025-12-25;12;3043
17;2025-12-25;13;3086
17;2025-12-25;14;3205
17;2025-12-25;15;3300
17;2025-12-25;16;3682
17;2025-12-25;17;4440
17;2025-12-25;18;4724
17;2025-12-25;19;3159
17;2025-12-25;20;2407
17;2025-12-25;21;1497
17;2025-12-25;22;733
17;2025-12-25;23;381
17;2025-12-26;0;122
17;2025-12-26;1;14
17;2025-12-26;2;0
17;2025-12-26;3;0
17;2025-12-26;4;26
17;2025-12-26;5;322
17;2025-12-26;6;1562
17;2025-12-26;7;4234
17;2025-12-26;8;5104
17;2025-12-26;9;3644
17;2025-12-26;10;2972
17;2025-12-26;11;2910
17;2025-12-26;12;2916
17;2025-12-26;13;2957
17;2025-12-26;14;3089
17;2025-12-26;15;3180
17;2025-12-26;16;3536
17;2025-12-26;17;4271
17;2025-12-26;18;4449
17;2025-12-26;19;3024
17;2025-12-26;20;2302
17;2025-12-26;21;1490
17;2025-12-26;22;724
17;2025-12-26;23;377
17;2025-12-27;0;199
17;2025-12-27;1;31
17;2025-12-27;2;0
17;2025-12-27;3;0
17;2025-12-27;4;5
17;2025-12-27;5;130
17;2025-12-27;6;575
17;2025-12-27;7;1282
17;2025-12-27;8;1700
17;2025-12-27;9;2244
17;2025-12-27;10;2538
17;2025-12-27;11;2963
17;2025-12-27;12;3246
17;2025-12-27;13;3462
17;2025-12-27;14;3543
17;2025-12-27;15;3531
17;2025-12-27;16;3437
17;2025-12-27;17;3267
17;2025-12-27;18;2936
17;2025-12-27;19;2308
17;2025-12-27;20;1839
17;2025-12-27;21;1397
17;2025-12-27;22;846
17;2025-12-27;23;473
17;2025-12-28;0;193
17;2025-12-28;1;26
17;2025-12-28;2;0
17;2025-12-28;3;0
17;2025-12-28;4;2
17;2025-12-28;5;102
17;2025-12-28;6;434
17;2025-12-28;7;846
17;2025-12-28;8;1192
17;2025-12-28;9;1543
17;2025-12-28;10;1928
17;2025-12-28;11;2424
17;2025-12-28;12;2671
17;2025-12-28;13;2867
17;2025-12-28;14;3018
17;2025-12-28;15;2961
17;2025-12-28;16;2863
17;2025-12-28;17;2710
17;2025-12-28;18;2347
17;2025-12-28;19;1891
17;2025-12-28;20;1494
17;2025-12-28;21;1152
17;2025-12-28;22;727
17;2025-12-28;23;321
17;2025-12-29;0;115
17;2025-12-29;1;13
17;2025-12-29;2;0
17;2025-12-29;3;0
17;2025-12-29;4;24
17;2025-12-29;5;301
17;2025-12-29;6;1476
17;2025-12-29;7;4046
17;2025-12-29;8;4947
17;2025-12-29;9;3491
17;2025-12-29;10;2835
17;2025-12-29;11;2799
17;2025-12-29;12;2808
17;2025-12-29;13;2855
17;2025-12-29;14;2974
17;2025-12-29;15;3063
17;2025-12-29;16;3424
17;2025-12-29;17;4191
17;2025-12-29;18;4465
17;2025-12-29;19;2964
17;2025-12-29;20;2183
17;2025-12-29;21;1392
17;2025-12-29;22;673
17;2025-12-29;23;347
17;2025-12-30;0;119
17;2025-12-30;1;13
17;2025-12-30;2;0
17;2025-12-30;3;0
17;2025-12-30;4;26
17;2025-12-30;5;310
17;2025-12-30;6;1520
17;2025-12-30;7;4156
17;2025-12-30;8;5042
17;2025-12-30;9;3586
17;2025-12-30;10;2935
17;2025-12-30;11;2906
17;2025-12-30;12;2913
17;2025-12-30;13;2955
17;2025-12-30;14;3084
17;2025-12-30;15;3178
17;2025-12-30;16;3541
17;2025-12-30;17;4300
17;2025-12-30;18;4428
17;2025-12-30;19;2985
17;2025-12-30;20;2273
17;2025-12-30;21;1431
17;2025-12-30;22;694
17;2025-12-30;23;358
17;2025-12-31;0;196
17;2025-12-31;1;26
17;2025-12-31;2;0
17;2025-12-31;3;0
17;2025-12-31;4;2
17;2025-12-31;5;104
17;2025-12-31;6;446
17;2025-12-31;7;890
17;2025-12-31;8;1227
17;2025-12-31;9;1641
17;2025-12-31;10;2017
17;2025-12-31;11;2549
17;2025-12-31;12;2828
17;2025-12-31;13;3046
17;2025-12-31;14;3228
17;2025-12-31;15;3160
17;2025-12-31;16;3032
17;2025-12-31;17;2894
17;2025-12-31;18;2504
17;2025-12-31;19;2010
17;2025-12-31;20;1564
17;2025-12-31;21;1180
17;2025-12-31;22;743
17;2025-12-31;23;326
25;2025-11-01;0;4
25;2025-11-01;1;0
25;2025-11-01;2;0
25;2025-11-01;3;0
25;2025-11-01;4;0
25;2025-11-01;5;16
25;2025-11-01;6;243
25;2025-11-01;7;520
25;2025-11-01;8;850
25;2025-11-01;9;449
25;2025-11-01;10;367
25;2025-11-01;11;428
25;2025-11-01;12;418
25;2025-11-01;13;523
25;2025-11-01;14;462
25;2025-11-01;15;542
25;2025-11-01;16;638
25;2025-11-01;17;710
25;2025-11-01;18;682
25;2025-11-01;19;560
25;2025-11-01;20;304
25;2025-11-01;21;211
25;2025-11-01;22;86
25;2025-11-01;23;7
25;2025-11-02;0;16
25;2025-11-02;1;0
25;2025-11-02;2;0
25;2025-11-02;3;0
25;2025-11-02;4;0
25;2025-11-02;5;9
25;2025-11-02;6;102
25;2025-11-02;7;104
25;2025-11-02;8;202
25;2025-11-02;9;216
25;2025-11-02;10;235
25;2025-11-02;11;342
25;2025-11-02;12;404
25;2025-11-02;13;527
25;2025-11-02;14;644
25;2025-11-02;15;714
25;2025-11-02;16;597
25;2025-11-02;17;593
25;2025-11-02;18;452
25;2025-11-02;19;308
25;2025-11-02;20;240
25;2025-11-02;21;149
25;2025-11-02;22;95
25;2025-11-02;23;37
25;2025-11-03;0;15
25;2025-11-03;1;0
25;2025-11-03;2;0
25;2025-11-03;3;0
25;2025-11-03;4;0
25;2025-11-03;5;9
25;2025-11-03;6;100
25;2025-11-03;7;101
25;2025-11-03;8;199
25;2025-11-03;9;208
25;2025-11-03;10;226
25;2025-11-03;11;321
25;2025-11-03;12;382
25;2025-11-03;13;508
25;2025-11-03;14;621
25;2025-11-03;15;691
25;2025-11-03;16;573
25;2025-11-03;17;576
25;2025-11-03;18;430
25;2025-11-03;19;300
25;2025-11-03;20;232
25;2025-11-03;21;144
25;2025-11-03;22;92
25;2025-11-03;23;37
25;2025-11-04;0;16
25;2025-11-04;1;0
25;2025-11-04;2;0
25;2025-11-04;3;0
25;2025-11-04;4;0
25;2025-11-04;5;9
25;2025-11-04;6;101
25;2025-11-04;7;103
25;2025-11-04;8;202
25;2025-11-04;9;212
25;2025-11-04;10;231
25;2025-11-04;11;332
25;2025-11-04;12;389
25;2025-11-04;13;524
25;2025-11-04;14;651
25;2025-11-04;15;724
25;2025-11-04;16;595
25;2025-11-04;17;587
25;2025-11-04;18;441
25;2025-11-04;19;308
25;2025-11-04;20;238
25;2025-11-04;21;148
25;2025-11-04;22;94
25;2025-11-04;23;38
25;2025-11-05;0;4
25;2025-11-05;1;0
25;2025-11-05;2;0
25;2025-11-05;3;0
25;2025-11-05;4;0
25;2025-11-05;5;17
25;2025-11-05;6;260
25;2025-11-05;7;552
25;2025-11-05;8;915
25;2025-11-05;9;475
25;2025-11-05;10;402
25;2025-11-05;11;460
25;2025-11-05;12;451
25;2025-11-05;13;568
25;2025-11-05;14;505
25;2025-11-05;15;590
25;2025-11-05;16;697
25;2025-11-05;17;786
25;2025-11-05;18;770
25;2025-11-05;19;603
25;2025-11-05;20;326
25;2025-11-05;21;225
25;2025-11-05;22;92
25;2025-11-05;23;8
25;2025-11-06;0;4
25;2025-11-06;1;0
25;2025-11-06;2;0
25;2025-11-06;3;0
25;2025-11-06;4;0
25;2025-11-06;5;17
25;2025-11-06;6;258
25;2025-11-06;7;547
25;2025-11-06;8;904
25;2025-11-06;9;473
25;2025-11-06;10;399
25;2025-11-06;11;458
25;2025-11-06;12;451
25;2025-11-06;13;565
25;2025-11-06;14;500
25;2025-11-06;15;577
25;2025-11-06;16;683
25;2025-11-06;17;776
25;2025-11-06;18;760
25;2025-11-06;19;593
25;2025-11-06;20;321
25;2025-11-06;21;223
25;2025-11-06;22;91
25;2025-11-06;23;8
25;2025-11-07;0;4
25;2025-11-07;1;0
25;2025-11-07;2;0
25;2025-11-07;3;0
25;2025-11-07;4;0
25;2025-11-07;5;18
25;2025-11-07;6;269
25;2025-11-07;7;566
25;2025-11-07;8;931
25;2025-11-07;9;484
25;2025-11-07;10;417
25;2025-11-07;11;481
25;2025-11-07;12;470
25;2025-11-07;13;587
25;2025-11-07;14;519
25;2025-11-07;15;609
25;2025-11-07;16;712
25;2025-11-07;17;800
25;2025-11-07;18;745
25;2025-11-07;19;600
25;2025-11-07;20;331
25;2025-11-07;21;229
25;2025-11-07;22;94
25;2025-11-07;23;9
25;2025-11-08;0;0
25;2025-11-08;1;0
25;2025-11-08;2;0
25;2025-11-08;3;0
25;2025-11-08;4;0
25;2025-11-08;5;17
25;2025-11-08;6;132
25;2025-11-08;7;135
25;2025-11-08;8;305
25;2025-11-08;9;287
25;2025-11-08;10;312
25;2025-11-08;11;384
25;2025-11-08;12;428
25;2025-11-08;13;679
25;2025-11-08;14;689
25;2025-11-08;15;815
25;2025-11-08;16;764
25;2025-11-08;17;620
25;2025-11-08;18;516
25;2025-11-08;19;428
25;2025-11-08;20;258
25;2025-11-08;21;189
25;2025-11-08;22;113
25;2025-11-08;23;41
25;2025-11-09;0;15
25;2025-11-09;1;0
25;2025-11-09;2;0
25;2025-11-09;3;0
25;2025-11-09;4;0
25;2025-11-09;5;9
25;2025-11-09;6;100
25;2025-11-09;7;102
25;2025-11-09;8;204
25;2025-11-09;9;216
25;2025-11-09;10;234
25;2025-11-09;11;343
25;2025-11-09;12;406
25;2025-11-09;13;531
25;2025-11-09;14;645
25;2025-11-09;15;716
25;2025-11-09;16;603
25;2025-11-09;17;596
25;2025-11-09;18;452
25;2025-11-09;19;311
25;2025-11-09;20;236
25;2025-11-09;21;146
25;2025-11-09;22;93
25;2025-11-09;23;37
25;2025-11-10;0;4
25;2025-11-10;1;0
25;2025-11-10;2;0
25;2025-11-10;3;0
25;2025-11-10;4;0
25;2025-11-10;5;17
25;2025-11-10;6;255
25;2025-11-10;7;543
25;2025-11-10;8;909
25;2025-11-10;9;464
25;2025-11-10;10;391
25;2025-11-10;11;452
25;2025-11-10;12;443
25;2025-11-10;13;560
25;2025-11-10;14;494
25;2025-11-10;15;577
25;2025-11-10;16;683
25;2025-11-10;17;785
25;2025-11-10;18;772
25;2025-11-10;19;596
25;2025-11-10;20;322
25;2025-11-10;21;221
25;2025-11-10;22;89
25;2025-11-10;23;8
25;2025-11-11;0;4
25;2025-11-11;1;0
25;2025-11-11;2;0
25;2025-11-11;3;0
25;2025-11-11;4;0
25;2025-11-11;5;18
25;2025-11-11;6;264
25;2025-11-11;7;560
25;2025-11-11;8;932
25;2025-11-11;9;481
25;2025-11-11;10;409
25;2025-11-11;11;472
25;2025-11-11;12;464
25;2025-11-11;13;581
25;2025-11-11;14;513
25;2025-11-11;15;598
25;2025-11-11;16;705
25;2025-11-11;17;805
25;2025-11-11;18;789
25;2025-11-11;19;615
25;2025-11-11;20;332
25;2025-11-11;21;228
25;2025-11-11;22;92
25;2025-11-11;23;9
25;2025-11-12;0;4
25;2025-11-12;1;0
25;2025-11-12;2;0
25;2025-11-12;3;0
25;2025-11-12;4;0
25;2025-11-12;5;17
25;2025-11-12;6;261
25;2025-11-12;7;552
25;2025-11-12;8;920
25;2025-11-12;9;475
25;2025-11-12;10;404
25;2025-11-12;11;464
25;2025-11-12;12;454
25;2025-11-12;13;571
25;2025-11-12;14;505
25;2025-11-12;15;587
25;2025-11-12;16;694
25;2025-11-12;17;792
25;2025-11-12;18;778
25;2025-11-12;19;604
25;2025-11-12;20;328
25;2025-11-12;21;227
25;2025-11-12;22;92
25;2025-11-12;23;8
25;2025-11-13;0;4
25;2025-11-13;1;0
25;2025-11-13;2;0
25;2025-11-13;3;0
25;2025-11-13;4;0
25;2025-11-13;5;17
25;2025-11-13;6;262
25;2025-11-13;7;555
25;2025-11-13;8;927
25;2025-11-13;9;481
25;2025-11-13;10;406
25;2025-11-13;11;470
25;2025-11-13;12;461
25;2025-11-13;13;576
25;2025-11-13;14;508
25;2025-11-13;15;591
25;2025-11-13;16;695
25;2025-11-13;17;792
25;2025-11-13;18;777
25;2025-11-13;19;604
25;2025-11-13;20;327
25;2025-11-13;21;226
25;2025-11-13;22;92
25;2025-11-13;23;8
25;2025-11-14;0;4
25;2025-11-14;1;0
25;2025-11-14;2;0
25;2025-11-14;3;0
25;2025-11-14;4;0
25;2025-11-14;5;18
25;2025-11-14;6;262
25;2025-11-14;7;553
25;2025-11-14;8;891
25;2025-11-14;9;475
25;2025-11-14;10;405
25;2025-11-14;11;470
25;2025-11-14;12;460
25;2025-11-14;13;575
25;2025-11-14;14;508
25;2025-11-14;15;596
25;2025-11-14;16;697
25;2025-11-14;17;767
25;2025-11-14;18;726
25;2025-11-14;19;599
25;2025-11-14;20;329
25;2025-11-14;21;227
25;2025-11-14;22;93
25;2025-11-14;23;8
25;2025-11-15;0;0
25;2025-11-15;1;0
25;2025-11-15;2;0
25;2025-11-15;3;0
25;2025-11-15;4;0
25;2025-11-15;5;17
25;2025-11-15;6;129
25;2025-11-15;7;131
25;2025-11-15;8;294
25;2025-11-15;9;277
25;2025-11-15;10;299
25;2025-11-15;11;363
25;2025-11-15;12;406
25;2025-11-15;13;654
25;2025-11-15;14;655
25;2025-11-15;15;785
25;2025-11-15;16;733
25;2025-11-15;17;581
25;2025-11-15;18;490
25;2025-11-15;19;413
25;2025-11-15;20;253
25;2025-11-15;21;186
25;2025-11-15;22;111
25;2025-11-15;23;41
25;2025-11-16;0;15
25;2025-11-16;1;0
25;2025-11-16;2;0
25;2025-11-16;3;0
25;2025-11-16;4;0
25;2025-11-16;5;9
25;2025-11-16;6;100
25;2025-11-16;7;102
25;2025-11-16;8;204
25;2025-11-16;9;215
25;2025-11-16;10;235
25;2025-11-16;11;343
25;2025-11-16;12;406
25;2025-11-16;13;533
25;2025-11-16;14;645
25;2025-11-16;15;720
25;2025-11-16;16;599
25;2025-11-16;17;591
25;2025-11-16;18;452
25;2025-11-16;19;313
25;2025-11-16;20;240
25;2025-11-16;21;147
25;2025-11-16;22;95
25;2025-11-16;23;37
25;2025-11-17;0;4
25;2025-11-17;1;0
25;2025-11-17;2;0
25;2025-11-17;3;0
25;2025-11-17;4;0
25;2025-11-17;5;17
25;2025-11-17;6;257
25;2025-11-17;7;539
25;2025-11-17;8;902
25;2025-11-17;9;460
25;2025-11-17;10;389
25;2025-11-17;11;447
25;2025-11-17;12;439
25;2025-11-17;13;552
25;2025-11-17;14;488
25;2025-11-17;15;569
25;2025-11-17;16;674
25;2025-11-17;17;775
25;2025-11-17;18;766
25;2025-11-17;19;599
25;2025-11-17;20;326
25;2025-11-17;21;224
25;2025-11-17;22;91
25;2025-11-17;23;8
25;2025-11-18;0;4
25;2025-11-18;1;0
25;2025-11-18;2;0
25;2025-11-18;3;0
25;2025-11-18;4;0
25;2025-11-18;5;18
25;2025-11-18;6;256
25;2025-11-18;7;537
25;2025-11-18;8;884
25;2025-11-18;9;456
25;2025-11-18;10;385
25;2025-11-18;11;447
25;2025-11-18;12;436
25;2025-11-18;13;546
25;2025-11-18;14;482
25;2025-11-18;15;563
25;2025-11-18;16;667
25;2025-11-18;17;758
25;2025-11-18;18;747
25;2025-11-18;19;585
25;2025-11-18;20;320
25;2025-11-18;21;220
25;2025-11-18;22;89
25;2025-11-18;23;8
25;2025-11-19;0;4
25;2025-11-19;1;0
25;2025-11-19;2;0
25;2025-11-19;3;0
25;2025-11-19;4;0
25;2025-11-19;5;18
25;2025-11-19;6;266
25;2025-11-19;7;564
25;2025-11-19;8;938
25;2025-11-19;9;482
25;2025-11-19;10;407
25;2025-11-19;11;471
25;2025-11-19;12;463
25;2025-11-19;13;582
25;2025-11-19;14;513
25;2025-11-19;15;597
25;2025-11-19;16;706
25;2025-11-19;17;806
25;2025-11-19;18;791
25;2025-11-19;19;619
25;2025-11-19;20;339
25;2025-11-19;21;235
25;2025-11-19;22;95
25;2025-11-19;23;9
25;2025-11-20;0;4
25;2025-11-20;1;0
25;2025-11-20;2;0
25;2025-11-20;3;0
25;2025-11-20;4;0
25;2025-11-20;5;18
25;2025-11-20;6;266
25;2025-11-20;7;562
25;2025-11-20;8;937
25;2025-11-20;9;487
25;2025-11-20;10;412
25;2025-11-20;11;475
25;2025-11-20;12;466
25;2025-11-20;13;583
25;2025-11-20;14;514
25;2025-11-20;15;599
25;2025-11-20;16;708
25;2025-11-20;17;810
25;2025-11-20;18;793
25;2025-11-20;19;618
25;2025-11-20;20;335
25;2025-11-20;21;231
25;2025-11-20;22;94
25;2025-11-20;23;8
25;2025-11-21;0;4
25;2025-11-21;1;0
25;2025-11-21;2;0
25;2025-11-21;3;0
25;2025-11-21;4;0
25;2025-11-21;5;18
25;2025-11-21;6;269
25;2025-11-21;7;567
25;2025-11-21;8;922
25;2025-11-21;9;486
25;2025-11-21;10;414
25;2025-11-21;11;479
25;2025-11-21;12;468
25;2025-11-21;13;587
25;2025-11-21;14;520
25;2025-11-21;15;606
25;2025-11-21;16;708
25;2025-11-21;17;789
25;2025-11-21;18;744
25;2025-11-21;19;611
25;2025-11-21;20;338
25;2025-11-21;21;235
25;2025-11-21;22;96
25;2025-11-21;23;10
25;2025-11-22;0;0
25;2025-11-22;1;0
25;2025-11-22;2;0
25;2025-11-22;3;0
25;2025-11-22;4;0
25;2025-11-22;5;18
25;2025-11-22;6;133
25;2025-11-22;7;138
25;2025-11-22;8;312
25;2025-11-22;9;294
25;2025-11-22;10;320
25;2025-11-22;11;390
25;2025-11-22;12;437
25;2025-11-22;13;696
25;2025-11-22;14;699
25;2025-11-22;15;833
25;2025-11-22;16;781
25;2025-11-22;17;622
25;2025-11-22;18;521
25;2025-11-22;19;436
25;2025-11-22;20;263
25;2025-11-22;21;188
25;2025-11-22;22;114
25;2025-11-22;23;41
25;2025-11-23;0;15
25;2025-11-23;1;0
25;2025-11-23;2;0
25;2025-11-23;3;0
25;2025-11-23;4;0
25;2025-11-23;5;9
25;2025-11-23;6;100
25;2025-11-23;7;102
25;2025-11-23;8;205
25;2025-11-23;9;217
25;2025-11-23;10;236
25;2025-11-23;11;346
25;2025-11-23;12;408
25;2025-11-23;13;536
25;2025-11-23;14;651
25;2025-11-23;15;723
25;2025-11-23;16;603
25;2025-11-23;17;598
25;2025-11-23;18;457
25;2025-11-23;19;316
25;2025-11-23;20;242
25;2025-11-23;21;149
25;2025-11-23;22;95
25;2025-11-23;23;38
25;2025-11-24;0;4
25;2025-11-24;1;0
25;2025-11-24;2;0
25;2025-11-24;3;0
25;2025-11-24;4;0
25;2025-11-24;5;17
25;2025-11-24;6;250
25;2025-11-24;7;525
25;2025-11-24;8;877
25;2025-11-24;9;449
25;2025-11-24;10;376
25;2025-11-24;11;433
25;2025-11-24;12;423
25;2025-11-24;13;535
25;2025-11-24;14;471
25;2025-11-24;15;552
25;2025-11-24;16;651
25;2025-11-24;17;749
25;2025-11-24;18;741
25;2025-11-24;19;573
25;2025-11-24;20;312
25;2025-11-24;21;214
25;2025-11-24;22;86
25;2025-11-24;23;8
25;2025-11-25;0;4
25;2025-11-25;1;0
25;2025-11-25;2;0
25;2025-11-25;3;0
25;2025-11-25;4;0
25;2025-11-25;5;17
25;2025-11-25;6;260
25;2025-11-25;7;550
25;2025-11-25;8;916
25;2025-11-25;9;473
25;2025-11-25;10;402
25;2025-11-25;11;464
25;2025-11-25;12;455
25;2025-11-25;13;571
25;2025-11-25;14;504
25;2025-11-25;15;589
25;2025-11-25;16;692
25;2025-11-25;17;790
25;2025-11-25;18;775
25;2025-11-25;19;609
25;2025-11-25;20;331
25;2025-11-25;21;228
25;2025-11-25;22;93
25;2025-11-25;23;9
25;2025-11-26;0;4
25;2025-11-26;1;0
25;2025-11-26;2;0
25;2025-11-26;3;0
25;2025-11-26;4;0
25;2025-11-26;5;17
25;2025-11-26;6;259
25;2025-11-26;7;548
25;2025-11-26;8;911
25;2025-11-26;9;469
25;2025-11-26;10;398
25;2025-11-26;11;456
25;2025-11-26;12;446
25;2025-11-26;13;561
25;2025-11-26;14;495
25;2025-11-26;15;576
25;2025-11-26;16;682
25;2025-11-26;17;780
25;2025-11-26;18;772
25;2025-11-26;19;602
25;2025-11-26;20;330
25;2025-11-26;21;228
25;2025-11-26;22;93
25;2025-11-26;23;9
25;2025-11-27;0;4
25;2025-11-27;1;0
25;2025-11-27;2;0
25;2025-11-27;3;0
25;2025-11-27;4;0
25;2025-11-27;5;17
25;2025-11-27;6;260
25;2025-11-27;7;553
25;2025-11-27;8;923
25;2025-11-27;9;475
25;2025-11-27;10;401
25;2025-11-27;11;462
25;2025-11-27;12;452
25;2025-11-27;13;567
25;2025-11-27;14;501
25;2025-11-27;15;584
25;2025-11-27;16;688
25;2025-11-27;17;791
25;2025-11-27;18;774
25;2025-11-27;19;602
25;2025-11-27;20;326
25;2025-11-27;21;225
25;2025-11-27;22;92
25;2025-11-27;23;8
25;2025-11-28;0;4
25;2025-11-28;1;0
25;2025-11-28;2;0
25;2025-11-28;3;0
25;2025-11-28;4;0
25;2025-11-28;5;17
25;2025-11-28;6;262
25;2025-11-28;7;555
25;2025-11-28;8;918
25;2025-11-28;9;476
25;2025-11-28;10;407
25;2025-11-28;11;472
25;2025-11-28;12;459
25;2025-11-28;13;579
25;2025-11-28;14;512
25;2025-11-28;15;598
25;2025-11-28;16;703
25;2025-11-28;17;789
25;2025-11-28;18;743
25;2025-11-28;19;597
25;2025-11-28;20;327
25;2025-11-28;21;227
25;2025-11-28;22;93
25;2025-11-28;23;8
25;2025-11-29;0;0
25;2025-11-29;1;0
25;2025-11-29;2;0
25;2025-11-29;3;0
25;2025-11-29;4;0
25;2025-11-29;5;18
25;2025-11-29;6;134
25;2025-11-29;7;135
25;2025-11-29;8;307
25;2025-11-29;9;291
25;2025-11-29;10;316
25;2025-11-29;11;386
25;2025-11-29;12;434
25;2025-11-29;13;689
25;2025-11-29;14;694
25;2025-11-29;15;827
25;2025-11-29;16;777
25;2025-11-29;17;622
25;2025-11-29;18;520
25;2025-11-29;19;434
25;2025-11-29;20;261
25;2025-11-29;21;191
25;2025-11-29;22;115
25;2025-11-29;23;41
25;2025-11-30;0;15
25;2025-11-30;1;0
25;2025-11-30;2;0
25;2025-11-30;3;0
25;2025-11-30;4;0
25;2025-11-30;5;9
25;2025-11-30;6;100
25;2025-11-30;7;101
25;2025-11-30;8;203
25;2025-11-30;9;215
25;2025-11-30;10;234
25;2025-11-30;11;343
25;2025-11-30;12;406
25;2025-11-30;13;533
25;2025-11-30;14;645
25;2025-11-30;15;717
25;2025-11-30;16;598
25;2025-11-30;17;594
25;2025-11-30;18;451
25;2025-11-30;19;310
25;2025-11-30;20;236
25;2025-11-30;21;146
25;2025-11-30;22;93
25;2025-11-30;23;37
25;2025-12-01;0;4
25;2025-12-01;1;0
25;2025-12-01;2;0
25;2025-12-01;3;0
25;2025-12-01;4;0
25;2025-12-01;5;17
25;2025-12-01;6;250
25;2025-12-01;7;530
25;2025-12-01;8;886
25;2025-12-01;9;454
25;2025-12-01;10;383
25;2025-12-01;11;442
25;2025-12-01;12;433
25;2025-12-01;13;547
25;2025-12-01;14;482
25;2025-12-01;15;563
25;2025-12-01;16;665
25;2025-12-01;17;764
25;2025-12-01;18;752
25;2025-12-01;19;582
25;2025-12-01;20;313
25;2025-12-01;21;216
25;2025-12-01;22;86
25;2025-12-01;23;8
25;2025-12-02;0;4
25;2025-12-02;1;0
25;2025-12-02;2;0
25;2025-12-02;3;0
25;2025-12-02;4;0
25;2025-12-02;5;17
25;2025-12-02;6;257
25;2025-12-02;7;545
25;2025-12-02;8;910
25;2025-12-02;9;468
25;2025-12-02;10;398
25;2025-12-02;11;461
25;2025-12-02;12;451
25;2025-12-02;13;566
25;2025-12-02;14;499
25;2025-12-02;15;583
25;2025-12-02;16;687
25;2025-12-02;17;785
25;2025-12-02;18;769
25;2025-12-02;19;599
25;2025-12-02;20;324
25;2025-12-02;21;223
25;2025-12-02;22;90
25;2025-12-02;23;9
25;2025-12-03;0;4
25;2025-12-03;1;0
25;2025-12-03;2;0
25;2025-12-03;3;0
25;2025-12-03;4;0
25;2025-12-03;5;18
25;2025-12-03;6;258
25;2025-12-03;7;547
25;2025-12-03;8;911
25;2025-12-03;9;470
25;2025-12-03;10;399
25;2025-12-03;11;462
25;2025-12-03;12;452
25;2025-12-03;13;567
25;2025-12-03;14;500
25;2025-12-03;15;582
25;2025-12-03;16;688
25;2025-12-03;17;786
25;2025-12-03;18;771
25;2025-12-03;19;597
25;2025-12-03;20;324
25;2025-12-03;21;224
25;2025-12-03;22;91
25;2025-12-03;23;9
25;2025-12-04;0;4
25;2025-12-04;1;0
25;2025-12-04;2;0
25;2025-12-04;3;0
25;2025-12-04;4;0
25;2025-12-04;5;18
25;2025-12-04;6;258
25;2025-12-04;7;547
25;2025-12-04;8;911
25;2025-12-04;9;472
25;2025-12-04;10;399
25;2025-12-04;11;461
25;2025-12-04;12;452
25;2025-12-04;13;567
25;2025-12-04;14;500
25;2025-12-04;15;582
25;2025-12-04;16;686
25;2025-12-04;17;785
25;2025-12-04;18;770
25;2025-12-04;19;599
25;2025-12-04;20;324
25;2025-12-04;21;224
25;2025-12-04;22;91
25;2025-12-04;23;9
25;2025-12-05;0;4
25;2025-12-05;1;0
25;2025-12-05;2;0
25;2025-12-05;3;0
25;2025-12-05;4;0
25;2025-12-05;5;17
25;2025-12-05;6;260
25;2025-12-05;7;552
25;2025-12-05;8;903
25;2025-12-05;9;475
25;2025-12-05;10;404
25;2025-12-05;11;469
25;2025-12-05;12;459
25;2025-12-05;13;577
25;2025-12-05;14;510
25;2025-12-05;15;596
25;2025-12-05;16;698
25;2025-12-05;17;778
25;2025-12-05;18;729
25;2025-12-05;19;592
25;2025-12-05;20;325
25;2025-12-05;21;225
25;2025-12-05;22;91
25;2025-12-05;23;9
25;2025-12-06;0;0
25;2025-12-06;1;0
25;2025-12-06;2;0
25;2025-12-06;3;0
25;2025-12-06;4;0
25;2025-12-06;5;18
25;2025-12-06;6;133
25;2025-12-06;7;135
25;2025-12-06;8;308
25;2025-12-06;9;292
25;2025-12-06;10;316
25;2025-12-06;11;387
25;2025-12-06;12;436
25;2025-12-06;13;693
25;2025-12-06;14;697
25;2025-12-06;15;832
25;2025-12-06;16;779
25;2025-12-06;17;623
25;2025-12-06;18;520
25;2025-12-06;19;434
25;2025-12-06;20;262
25;2025-12-06;21;191
25;2025-12-06;22;114
25;2025-12-06;23;42
25;2025-12-07;0;15
25;2025-12-07;1;0
25;2025-12-07;2;0
25;2025-12-07;3;0
25;2025-12-07;4;0
25;2025-12-07;5;9
25;2025-12-07;6;100
25;2025-12-07;7;102
25;2025-12-07;8;205
25;2025-12-07;9;217
25;2025-12-07;10;236
25;2025-12-07;11;345
25;2025-12-07;12;408
25;2025-12-07;13;536
25;2025-12-07;14;651
25;2025-12-07;15;725
25;2025-12-07;16;603
25;2025-12-07;17;600
25;2025-12-07;18;456
25;2025-12-07;19;313
25;2025-12-07;20;238
25;2025-12-07;21;148
25;2025-12-07;22;94
25;2025-12-07;23;38
25;2025-12-08;0;4
25;2025-12-08;1;0
25;2025-12-08;2;0
25;2025-12-08;3;0
25;2025-12-08;4;0
25;2025-12-08;5;17
25;2025-12-08;6;254
25;2025-12-08;7;539
25;2025-12-08;8;903
25;2025-12-08;9;462
25;2025-12-08;10;390
25;2025-12-08;11;449
25;2025-12-08;12;439
25;2025-12-08;13;554
25;2025-12-08;14;490
25;2025-12-08;15;574
25;2025-12-08;16;677
25;2025-12-08;17;775
25;2025-12-08;18;763
25;2025-12-08;19;592
25;2025-12-08;20;319
25;2025-12-08;21;220
25;2025-12-08;22;88
25;2025-12-08;23;8
25;2025-12-09;0;4
25;2025-12-09;1;0
25;2025-12-09;2;0
25;2025-12-09;3;0
25;2025-12-09;4;0
25;2025-12-09;5;17
25;2025-12-09;6;258
25;2025-12-09;7;542
25;2025-12-09;8;904
25;2025-12-09;9;465
25;2025-12-09;10;397
25;2025-12-09;11;456
25;2025-12-09;12;445
25;2025-12-09;13;559
25;2025-12-09;14;494
25;2025-12-09;15;576
25;2025-12-09;16;682
25;2025-12-09;17;777
25;2025-12-09;18;764
25;2025-12-09;19;599
25;2025-12-09;20;325
25;2025-12-09;21;225
25;2025-12-09;22;90
25;2025-12-09;23;8
25;2025-12-10;0;4
25;2025-12-10;1;0
25;2025-12-10;2;0
25;2025-12-10;3;0
25;2025-12-10;4;0
25;2025-12-10;5;17
25;2025-12-10;6;261
25;2025-12-10;7;547
25;2025-12-10;8;909
25;2025-12-10;9;469
25;2025-12-10;10;400
25;2025-12-10;11;461
25;2025-12-10;12;450
25;2025-12-10;13;564
25;2025-12-10;14;497
25;2025-12-10;15;577
25;2025-12-10;16;682
25;2025-12-10;17;783
25;2025-12-10;18;773
25;2025-12-10;19;601
25;2025-12-10;20;331
25;2025-12-10;21;228
25;2025-12-10;22;93
25;2025-12-10;23;9
25;2025-12-11;0;4
25;2025-12-11;1;0
25;2025-12-11;2;0
25;2025-12-11;3;0
25;2025-12-11;4;0
25;2025-12-11;5;17
25;2025-12-11;6;261
25;2025-12-11;7;547
25;2025-12-11;8;917
25;2025-12-11;9;471
25;2025-12-11;10;399
25;2025-12-11;11;456
25;2025-12-11;12;449
25;2025-12-11;13;564
25;2025-12-11;14;497
25;2025-12-11;15;581
25;2025-12-11;16;684
25;2025-12-11;17;786
25;2025-12-11;18;773
25;2025-12-11;19;606
25;2025-12-11;20;327
25;2025-12-11;21;226
25;2025-12-11;22;91
25;2025-12-11;23;8
25;2025-12-12;0;4
25;2025-12-12;1;0
25;2025-12-12;2;0
25;2025-12-12;3;0
25;2025-12-12;4;0
25;2025-12-12;5;18
25;2025-12-12;6;262
25;2025-12-12;7;550
25;2025-12-12;8;904
25;2025-12-12;9;475
25;2025-12-12;10;403
25;2025-12-12;11;466
25;2025-12-12;12;455
25;2025-12-12;13;573
25;2025-12-12;14;505
25;2025-12-12;15;587
25;2025-12-12;16;686
25;2025-12-12;17;761
25;2025-12-12;18;729
25;2025-12-12;19;593
25;2025-12-12;20;331
25;2025-12-12;21;229
25;2025-12-12;22;93
25;2025-12-12;23;8
25;2025-12-13;0;0
25;2025-12-13;1;0
25;2025-12-13;2;0
25;2025-12-13;3;0
25;2025-12-13;4;0
25;2025-12-13;5;17
25;2025-12-13;6;133
25;2025-12-13;7;135
25;2025-12-13;8;304
25;2025-12-13;9;288
25;2025-12-13;10;312
25;2025-12-13;11;379
25;2025-12-13;12;425
25;2025-12-13;13;667
25;2025-12-13;14;670
25;2025-12-13;15;800
25;2025-12-13;16;750
25;2025-12-13;17;601
25;2025-12-13;18;512
25;2025-12-13;19;431
25;2025-12-13;20;263
25;2025-12-13;21;191
25;2025-12-13;22;114
25;2025-12-13;23;43
25;2025-12-14;0;15
25;2025-12-14;1;0
25;2025-12-14;2;0
25;2025-12-14;3;0
25;2025-12-14;4;0
25;2025-12-14;5;9
25;2025-12-14;6;99
25;2025-12-14;7;101
25;2025-12-14;8;202
25;2025-12-14;9;213
25;2025-12-14;10;233
25;2025-12-14;11;340
25;2025-12-14;12;398
25;2025-12-14;13;512
25;2025-12-14;14;624
25;2025-12-14;15;693
25;2025-12-14;16;591
25;2025-12-14;17;587
25;2025-12-14;18;451
25;2025-12-14;19;312
25;2025-12-14;20;240
25;2025-12-14;21;148
25;2025-12-14;22;95
25;2025-12-14;23;38
25;2025-12-15;0;4
25;2025-12-15;1;0
25;2025-12-15;2;0
25;2025-12-15;3;0
25;2025-12-15;4;0
25;2025-12-15;5;17
25;2025-12-15;6;256
25;2025-12-15;7;539
25;2025-12-15;8;897
25;2025-12-15;9;459
25;2025-12-15;10;387
25;2025-12-15;11;448
25;2025-12-15;12;438
25;2025-12-15;13;553
25;2025-12-15;14;487
25;2025-12-15;15;570
25;2025-12-15;16;673
25;2025-12-15;17;775
25;2025-12-15;18;766
25;2025-12-15;19;597
25;2025-12-15;20;325
25;2025-12-15;21;224
25;2025-12-15;22;90
25;2025-12-15;23;8
25;2025-12-16;0;4
25;2025-12-16;1;0
25;2025-12-16;2;0
25;2025-12-16;3;0
25;2025-12-16;4;0
25;2025-12-16;5;18
25;2025-12-16;6;265
25;2025-12-16;7;556
25;2025-12-16;8;927
25;2025-12-16;9;478
25;2025-12-16;10;405
25;2025-12-16;11;465
25;2025-12-16;12;456
25;2025-12-16;13;572
25;2025-12-16;14;505
25;2025-12-16;15;590
25;2025-12-16;16;693
25;2025-12-16;17;794
25;2025-12-16;18;782
25;2025-12-16;19;612
25;2025-12-16;20;335
25;2025-12-16;21;230
25;2025-12-16;22;93
25;2025-12-16;23;10
25;2025-12-17;0;4
25;2025-12-17;1;0
25;2025-12-17;2;0
25;2025-12-17;3;0
25;2025-12-17;4;0
25;2025-12-17;5;18
25;2025-12-17;6;266
25;2025-12-17;7;560
25;2025-12-17;8;930
25;2025-12-17;9;481
25;2025-12-17;10;410
25;2025-12-17;11;473
25;2025-12-17;12;463
25;2025-12-17;13;580
25;2025-12-17;14;511
25;2025-12-17;15;595
25;2025-12-17;16;703
25;2025-12-17;17;804
25;2025-12-17;18;789
25;2025-12-17;19;616
25;2025-12-17;20;337
25;2025-12-17;21;233
25;2025-12-17;22;94
25;2025-12-17;23;10
25;2025-12-18;0;4
25;2025-12-18;1;0
25;2025-12-18;2;0
25;2025-12-18;3;0
25;2025-12-18;4;0
25;2025-12-18;5;19
25;2025-12-18;6;268
25;2025-12-18;7;562
25;2025-12-18;8;933
25;2025-12-18;9;486
25;2025-12-18;10;410
25;2025-12-18;11;472
25;2025-12-18;12;461
25;2025-12-18;13;583
25;2025-12-18;14;514
25;2025-12-18;15;598
25;2025-12-18;16;705
25;2025-12-18;17;805
25;2025-12-18;18;791
25;2025-12-18;19;622
25;2025-12-18;20;339
25;2025-12-18;21;234
25;2025-12-18;22;95
25;2025-12-18;23;10
25;2025-12-19;0;4
25;2025-12-19;1;0
25;2025-12-19;2;0
25;2025-12-19;3;0
25;2025-12-19;4;0
25;2025-12-19;5;18
25;2025-12-19;6;269
25;2025-12-19;7;566
25;2025-12-19;8;922
25;2025-12-19;9;487
25;2025-12-19;10;414
25;2025-12-19;11;479
25;2025-12-19;12;469
25;2025-12-19;13;588
25;2025-12-19;14;519
25;2025-12-19;15;608
25;2025-12-19;16;712
25;2025-12-19;17;794
25;2025-12-19;18;743
25;2025-12-19;19;612
25;2025-12-19;20;339
25;2025-12-19;21;234
25;2025-12-19;22;96
25;2025-12-19;23;10
25;2025-12-20;0;0
25;2025-12-20;1;0
25;2025-12-20;2;0
25;2025-12-20;3;0
25;2025-12-20;4;0
25;2025-12-20;5;19
25;2025-12-20;6;138
25;2025-12-20;7;140
25;2025-12-20;8;317
25;2025-12-20;9;300
25;2025-12-20;10;326
25;2025-12-20;11;398
25;2025-12-20;12;447
25;2025-12-20;13;710
25;2025-12-20;14;714
25;2025-12-20;15;857
25;2025-12-20;16;798
25;2025-12-20;17;638
25;2025-12-20;18;535
25;2025-12-20;19;446
25;2025-12-20;20;269
25;2025-12-20;21;196
25;2025-12-20;22;118
25;2025-12-20;23;43
25;2025-12-21;0;16
25;2025-12-21;1;0
25;2025-12-21;2;0
25;2025-12-21;3;0
25;2025-12-21;4;0
25;2025-12-21;5;9
25;2025-12-21;6;100
25;2025-12-21;7;104
25;2025-12-21;8;209
25;2025-12-21;9;222
25;2025-12-21;10;241
25;2025-12-21;11;352
25;2025-12-21;12;414
25;2025-12-21;13;542
25;2025-12-21;14;657
25;2025-12-21;15;734
25;2025-12-21;16;611
25;2025-12-21;17;607
25;2025-12-21;18;465
25;2025-12-21;19;320
25;2025-12-21;20;244
25;2025-12-21;21;153
25;2025-12-21;22;97
25;2025-12-21;23;39
25;2025-12-22;0;4
25;2025-12-22;1;0
25;2025-12-22;2;0
25;2025-12-22;3;0
25;2025-12-22;4;0
25;2025-12-22;5;17
25;2025-12-22;6;255
25;2025-12-22;7;537
25;2025-12-22;8;899
25;2025-12-22;9;458
25;2025-12-22;10;387
25;2025-12-22;11;445
25;2025-12-22;12;433
25;2025-12-22;13;545
25;2025-12-22;14;478
25;2025-12-22;15;562
25;2025-12-22;16;663
25;2025-12-22;17;761
25;2025-12-22;18;757
25;2025-12-22;19;591
25;2025-12-22;20;322
25;2025-12-22;21;222
25;2025-12-22;22;90
25;2025-12-22;23;8
25;2025-12-23;0;4
25;2025-12-23;1;0
25;2025-12-23;2;0
25;2025-12-23;3;0
25;2025-12-23;4;0
25;2025-12-23;5;18
25;2025-12-23;6;261
25;2025-12-23;7;547
25;2025-12-23;8;906
25;2025-12-23;9;468
25;2025-12-23;10;398
25;2025-12-23;11;460
25;2025-12-23;12;451
25;2025-12-23;13;564
25;2025-12-23;14;497
25;2025-12-23;15;581
25;2025-12-23;16;683
25;2025-12-23;17;781
25;2025-12-23;18;769
25;2025-12-23;19;606
25;2025-12-23;20;331
25;2025-12-23;21;227
25;2025-12-23;22;92
25;2025-12-23;23;8
25;2025-12-24;0;4
25;2025-12-24;1;0
25;2025-12-24;2;0
25;2025-12-24;3;0
25;2025-12-24;4;0
25;2025-12-24;5;18
25;2025-12-24;6;260
25;2025-12-24;7;546
25;2025-12-24;8;906
25;2025-12-24;9;468
25;2025-12-24;10;398
25;2025-12-24;11;458
25;2025-12-24;12;449
25;2025-12-24;13;561
25;2025-12-24;14;495
25;2025-12-24;15;575
25;2025-12-24;16;679
25;2025-12-24;17;782
25;2025-12-24;18;768
25;2025-12-24;19;600
25;2025-12-24;20;329
25;2025-12-24;21;227
25;2025-12-24;22;92
25;2025-12-24;23;8
25;2025-12-25;0;4
25;2025-12-25;1;0
25;2025-12-25;2;0
25;2025-12-25;3;0
25;2025-12-25;4;0
25;2025-12-25;5;18
25;2025-12-25;6;265
25;2025-12-25;7;552
25;2025-12-25;8;924
25;2025-12-25;9;478
25;2025-12-25;10;404
25;2025-12-25;11;465
25;2025-12-25;12;455
25;2025-12-25;13;570
25;2025-12-25;14;500
25;2025-12-25;15;581
25;2025-12-25;16;687
25;2025-12-25;17;789
25;2025-12-25;18;779
25;2025-12-25;19;609
25;2025-12-25;20;334
25;2025-12-25;21;231
25;2025-12-25;22;93
25;2025-12-25;23;9
25;2025-12-26;0;4
25;2025-12-26;1;0
25;2025-12-26;2;0
25;2025-12-26;3;0
25;2025-12-26;4;0
25;2025-12-26;5;18
25;2025-12-26;6;261
25;2025-12-26;7;547
25;2025-12-26;8;888
25;2025-12-26;9;465
25;2025-12-26;10;391
25;2025-12-26;11;451
25;2025-12-26;12;439
25;2025-12-26;13;556
25;2025-12-26;14;490
25;2025-12-26;15;574
25;2025-12-26;16;670
25;2025-12-26;17;752
25;2025-12-26;18;728
25;2025-12-26;19;593
25;2025-12-26;20;327
25;2025-12-26;21;228
25;2025-12-26;22;93
25;2025-12-26;23;9
25;2025-12-27;0;0
25;2025-12-27;1;0
25;2025-12-27;2;0
25;2025-12-27;3;0
25;2025-12-27;4;0
25;2025-12-27;5;18
25;2025-12-27;6;129
25;2025-12-27;7;131
25;2025-12-27;8;298
25;2025-12-27;9;283
25;2025-12-27;10;307
25;2025-12-27;11;374
25;2025-12-27;12;421
25;2025-12-27;13;666
25;2025-12-27;14;672
25;2025-12-27;15;802
25;2025-12-27;16;751
25;2025-12-27;17;600
25;2025-12-27;18;503
25;2025-12-27;19;422
25;2025-12-27;20;256
25;2025-12-27;21;187
25;2025-12-27;22;109
25;2025-12-27;23;41
25;2025-12-28;0;15
25;2025-12-28;1;0
25;2025-12-28;2;0
25;2025-12-28;3;0
25;2025-12-28;4;0
25;2025-12-28;5;8
25;2025-12-28;6;96
25;2025-12-28;7;96
25;2025-12-28;8;192
25;2025-12-28;9;207
25;2025-12-28;10;226
25;2025-12-28;11;328
25;2025-12-28;12;387
25;2025-12-28;13;507
25;2025-12-28;14;616
25;2025-12-28;15;689
25;2025-12-28;16;576
25;2025-12-28;17;572
25;2025-12-28;18;438
25;2025-12-28;19;300
25;2025-12-28;20;232
25;2025-12-28;21;143
25;2025-12-28;22;91
25;2025-12-28;23;37
25;2025-12-29;0;4
25;2025-12-29;1;0
25;2025-12-29;2;0
25;2025-12-29;3;0
25;2025-12-29;4;0
25;2025-12-29;5;17
25;2025-12-29;6;244
25;2025-12-29;7;512
25;2025-12-29;8;860
25;2025-12-29;9;438
25;2025-12-29;10;370
25;2025-12-29;11;426
25;2025-12-29;12;417
25;2025-12-29;13;526
25;2025-12-29;14;464
25;2025-12-29;15;542
25;2025-12-29;16;642
25;2025-12-29;17;738
25;2025-12-29;18;730
25;2025-12-29;19;568
25;2025-12-29;20;310
25;2025-12-29;21;213
25;2025-12-29;22;86
25;2025-12-29;23;7
25;2025-12-30;0;4
25;2025-12-30;1;0
25;2025-12-30;2;0
25;2025-12-30;3;0
25;2025-12-30;4;0
25;2025-12-30;5;17
25;2025-12-30;6;251
25;2025-12-30;7;528
25;2025-12-30;8;876
25;2025-12-30;9;453
25;2025-12-30;10;384
25;2025-12-30;11;443
25;2025-12-30;12;434
25;2025-12-30;13;545
25;2025-12-30;14;481
25;2025-12-30;15;561
25;2025-12-30;16;660
25;2025-12-30;17;747
25;2025-12-30;18;714
25;2025-12-30;19;574
25;2025-12-30;20;316
25;2025-12-30;21;219
25;2025-12-30;22;88
25;2025-12-30;23;8
25;2025-12-31;0;15
25;2025-12-31;1;0
25;2025-12-31;2;0
25;2025-12-31;3;0
25;2025-12-31;4;0
25;2025-12-31;5;8
25;2025-12-31;6;98
25;2025-12-31;7;100
25;2025-12-31;8;194
25;2025-12-31;9;206
25;2025-12-31;10;224
25;2025-12-31;11;319
25;2025-12-31;12;377
25;2025-12-31;13;499
25;2025-12-31;14;611
25;2025-12-31;15;677
25;2025-12-31;16;561
25;2025-12-31;17;557
25;2025-12-31;18;424
25;2025-12-31;19;293
25;2025-12-31;20;235
25;2025-12-31;21;147
25;2025-12-31;22;93
25;2025-12-31;23;37
26;2025-11-01;0;31
26;2025-11-01;1;1
26;2025-11-01;2;0
26;2025-11-01;3;0
26;2025-11-01;4;2
26;2025-11-01;5;95
26;2025-11-01;6;439
26;2025-11-01;7;1111
26;2025-11-01;8;2018
26;2025-11-01;9;1373
26;2025-11-01;10;1196
26;2025-11-01;11;1087
26;2025-11-01;12;1132
26;2025-11-01;13;1134
26;2025-11-01;14;1294
26;2025-11-01;15;1374
26;2025-11-01;16;1425
26;2025-11-01;17;1651
26;2025-11-01;18;1706
26;2025-11-01;19;1175
26;2025-11-01;20;728
26;2025-11-01;21;485
26;2025-11-01;22;207
26;2025-11-01;23;125
26;2025-11-02;0;50
26;2025-11-02;1;5
26;2025-11-02;2;0
26;2025-11-02;3;0
26;2025-11-02;4;1
26;2025-11-02;5;21
26;2025-11-02;6;168
26;2025-11-02;7;268
26;2025-11-02;8;374
26;2025-11-02;9;524
26;2025-11-02;10;635
26;2025-11-02;11;851
26;2025-11-02;12;834
26;2025-11-02;13;887
26;2025-11-02;14;879
26;2025-11-02;15;803
26;2025-11-02;16;770
26;2025-11-02;17;774
26;2025-11-02;18;717
26;2025-11-02;19;531
26;2025-11-02;20;428
26;2025-11-02;21;294
26;2025-11-02;22;163
26;2025-11-02;23;99
26;2025-11-03;0;49
26;2025-11-03;1;5
26;2025-11-03;2;0
26;2025-11-03;3;0
26;2025-11-03;4;1
26;2025-11-03;5;20
26;2025-11-03;6;163
26;2025-11-03;7;259
26;2025-11-03;8;376
26;2025-11-03;9;507
26;2025-11-03;10;612
26;2025-11-03;11;813
26;2025-11-03;12;789
26;2025-11-03;13;854
26;2025-11-03;14;837
26;2025-11-03;15;761
26;2025-11-03;16;739
26;2025-11-03;17;750
26;2025-11-03;18;693
26;2025-11-03;19;520
26;2025-11-03;20;416
26;2025-11-03;21;281
26;2025-11-03;22;158
26;2025-11-03;23;95
26;2025-11-04;0;50
26;2025-11-04;1;5
26;2025-11-04;2;0
26;2025-11-04;3;0
26;2025-11-04;4;1
26;2025-11-04;5;21
26;2025-11-04;6;166
26;2025-11-04;7;265
26;2025-11-04;8;365
26;2025-11-04;9;510
26;2025-11-04;10;619
26;2025-11-04;11;824
26;2025-11-04;12;810
26;2025-11-04;13;882
26;2025-11-04;14;877
26;2025-11-04;15;797
26;2025-11-04;16;763
26;2025-11-04;17;762
26;2025-11-04;18;703
26;2025-11-04;19;529
26;2025-11-04;20;425
26;2025-11-04;21;289
26;2025-11-04;22;161
26;2025-11-04;23;97
26;2025-11-05;0;32
26;2025-11-05;1;1
26;2025-11-05;2;1
26;2025-11-05;3;0
26;2025-11-05;4;2
26;2025-11-05;5;101
26;2025-11-05;6;469
26;2025-11-05;7;1197
26;2025-11-05;8;2250
26;2025-11-05;9;1479
26;2025-11-05;10;1304
26;2025-11-05;11;1174
26;2025-11-05;12;1217
26;2025-11-05;13;1218
26;2025-11-05;14;1398
26;2025-11-05;15;1467
26;2025-11-05;16;1521
26;2025-11-05;17;1754
26;2025-11-05;18;1913
26;2025-11-05;19;1275
26;2025-11-05;20;783
26;2025-11-05;21;514
26;2025-11-05;22;219
26;2025-11-05;23;131
26;2025-11-06;0;32
26;2025-11-06;1;1
26;2025-11-06;2;1
26;2025-11-06;3;0
26;2025-11-06;4;2
26;2025-11-06;5;101
26;2025-11-06;6;467
26;2025-11-06;7;1188
26;2025-11-06;8;2224
26;2025-11-06;9;1465
26;2025-11-06;10;1294
26;2025-11-06;11;1167
26;2025-11-06;12;1213
26;2025-11-06;13;1214
26;2025-11-06;14;1389
26;2025-11-06;15;1445
26;2025-11-06;16;1500
26;2025-11-06;17;1733
26;2025-11-06;18;1880
26;2025-11-06;19;1252
26;2025-11-06;20;770
26;2025-11-06;21;509
26;2025-11-06;22;217
26;2025-11-06;23;130
26;2025-11-07;0;34
26;2025-11-07;1;1
26;2025-11-07;2;1
26;2025-11-07;3;0
26;2025-11-07;4;2
26;2025-11-07;5;105
26;2025-11-07;6;483
26;2025-11-07;7;1233
26;2025-11-07;8;2108
26;2025-11-07;9;1488
26;2025-11-07;10;1339
26;2025-11-07;11;1226
26;2025-11-07;12;1266
26;2025-11-07;13;1263
26;2025-11-07;14;1423
26;2025-11-07;15;1489
26;2025-11-07;16;1536
26;2025-11-07;17;1772
26;2025-11-07;18;1790
26;2025-11-07;19;1266
26;2025-11-07;20;794
26;2025-11-07;21;523
26;2025-11-07;22;224
26;2025-11-07;23;135
26;2025-11-08;0;55
26;2025-11-08;1;3
26;2025-11-08;2;0
26;2025-11-08;3;0
26;2025-11-08;4;2
26;2025-11-08;5;53
26;2025-11-08;6;248
26;2025-11-08;7;386
26;2025-11-08;8;625
26;2025-11-08;9;663
26;2025-11-08;10;839
26;2025-11-08;11;1041
26;2025-11-08;12;1076
26;2025-11-08;13;1060
26;2025-11-08;14;1158
26;2025-11-08;15;1048
26;2025-11-08;16;1068
26;2025-11-08;17;950
26;2025-11-08;18;896
26;2025-11-08;19;724
26;2025-11-08;20;518
26;2025-11-08;21;341
26;2025-11-08;22;199
26;2025-11-08;23;151
26;2025-11-09;0;49
26;2025-11-09;1;5
26;2025-11-09;2;0
26;2025-11-09;3;0
26;2025-11-09;4;1
26;2025-11-09;5;20
26;2025-11-09;6;164
26;2025-11-09;7;262
26;2025-11-09;8;378
26;2025-11-09;9;527
26;2025-11-09;10;638
26;2025-11-09;11;848
26;2025-11-09;12;833
26;2025-11-09;13;891
26;2025-11-09;14;876
26;2025-11-09;15;803
26;2025-11-09;16;772
26;2025-11-09;17;775
26;2025-11-09;18;717
26;2025-11-09;19;537
26;2025-11-09;20;422
26;2025-11-09;21;287
26;2025-11-09;22;160
26;2025-11-09;23;97
26;2025-11-10;0;32
26;2025-11-10;1;1
26;2025-11-10;2;1
26;2025-11-10;3;0
26;2025-11-10;4;2
26;2025-11-10;5;99
26;2025-11-10;6;460
26;2025-11-10;7;1173
26;2025-11-10;8;2235
26;2025-11-10;9;1452
26;2025-11-10;10;1276
26;2025-11-10;11;1155
26;2025-11-10;12;1208
26;2025-11-10;13;1202
26;2025-11-10;14;1367
26;2025-11-10;15;1434
26;2025-11-10;16;1494
26;2025-11-10;17;1734
26;2025-11-10;18;1925
26;2025-11-10;19;1259
26;2025-11-10;20;773
26;2025-11-10;21;505
26;2025-11-10;22;213
26;2025-11-10;23;128
26;2025-11-11;0;33
26;2025-11-11;1;1
26;2025-11-11;2;1
26;2025-11-11;3;0
26;2025-11-11;4;2
26;2025-11-11;5;103
26;2025-11-11;6;475
26;2025-11-11;7;1214
26;2025-11-11;8;2295
26;2025-11-11;9;1500
26;2025-11-11;10;1328
26;2025-11-11;11;1206
26;2025-11-11;12;1247
26;2025-11-11;13;1247
26;2025-11-11;14;1423
26;2025-11-11;15;1485
26;2025-11-11;16;1539
26;2025-11-11;17;1783
26;2025-11-11;18;1978
26;2025-11-11;19;1298
26;2025-11-11;20;797
26;2025-11-11;21;522
26;2025-11-11;22;221
26;2025-11-11;23;132
26;2025-11-12;0;33
26;2025-11-12;1;1
26;2025-11-12;2;1
26;2025-11-12;3;0
26;2025-11-12;4;2
26;2025-11-12;5;102
26;2025-11-12;6;472
26;2025-11-12;7;1199
26;2025-11-12;8;2283
26;2025-11-12;9;1489
26;2025-11-12;10;1311
26;2025-11-12;11;1181
26;2025-11-12;12;1230
26;2025-11-12;13;1223
26;2025-11-12;14;1405
26;2025-11-12;15;1473
26;2025-11-12;16;1526
26;2025-11-12;17;1761
26;2025-11-12;18;1952
26;2025-11-12;19;1284
26;2025-11-12;20;789
26;2025-11-12;21;518
26;2025-11-12;22;221
26;2025-11-12;23;133
26;2025-11-13;0;33
26;2025-11-13;1;1
26;2025-11-13;2;1
26;2025-11-13;3;0
26;2025-11-13;4;2
26;2025-11-13;5;102
26;2025-11-13;6;472
26;2025-11-13;7;1208
26;2025-11-13;8;2282
26;2025-11-13;9;1488
26;2025-11-13;10;1319
26;2025-11-13;11;1195
26;2025-11-13;12;1240
26;2025-11-13;13;1236
26;2025-11-13;14;1406
26;2025-11-13;15;1473
26;2025-11-13;16;1525
26;2025-11-13;17;1760
26;2025-11-13;18;1938
26;2025-11-13;19;1274
26;2025-11-13;20;785
26;2025-11-13;21;516
26;2025-11-13;22;220
26;2025-11-13;23;132
26;2025-11-14;0;33
26;2025-11-14;1;1
26;2025-11-14;2;1
26;2025-11-14;3;0
26;2025-11-14;4;2
26;2025-11-14;5;102
26;2025-11-14;6;474
26;2025-11-14;7;1196
26;2025-11-14;8;2201
26;2025-11-14;9;1482
26;2025-11-14;10;1309
26;2025-11-14;11;1194
26;2025-11-14;12;1236
26;2025-11-14;13;1229
26;2025-11-14;14;1407
26;2025-11-14;15;1485
26;2025-11-14;16;1537
26;2025-11-14;17;1754
26;2025-11-14;18;1790
26;2025-11-14;19;1261
26;2025-11-14;20;788
26;2025-11-14;21;519
26;2025-11-14;22;223
26;2025-11-14;23;134
26;2025-11-15;0;54
26;2025-11-15;1;3
26;2025-11-15;2;0
26;2025-11-15;3;0
26;2025-11-15;4;2
26;2025-11-15;5;51
26;2025-11-15;6;242
26;2025-11-15;7;376
26;2025-11-15;8;605
26;2025-11-15;9;638
26;2025-11-15;10;810
26;2025-11-15;11;979
26;2025-11-15;12;1032
26;2025-11-15;13;1014
26;2025-11-15;14;1093
26;2025-11-15;15;994
26;2025-11-15;16;1005
26;2025-11-15;17;894
26;2025-11-15;18;853
26;2025-11-15;19;705
26;2025-11-15;20;511
26;2025-11-15;21;338
26;2025-11-15;22;197
26;2025-11-15;23;149
26;2025-11-16;0;49
26;2025-11-16;1;5
26;2025-11-16;2;0
26;2025-11-16;3;0
26;2025-11-16;4;1
26;2025-11-16;5;20
26;2025-11-16;6;164
26;2025-11-16;7;261
26;2025-11-16;8;377
26;2025-11-16;9;525
26;2025-11-16;10;637
26;2025-11-16;11;851
26;2025-11-16;12;837
26;2025-11-16;13;899
26;2025-11-16;14;879
26;2025-11-16;15;805
26;2025-11-16;16;772
26;2025-11-16;17;775
26;2025-11-16;18;716
26;2025-11-16;19;541
26;2025-11-16;20;428
26;2025-11-16;21;291
26;2025-11-16;22;162
26;2025-11-16;23;98
26;2025-11-17;0;32
26;2025-11-17;1;1
26;2025-11-17;2;0
26;2025-11-17;3;0
26;2025-11-17;4;2
26;2025-11-17;5;101
26;2025-11-17;6;463
26;2025-11-17;7;1166
26;2025-11-17;8;2239
26;2025-11-17;9;1444
26;2025-11-17;10;1265
26;2025-11-17;11;1141
26;2025-11-17;12;1187
26;2025-11-17;13;1183
26;2025-11-17;14;1357
26;2025-11-17;15;1429
26;2025-11-17;16;1486
26;2025-11-17;17;1727
26;2025-11-17;18;1927
26;2025-11-17;19;1271
26;2025-11-17;20;784
26;2025-11-17;21;513
26;2025-11-17;22;217
26;2025-11-17;23;129
26;2025-11-18;0;32
26;2025-11-18;1;1
26;2025-11-18;2;0
26;2025-11-18;3;0
26;2025-11-18;4;2
26;2025-11-18;5;100
26;2025-11-18;6;462
26;2025-11-18;7;1163
26;2025-11-18;8;2188
26;2025-11-18;9;1434
26;2025-11-18;10;1251
26;2025-11-18;11;1136
26;2025-11-18;12;1174
26;2025-11-18;13;1172
26;2025-11-18;14;1340
26;2025-11-18;15;1409
26;2025-11-18;16;1464
26;2025-11-18;17;1690
26;2025-11-18;18;1870
26;2025-11-18;19;1237
26;2025-11-18;20;768
26;2025-11-18;21;505
26;2025-11-18;22;214
26;2025-11-18;23;127
26;2025-11-19;0;33
26;2025-11-19;1;1
26;2025-11-19;2;1
26;2025-11-19;3;0
26;2025-11-19;4;2
26;2025-11-19;5;103
26;2025-11-19;6;479
26;2025-11-19;7;1223
26;2025-11-19;8;2317
26;2025-11-19;9;1515
26;2025-11-19;10;1322
26;2025-11-19;11;1201
26;2025-11-19;12;1253
26;2025-11-19;13;1249
26;2025-11-19;14;1431
26;2025-11-19;15;1500
26;2025-11-19;16;1555
26;2025-11-19;17;1797
26;2025-11-19;18;1989
26;2025-11-19;19;1319
26;2025-11-19;20;812
26;2025-11-19;21;536
26;2025-11-19;22;227
26;2025-11-19;23;137
26;2025-11-20;0;33
26;2025-11-20;1;1
26;2025-11-20;2;1
26;2025-11-20;3;0
26;2025-11-20;4;2
26;2025-11-20;5;103
26;2025-11-20;6;478
26;2025-11-20;7;1220
26;2025-11-20;8;2303
26;2025-11-20;9;1507
26;2025-11-20;10;1338
26;2025-11-20;11;1209
26;2025-11-20;12;1258
26;2025-11-20;13;1252
26;2025-11-20;14;1426
26;2025-11-20;15;1495
26;2025-11-20;16;1550
26;2025-11-20;17;1791
26;2025-11-20;18;1982
26;2025-11-20;19;1306
26;2025-11-20;20;803
26;2025-11-20;21;527
26;2025-11-20;22;224
26;2025-11-20;23;135
26;2025-11-21;0;34
26;2025-11-21;1;1
26;2025-11-21;2;1
26;2025-11-21;3;0
26;2025-11-21;4;2
26;2025-11-21;5;105
26;2025-11-21;6;484
26;2025-11-21;7;1228
26;2025-11-21;8;2277
26;2025-11-21;9;1525
26;2025-11-21;10;1343
26;2025-11-21;11;1218
26;2025-11-21;12;1265
26;2025-11-21;13;1259
26;2025-11-21;14;1446
26;2025-11-21;15;1517
26;2025-11-21;16;1571
26;2025-11-21;17;1803
26;2025-11-21;18;1838
26;2025-11-21;19;1298
26;2025-11-21;20;812
26;2025-11-21;21;537
26;2025-11-21;22;229
26;2025-11-21;23;138
26;2025-11-22;0;57
26;2025-11-22;1;3
26;2025-11-22;2;0
26;2025-11-22;3;0
26;2025-11-22;4;2
26;2025-11-22;5;53
26;2025-11-22;6;249
26;2025-11-22;7;397
26;2025-11-22;8;639
26;2025-11-22;9;676
26;2025-11-22;10;862
26;2025-11-22;11;1053
26;2025-11-22;12;1112
26;2025-11-22;13;1078
26;2025-11-22;14;1170
26;2025-11-22;15;1056
26;2025-11-22;16;1071
26;2025-11-22;17;957
26;2025-11-22;18;910
26;2025-11-22;19;738
26;2025-11-22;20;529
26;2025-11-22;21;340
26;2025-11-22;22;201
26;2025-11-22;23;152
26;2025-11-23;0;49
26;2025-11-23;1;5
26;2025-11-23;2;0
26;2025-11-23;3;0
26;2025-11-23;4;1
26;2025-11-23;5;21
26;2025-11-23;6;165
26;2025-11-23;7;264
26;2025-11-23;8;381
26;2025-11-23;9;528
26;2025-11-23;10;641
26;2025-11-23;11;857
26;2025-11-23;12;841
26;2025-11-23;13;905
26;2025-11-23;14;888
26;2025-11-23;15;811
26;2025-11-23;16;779
26;2025-11-23;17;782
26;2025-11-23;18;725
26;2025-11-23;19;546
26;2025-11-23;20;431
26;2025-11-23;21;294
26;2025-11-23;22;163
26;2025-11-23;23;98
26;2025-11-24;0;32
26;2025-11-24;1;1
26;2025-11-24;2;0
26;2025-11-24;3;0
26;2025-11-24;4;2
26;2025-11-24;5;98
26;2025-11-24;6;452
26;2025-11-24;7;1135
26;2025-11-24;8;2182
26;2025-11-24;9;1417
26;2025-11-24;10;1230
26;2025-11-24;11;1107
26;2025-11-24;12;1153
26;2025-11-24;13;1146
26;2025-11-24;14;1312
26;2025-11-24;15;1381
26;2025-11-24;16;1435
26;2025-11-24;17;1662
26;2025-11-24;18;1861
26;2025-11-24;19;1212
26;2025-11-24;20;749
26;2025-11-24;21;490
26;2025-11-24;22;208
26;2025-11-24;23;124
26;2025-11-25;0;32
26;2025-11-25;1;1
26;2025-11-25;2;1
26;2025-11-25;3;0
26;2025-11-25;4;2
26;2025-11-25;5;101
26;2025-11-25;6;470
26;2025-11-25;7;1194
26;2025-11-25;8;2270
26;2025-11-25;9;1485
26;2025-11-25;10;1305
26;2025-11-25;11;1183
26;2025-11-25;12;1229
26;2025-11-25;13;1228
26;2025-11-25;14;1405
26;2025-11-25;15;1472
26;2025-11-25;16;1522
26;2025-11-25;17;1762
26;2025-11-25;18;1955
26;2025-11-25;19;1292
26;2025-11-25;20;796
26;2025-11-25;21;523
26;2025-11-25;22;221
26;2025-11-25;23;132
26;2025-11-26;0;32
26;2025-11-26;1;1
26;2025-11-26;2;1
26;2025-11-26;3;0
26;2025-11-26;4;2
26;2025-11-26;5;101
26;2025-11-26;6;468
26;2025-11-26;7;1186
26;2025-11-26;8;2262
26;2025-11-26;9;1467
26;2025-11-26;10;1294
26;2025-11-26;11;1165
26;2025-11-26;12;1209
26;2025-11-26;13;1206
26;2025-11-26;14;1380
26;2025-11-26;15;1447
26;2025-11-26;16;1500
26;2025-11-26;17;1731
26;2025-11-26;18;1938
26;2025-11-26;19;1281
26;2025-11-26;20;793
26;2025-11-26;21;522
26;2025-11-26;22;222
26;2025-11-26;23;133
26;2025-11-27;0;32
26;2025-11-27;1;1
26;2025-11-27;2;1
26;2025-11-27;3;0
26;2025-11-27;4;2
26;2025-11-27;5;101
26;2025-11-27;6;469
26;2025-11-27;7;1201
26;2025-11-27;8;2281
26;2025-11-27;9;1480
26;2025-11-27;10;1303
26;2025-11-27;11;1177
26;2025-11-27;12;1223
26;2025-11-27;13;1220
26;2025-11-27;14;1391
26;2025-11-27;15;1461
26;2025-11-27;16;1514
26;2025-11-27;17;1753
26;2025-11-27;18;1940
26;2025-11-27;19;1270
26;2025-11-27;20;783
26;2025-11-27;21;514
26;2025-11-27;22;219
26;2025-11-27;23;132
26;2025-11-28;0;33
26;2025-11-28;1;1
26;2025-11-28;2;1
26;2025-11-28;3;0
26;2025-11-28;4;2
26;2025-11-28;5;103
26;2025-11-28;6;474
26;2025-11-28;7;1203
26;2025-11-28;8;2252
26;2025-11-28;9;1483
26;2025-11-28;10;1321
26;2025-11-28;11;1199
26;2025-11-28;12;1240
26;2025-11-28;13;1241
26;2025-11-28;14;1416
26;2025-11-28;15;1486
26;2025-11-28;16;1526
26;2025-11-28;17;1761
26;2025-11-28;18;1807
26;2025-11-28;19;1260
26;2025-11-28;20;784
26;2025-11-28;21;519
26;2025-11-28;22;222
26;2025-11-28;23;134
26;2025-11-29;0;56
26;2025-11-29;1;3
26;2025-11-29;2;0
26;2025-11-29;3;0
26;2025-11-29;4;2
26;2025-11-29;5;53
26;2025-11-29;6;251
26;2025-11-29;7;391
26;2025-11-29;8;632
26;2025-11-29;9;670
26;2025-11-29;10;850
26;2025-11-29;11;1049
26;2025-11-29;12;1114
26;2025-11-29;13;1074
26;2025-11-29;14;1166
26;2025-11-29;15;1050
26;2025-11-29;16;1073
26;2025-11-29;17;954
26;2025-11-29;18;905
26;2025-11-29;19;734
26;2025-11-29;20;525
26;2025-11-29;21;345
26;2025-11-29;22;201
26;2025-11-29;23;152
26;2025-11-30;0;48
26;2025-11-30;1;5
26;2025-11-30;2;0
26;2025-11-30;3;0
26;2025-11-30;4;1
26;2025-11-30;5;20
26;2025-11-30;6;163
26;2025-11-30;7;260
26;2025-11-30;8;376
26;2025-11-30;9;525
26;2025-11-30;10;638
26;2025-11-30;11;850
26;2025-11-30;12;833
26;2025-11-30;13;897
26;2025-11-30;14;878
26;2025-11-30;15;802
26;2025-11-30;16;767
26;2025-11-30;17;774
26;2025-11-30;18;717
26;2025-11-30;19;535
26;2025-11-30;20;421
26;2025-11-30;21;287
26;2025-11-30;22;160
26;2025-11-30;23;97
26;2025-12-01;0;32
26;2025-12-01;1;1
26;2025-12-01;2;1
26;2025-12-01;3;0
26;2025-12-01;4;2
26;2025-12-01;5;98
26;2025-12-01;6;450
26;2025-12-01;7;1146
26;2025-12-01;8;2182
26;2025-12-01;9;1418
26;2025-12-01;10;1246
26;2025-12-01;11;1129
26;2025-12-01;12;1177
26;2025-12-01;13;1172
26;2025-12-01;14;1334
26;2025-12-01;15;1398
26;2025-12-01;16;1455
26;2025-12-01;17;1687
26;2025-12-01;18;1876
26;2025-12-01;19;1228
26;2025-12-01;20;755
26;2025-12-01;21;494
26;2025-12-01;22;208
26;2025-12-01;23;125
26;2025-12-02;0;32
26;2025-12-02;1;1
26;2025-12-02;2;1
26;2025-12-02;3;0
26;2025-12-02;4;2
26;2025-12-02;5;100
26;2025-12-02;6;464
26;2025-12-02;7;1182
26;2025-12-02;8;2241
26;2025-12-02;9;1462
26;2025-12-02;10;1295
26;2025-12-02;11;1173
26;2025-12-02;12;1214
26;2025-12-02;13;1215
26;2025-12-02;14;1387
26;2025-12-02;15;1450
26;2025-12-02;16;1498
26;2025-12-02;17;1737
26;2025-12-02;18;1927
26;2025-12-02;19;1265
26;2025-12-02;20;778
26;2025-12-02;21;509
26;2025-12-02;22;215
26;2025-12-02;23;130
26;2025-12-03;0;32
26;2025-12-03;1;1
26;2025-12-03;2;1
26;2025-12-03;3;0
26;2025-12-03;4;2
26;2025-12-03;5;101
26;2025-12-03;6;465
26;2025-12-03;7;1185
26;2025-12-03;8;2245
26;2025-12-03;9;1468
26;2025-12-03;10;1294
26;2025-12-03;11;1178
26;2025-12-03;12;1217
26;2025-12-03;13;1215
26;2025-12-03;14;1385
26;2025-12-03;15;1454
26;2025-12-03;16;1505
26;2025-12-03;17;1741
26;2025-12-03;18;1927
26;2025-12-03;19;1266
26;2025-12-03;20;778
26;2025-12-03;21;510
26;2025-12-03;22;216
26;2025-12-03;23;132
26;2025-12-04;0;32
26;2025-12-04;1;1
26;2025-12-04;2;1
26;2025-12-04;3;0
26;2025-12-04;4;2
26;2025-12-04;5;101
26;2025-12-04;6;465
26;2025-12-04;7;1185
26;2025-12-04;8;2241
26;2025-12-04;9;1461
26;2025-12-04;10;1296
26;2025-12-04;11;1174
26;2025-12-04;12;1219
26;2025-12-04;13;1217
26;2025-12-04;14;1385
26;2025-12-04;15;1453
26;2025-12-04;16;1504
26;2025-12-04;17;1741
26;2025-12-04;18;1924
26;2025-12-04;19;1265
26;2025-12-04;20;778
26;2025-12-04;21;511
26;2025-12-04;22;216
26;2025-12-04;23;132
26;2025-12-05;0;33
26;2025-12-05;1;1
26;2025-12-05;2;1
26;2025-12-05;3;0
26;2025-12-05;4;2
26;2025-12-05;5;102
26;2025-12-05;6;468
26;2025-12-05;7;1195
26;2025-12-05;8;2220
26;2025-12-05;9;1478
26;2025-12-05;10;1306
26;2025-12-05;11;1193
26;2025-12-05;12;1239
26;2025-12-05;13;1235
26;2025-12-05;14;1410
26;2025-12-05;15;1482
26;2025-12-05;16;1530
26;2025-12-05;17;1766
26;2025-12-05;18;1804
26;2025-12-05;19;1251
26;2025-12-05;20;781
26;2025-12-05;21;515
26;2025-12-05;22;219
26;2025-12-05;23;134
26;2025-12-06;0;55
26;2025-12-06;1;3
26;2025-12-06;2;0
26;2025-12-06;3;0
26;2025-12-06;4;2
26;2025-12-06;5;52
26;2025-12-06;6;251
26;2025-12-06;7;392
26;2025-12-06;8;633
26;2025-12-06;9;671
26;2025-12-06;10;853
26;2025-12-06;11;1053
26;2025-12-06;12;1116
26;2025-12-06;13;1080
26;2025-12-06;14;1172
26;2025-12-06;15;1056
26;2025-12-06;16;1074
26;2025-12-06;17;955
26;2025-12-06;18;905
26;2025-12-06;19;735
26;2025-12-06;20;526
26;2025-12-06;21;344
26;2025-12-06;22;201
26;2025-12-06;23;152
26;2025-12-07;0;48
26;2025-12-07;1;5
26;2025-12-07;2;0
26;2025-12-07;3;0
26;2025-12-07;4;1
26;2025-12-07;5;20
26;2025-12-07;6;164
26;2025-12-07;7;262
26;2025-12-07;8;380
26;2025-12-07;9;529
26;2025-12-07;10;642
26;2025-12-07;11;857
26;2025-12-07;12;840
26;2025-12-07;13;905
26;2025-12-07;14;887
26;2025-12-07;15;811
26;2025-12-07;16;777
26;2025-12-07;17;781
26;2025-12-07;18;723
26;2025-12-07;19;540
26;2025-12-07;20;427
26;2025-12-07;21;289
26;2025-12-07;22;161
26;2025-12-07;23;98
26;2025-12-08;0;32
26;2025-12-08;1;1
26;2025-12-08;2;1
26;2025-12-08;3;0
26;2025-12-08;4;2
26;2025-12-08;5;99
26;2025-12-08;6;459
26;2025-12-08;7;1166
26;2025-12-08;8;2222
26;2025-12-08;9;1444
26;2025-12-08;10;1269
26;2025-12-08;11;1148
26;2025-12-08;12;1194
26;2025-12-08;13;1187
26;2025-12-08;14;1356
26;2025-12-08;15;1424
26;2025-12-08;16;1480
26;2025-12-08;17;1715
26;2025-12-08;18;1907
26;2025-12-08;19;1250
26;2025-12-08;20;769
26;2025-12-08;21;503
26;2025-12-08;22;212
26;2025-12-08;23;128
26;2025-12-09;0;33
26;2025-12-09;1;1
26;2025-12-09;2;1
26;2025-12-09;3;0
26;2025-12-09;4;2
26;2025-12-09;5;101
26;2025-12-09;6;466
26;2025-12-09;7;1174
26;2025-12-09;8;2244
26;2025-12-09;9;1464
26;2025-12-09;10;1284
26;2025-12-09;11;1160
26;2025-12-09;12;1195
26;2025-12-09;13;1194
26;2025-12-09;14;1370
26;2025-12-09;15;1446
26;2025-12-09;16;1499
26;2025-12-09;17;1729
26;2025-12-09;18;1926
26;2025-12-09;19;1265
26;2025-12-09;20;782
26;2025-12-09;21;513
26;2025-12-09;22;216
26;2025-12-09;23;130
26;2025-12-10;0;33
26;2025-12-10;1;1
26;2025-12-10;2;1
26;2025-12-10;3;0
26;2025-12-10;4;2
26;2025-12-10;5;102
26;2025-12-10;6;470
26;2025-12-10;7;1182
26;2025-12-10;8;2260
26;2025-12-10;9;1468
26;2025-12-10;10;1291
26;2025-12-10;11;1166
26;2025-12-10;12;1214
26;2025-12-10;13;1209
26;2025-12-10;14;1387
26;2025-12-10;15;1454
26;2025-12-10;16;1506
26;2025-12-10;17;1742
26;2025-12-10;18;1941
26;2025-12-10;19;1282
26;2025-12-10;20;794
26;2025-12-10;21;522
26;2025-12-10;22;221
26;2025-12-10;23;134
26;2025-12-11;0;33
26;2025-12-11;1;1
26;2025-12-11;2;1
26;2025-12-11;3;0
26;2025-12-11;4;2
26;2025-12-11;5;102
26;2025-12-11;6;470
26;2025-12-11;7;1185
26;2025-12-11;8;2280
26;2025-12-11;9;1472
26;2025-12-11;10;1294
26;2025-12-11;11;1166
26;2025-12-11;12;1211
26;2025-12-11;13;1211
26;2025-12-11;14;1385
26;2025-12-11;15;1460
26;2025-12-11;16;1513
26;2025-12-11;17;1756
26;2025-12-11;18;1946
26;2025-12-11;19;1285
26;2025-12-11;20;786
26;2025-12-11;21;516
26;2025-12-11;22;218
26;2025-12-11;23;133
26;2025-12-12;0;33
26;2025-12-12;1;1
26;2025-12-12;2;0
26;2025-12-12;3;0
26;2025-12-12;4;2
26;2025-12-12;5;102
26;2025-12-12;6;472
26;2025-12-12;7;1193
26;2025-12-12;8;2230
26;2025-12-12;9;1478
26;2025-12-12;10;1309
26;2025-12-12;11;1188
26;2025-12-12;12;1231
26;2025-12-12;13;1226
26;2025-12-12;14;1404
26;2025-12-12;15;1474
26;2025-12-12;16;1512
26;2025-12-12;17;1717
26;2025-12-12;18;1780
26;2025-12-12;19;1257
26;2025-12-12;20;794
26;2025-12-12;21;524
26;2025-12-12;22;222
26;2025-12-12;23;135
26;2025-12-13;0;55
26;2025-12-13;1;3
26;2025-12-13;2;0
26;2025-12-13;3;0
26;2025-12-13;4;2
26;2025-12-13;5;52
26;2025-12-13;6;250
26;2025-12-13;7;388
26;2025-12-13;8;624
26;2025-12-13;9;662
26;2025-12-13;10;834
26;2025-12-13;11;1023
26;2025-12-13;12;1068
26;2025-12-13;13;1041
26;2025-12-13;14;1120
26;2025-12-13;15;1024
26;2025-12-13;16;1030
26;2025-12-13;17;935
26;2025-12-13;18;894
26;2025-12-13;19;729
26;2025-12-13;20;528
26;2025-12-13;21;345
26;2025-12-13;22;203
26;2025-12-13;23;153
26;2025-12-14;0;47
26;2025-12-14;1;5
26;2025-12-14;2;0
26;2025-12-14;3;0
26;2025-12-14;4;1
26;2025-12-14;5;20
26;2025-12-14;6;164
26;2025-12-14;7;261
26;2025-12-14;8;375
26;2025-12-14;9;519
26;2025-12-14;10;629
26;2025-12-14;11;835
26;2025-12-14;12;806
26;2025-12-14;13;863
26;2025-12-14;14;847
26;2025-12-14;15;786
26;2025-12-14;16;767
26;2025-12-14;17;771
26;2025-12-14;18;716
26;2025-12-14;19;540
26;2025-12-14;20;427
26;2025-12-14;21;290
26;2025-12-14;22;162
26;2025-12-14;23;98
26;2025-12-15;0;33
26;2025-12-15;1;1
26;2025-12-15;2;0
26;2025-12-15;3;0
26;2025-12-15;4;2
26;2025-12-15;5;100
26;2025-12-15;6;462
26;2025-12-15;7;1167
26;2025-12-15;8;2231
26;2025-12-15;9;1449
26;2025-12-15;10;1269
26;2025-12-15;11;1144
26;2025-12-15;12;1192
26;2025-12-15;13;1187
26;2025-12-15;14;1361
26;2025-12-15;15;1427
26;2025-12-15;16;1484
26;2025-12-15;17;1724
26;2025-12-15;18;1923
26;2025-12-15;19;1267
26;2025-12-15;20;782
26;2025-12-15;21;512
26;2025-12-15;22;216
26;2025-12-15;23;130
26;2025-12-16;0;33
26;2025-12-16;1;1
26;2025-12-16;2;1
26;2025-12-16;3;0
26;2025-12-16;4;2
26;2025-12-16;5;104
26;2025-12-16;6;478
26;2025-12-16;7;1209
26;2025-12-16;8;2302
26;2025-12-16;9;1501
26;2025-12-16;10;1319
26;2025-12-16;11;1186
26;2025-12-16;12;1235
26;2025-12-16;13;1229
26;2025-12-16;14;1411
26;2025-12-16;15;1479
26;2025-12-16;16;1526
26;2025-12-16;17;1766
26;2025-12-16;18;1971
26;2025-12-16;19;1299
26;2025-12-16;20;805
26;2025-12-16;21;528
26;2025-12-16;22;224
26;2025-12-16;23;135
26;2025-12-17;0;33
26;2025-12-17;1;1
26;2025-12-17;2;1
26;2025-12-17;3;0
26;2025-12-17;4;2
26;2025-12-17;5;104
26;2025-12-17;6;479
26;2025-12-17;7;1215
26;2025-12-17;8;2312
26;2025-12-17;9;1510
26;2025-12-17;10;1327
26;2025-12-17;11;1205
26;2025-12-17;12;1249
26;2025-12-17;13;1243
26;2025-12-17;14;1426
26;2025-12-17;15;1496
26;2025-12-17;16;1549
26;2025-12-17;17;1792
26;2025-12-17;18;1985
26;2025-12-17;19;1313
26;2025-12-17;20;811
26;2025-12-17;21;533
26;2025-12-17;22;226
26;2025-12-17;23;138
26;2025-12-18;0;33
26;2025-12-18;1;1
26;2025-12-18;2;1
26;2025-12-18;3;0
26;2025-12-18;4;2
26;2025-12-18;5;104
26;2025-12-18;6;482
26;2025-12-18;7;1218
26;2025-12-18;8;2314
26;2025-12-18;9;1513
26;2025-12-18;10;1325
26;2025-12-18;11;1202
26;2025-12-18;12;1245
26;2025-12-18;13;1252
26;2025-12-18;14;1433
26;2025-12-18;15;1504
26;2025-12-18;16;1557
26;2025-12-18;17;1798
26;2025-12-18;18;1990
26;2025-12-18;19;1319
26;2025-12-18;20;814
26;2025-12-18;21;536
26;2025-12-18;22;227
26;2025-12-18;23;138
26;2025-12-19;0;34
26;2025-12-19;1;1
26;2025-12-19;2;1
26;2025-12-19;3;0
26;2025-12-19;4;2
26;2025-12-19;5;106
26;2025-12-19;6;485
26;2025-12-19;7;1226
26;2025-12-19;8;2291
26;2025-12-19;9;1527
26;2025-12-19;10;1344
26;2025-12-19;11;1222
26;2025-12-19;12;1269
26;2025-12-19;13;1262
26;2025-12-19;14;1449
26;2025-12-19;15;1523
26;2025-12-19;16;1571
26;2025-12-19;17;1815
26;2025-12-19;18;1834
26;2025-12-19;19;1298
26;2025-12-19;20;814
26;2025-12-19;21;537
26;2025-12-19;22;229
26;2025-12-19;23;139
26;2025-12-20;0;57
26;2025-12-20;1;3
26;2025-12-20;2;0
26;2025-12-20;3;0
26;2025-12-20;4;2
26;2025-12-20;5;54
26;2025-12-20;6;259
26;2025-12-20;7;404
26;2025-12-20;8;651
26;2025-12-20;9;690
26;2025-12-20;10;876
26;2025-12-20;11;1083
26;2025-12-20;12;1144
26;2025-12-20;13;1110
26;2025-12-20;14;1202
26;2025-12-20;15;1088
26;2025-12-20;16;1101
26;2025-12-20;17;982
26;2025-12-20;18;931
26;2025-12-20;19;756
26;2025-12-20;20;541
26;2025-12-20;21;354
26;2025-12-20;22;208
26;2025-12-20;23;158
26;2025-12-21;0;49
26;2025-12-21;1;5
26;2025-12-21;2;0
26;2025-12-21;3;0
26;2025-12-21;4;1
26;2025-12-21;5;21
26;2025-12-21;6;164
26;2025-12-21;7;268
26;2025-12-21;8;388
26;2025-12-21;9;540
26;2025-12-21;10;653
26;2025-12-21;11;865
26;2025-12-21;12;844
26;2025-12-21;13;915
26;2025-12-21;14;894
26;2025-12-21;15;822
26;2025-12-21;16;789
26;2025-12-21;17;793
26;2025-12-21;18;739
26;2025-12-21;19;552
26;2025-12-21;20;436
26;2025-12-21;21;298
26;2025-12-21;22;165
26;2025-12-21;23;101
26;2025-12-22;0;32
26;2025-12-22;1;1
26;2025-12-22;2;0
26;2025-12-22;3;0
26;2025-12-22;4;2
26;2025-12-22;5;100
26;2025-12-22;6;460
26;2025-12-22;7;1163
26;2025-12-22;8;2228
26;2025-12-22;9;1443
26;2025-12-22;10;1265
26;2025-12-22;11;1136
26;2025-12-22;12;1176
26;2025-12-22;13;1165
26;2025-12-22;14;1329
26;2025-12-22;15;1407
26;2025-12-22;16;1453
26;2025-12-22;17;1690
26;2025-12-22;18;1892
26;2025-12-22;19;1247
26;2025-12-22;20;774
26;2025-12-22;21;509
26;2025-12-22;22;215
26;2025-12-22;23;129
26;2025-12-23;0;33
26;2025-12-23;1;1
26;2025-12-23;2;0
26;2025-12-23;3;0
26;2025-12-23;4;2
26;2025-12-23;5;102
26;2025-12-23;6;471
26;2025-12-23;7;1180
26;2025-12-23;8;2228
26;2025-12-23;9;1459
26;2025-12-23;10;1288
26;2025-12-23;11;1170
26;2025-12-23;12;1210
26;2025-12-23;13;1204
26;2025-12-23;14;1385
26;2025-12-23;15;1455
26;2025-12-23;16;1505
26;2025-12-23;17;1742
26;2025-12-23;18;1937
26;2025-12-23;19;1285
26;2025-12-23;20;794
26;2025-12-23;21;521
26;2025-12-23;22;219
26;2025-12-23;23;132
26;2025-12-24;0;33
26;2025-12-24;1;1
26;2025-12-24;2;0
26;2025-12-24;3;0
26;2025-12-24;4;2
26;2025-12-24;5;102
26;2025-12-24;6;469
26;2025-12-24;7;1188
26;2025-12-24;8;2253
26;2025-12-24;9;1472
26;2025-12-24;10;1294
26;2025-12-24;11;1169
26;2025-12-24;12;1213
26;2025-12-24;13;1200
26;2025-12-24;14;1376
26;2025-12-24;15;1449
26;2025-12-24;16;1501
26;2025-12-24;17;1739
26;2025-12-24;18;1930
26;2025-12-24;19;1275
26;2025-12-24;20;791
26;2025-12-24;21;520
26;2025-12-24;22;221
26;2025-12-24;23;134
26;2025-12-25;0;33
26;2025-12-25;1;1
26;2025-12-25;2;1
26;2025-12-25;3;0
26;2025-12-25;4;2
26;2025-12-25;5;103
26;2025-12-25;6;477
26;2025-12-25;7;1199
26;2025-12-25;8;2294
26;2025-12-25;9;1483
26;2025-12-25;10;1307
26;2025-12-25;11;1178
26;2025-12-25;12;1227
26;2025-12-25;13;1222
26;2025-12-25;14;1395
26;2025-12-25;15;1464
26;2025-12-25;16;1517
26;2025-12-25;17;1749
26;2025-12-25;18;1941
26;2025-12-25;19;1287
26;2025-12-25;20;802
26;2025-12-25;21;527
26;2025-12-25;22;224
26;2025-12-25;23;137
26;2025-12-26;0;33
26;2025-12-26;1;1
26;2025-12-26;2;0
26;2025-12-26;3;0
26;2025-12-26;4;2
26;2025-12-26;5;102
26;2025-12-26;6;471
26;2025-12-26;7;1185
26;2025-12-26;8;2186
26;2025-12-26;9;1451
26;2025-12-26;10;1278
26;2025-12-26;11;1154
26;2025-12-26;12;1196
26;2025-12-26;13;1191
26;2025-12-26;14;1367
26;2025-12-26;15;1437
26;2025-12-26;16;1476
26;2025-12-26;17;1691
26;2025-12-26;18;1788
26;2025-12-26;19;1257
26;2025-12-26;20;785
26;2025-12-26;21;521
26;2025-12-26;22;221
26;2025-12-26;23;134
26;2025-12-27;0;54
26;2025-12-27;1;3
26;2025-12-27;2;0
26;2025-12-27;3;0
26;2025-12-27;4;2
26;2025-12-27;5;51
26;2025-12-27;6;243
26;2025-12-27;7;377
26;2025-12-27;8;613
26;2025-12-27;9;651
26;2025-12-27;10;826
26;2025-12-27;11;1015
26;2025-12-27;12;1073
26;2025-12-27;13;1039
26;2025-12-27;14;1131
26;2025-12-27;15;1020
26;2025-12-27;16;1035
26;2025-12-27;17;925
26;2025-12-27;18;878
26;2025-12-27;19;715
26;2025-12-27;20;517
26;2025-12-27;21;337
26;2025-12-27;22;193
26;2025-12-27;23;149
26;2025-12-28;0;46
26;2025-12-28;1;5
26;2025-12-28;2;0
26;2025-12-28;3;0
26;2025-12-28;4;1
26;2025-12-28;5;20
26;2025-12-28;6;158
26;2025-12-28;7;248
26;2025-12-28;8;356
26;2025-12-28;9;503
26;2025-12-28;10;613
26;2025-12-28;11;811
26;2025-12-28;12;795
26;2025-12-28;13;856
26;2025-12-28;14;837
26;2025-12-28;15;769
26;2025-12-28;16;744
26;2025-12-28;17;747
26;2025-12-28;18;695
26;2025-12-28;19;518
26;2025-12-28;20;414
26;2025-12-28;21;281
26;2025-12-28;22;156
26;2025-12-28;23;96
26;2025-12-29;0;31
26;2025-12-29;1;1
26;2025-12-29;2;0
26;2025-12-29;3;0
26;2025-12-29;4;2
26;2025-12-29;5;95
26;2025-12-29;6;440
26;2025-12-29;7;1114
26;2025-12-29;8;2133
26;2025-12-29;9;1382
26;2025-12-29;10;1211
26;2025-12-29;11;1088
26;2025-12-29;12;1136
26;2025-12-29;13;1131
26;2025-12-29;14;1297
26;2025-12-29;15;1359
26;2025-12-29;16;1414
26;2025-12-29;17;1642
26;2025-12-29;18;1834
26;2025-12-29;19;1205
26;2025-12-29;20;745
26;2025-12-29;21;488
26;2025-12-29;22;206
26;2025-12-29;23;123
26;2025-12-30;0;32
26;2025-12-30;1;1
26;2025-12-30;2;1
26;2025-12-30;3;0
26;2025-12-30;4;2
26;2025-12-30;5;98
26;2025-12-30;6;453
26;2025-12-30;7;1146
26;2025-12-30;8;2177
26;2025-12-30;9;1426
26;2025-12-30;10;1254
26;2025-12-30;11;1129
26;2025-12-30;12;1176
26;2025-12-30;13;1170
26;2025-12-30;14;1344
26;2025-12-30;15;1410
26;2025-12-30;16;1458
26;2025-12-30;17;1682
26;2025-12-30;18;1790
26;2025-12-30;19;1216
26;2025-12-30;20;760
26;2025-12-30;21;501
26;2025-12-30;22;212
26;2025-12-30;23;127
26;2025-12-31;0;47
26;2025-12-31;1;5
26;2025-12-31;2;0
26;2025-12-31;3;0
26;2025-12-31;4;1
26;2025-12-31;5;20
26;2025-12-31;6;161
26;2025-12-31;7;256
26;2025-12-31;8;362
26;2025-12-31;9;496
26;2025-12-31;10;599
26;2025-12-31;11;796
26;2025-12-31;12;786
26;2025-12-31;13;846
26;2025-12-31;14;824
26;2025-12-31;15;754
26;2025-12-31;16;727
26;2025-12-31;17;729
26;2025-12-31;18;685
26;2025-12-31;19;506
26;2025-12-31;20;420
26;2025-12-31;21;286
26;2025-12-31;22;159
26;2025-12-31;23;97
28;2025-11-01;0;3
28;2025-11-01;1;1
28;2025-11-01;2;0
28;2025-11-01;3;0
28;2025-11-01;4;2
28;2025-11-01;5;75
28;2025-11-01;6;248
28;2025-11-01;7;822
28;2025-11-01;8;1246
28;2025-11-01;9;798
28;2025-11-01;10;622
28;2025-11-01;11;577
28;2025-11-01;12;719
28;2025-11-01;13;695
28;2025-11-01;14;666
28;2025-11-01;15;702
28;2025-11-01;16;910
28;2025-11-01;17;1016
28;2025-11-01;18;952
28;2025-11-01;19;762
28;2025-11-01;20;525
28;2025-11-01;21;306
28;2025-11-01;22;115
28;2025-11-01;23;14
28;2025-11-02;0;0
28;2025-11-02;1;0
28;2025-11-02;2;0
28;2025-11-02;3;0
28;2025-11-02;4;0
28;2025-11-02;5;34
28;2025-11-02;6;84
28;2025-11-02;7;171
28;2025-11-02;8;254
28;2025-11-02;9;378
28;2025-11-02;10;439
28;2025-11-02;11;461
28;2025-11-02;12;472
28;2025-11-02;13;592
28;2025-11-02;14;547
28;2025-11-02;15;555
28;2025-11-02;16;473
28;2025-11-02;17;509
28;2025-11-02;18;431
28;2025-11-02;19;417
28;2025-11-02;20;306
28;2025-11-02;21;248
28;2025-11-02;22;111
28;2025-11-02;23;16
28;2025-11-03;0;0
28;2025-11-03;1;0
28;2025-11-03;2;0
28;2025-11-03;3;0
28;2025-11-03;4;0
28;2025-11-03;5;32
28;2025-11-03;6;81
28;2025-11-03;7;167
28;2025-11-03;8;250
28;2025-11-03;9;353
28;2025-11-03;10;422
28;2025-11-03;11;435
28;2025-11-03;12;444
28;2025-11-03;13;564
28;2025-11-03;14;518
28;2025-11-03;15;525
28;2025-11-03;16;444
28;2025-11-03;17;486
28;2025-11-03;18;404
28;2025-11-03;19;387
28;2025-11-03;20;296
28;2025-11-03;21;238
28;2025-11-03;22;107
28;2025-11-03;23;15
28;2025-11-04;0;0
28;2025-11-04;1;0
28;2025-11-04;2;0
28;2025-11-04;3;0
28;2025-11-04;4;0
28;2025-11-04;5;33
28;2025-11-04;6;82
28;2025-11-04;7;169
28;2025-11-04;8;252
28;2025-11-04;9;357
28;2025-11-04;10;425
28;2025-11-04;11;443
28;2025-11-04;12;454
28;2025-11-04;13;586
28;2025-11-04;14;541
28;2025-11-04;15;549
28;2025-11-04;16;462
28;2025-11-04;17;497
28;2025-11-04;18;412
28;2025-11-04;19;397
28;2025-11-04;20;304
28;2025-11-04;21;246
28;2025-11-04;22;109
28;2025-11-04;23;15
28;2025-11-05;0;4
28;2025-11-05;1;1
28;2025-11-05;2;0
28;2025-11-05;3;0
28;2025-11-05;4;2
28;2025-11-05;5;80
28;2025-11-05;6;266
28;2025-11-05;7;866
28;2025-11-05;8;1398
28;2025-11-05;9;869
28;2025-11-05;10;680
28;2025-11-05;11;623
28;2025-11-05;12;770
28;2025-11-05;13;750
28;2025-11-05;14;724
28;2025-11-05;15;764
28;2025-11-05;16;988
28;2025-11-05;17;1110
28;2025-11-05;18;1060
28;2025-11-05;19;795
28;2025-11-05;20;562
28;2025-11-05;21;325
28;2025-11-05;22;120
28;2025-11-05;23;13
28;2025-11-06;0;4
28;2025-11-06;1;1
28;2025-11-06;2;0
28;2025-11-06;3;0
28;2025-11-06;4;2
28;2025-11-06;5;80
28;2025-11-06;6;264
28;2025-11-06;7;858
28;2025-11-06;8;1415
28;2025-11-06;9;861
28;2025-11-06;10;675
28;2025-11-06;11;620
28;2025-11-06;12;768
28;2025-11-06;13;746
28;2025-11-06;14;718
28;2025-11-06;15;749
28;2025-11-06;16;969
28;2025-11-06;17;1090
28;2025-11-06;18;1041
28;2025-11-06;19;782
28;2025-11-06;20;553
28;2025-11-06;21;322
28;2025-11-06;22;119
28;2025-11-06;23;13
28;2025-11-07;0;4
28;2025-11-07;1;1
28;2025-11-07;2;0
28;2025-11-07;3;0
28;2025-11-07;4;2
28;2025-11-07;5;82
28;2025-11-07;6;273
28;2025-11-07;7;887
28;2025-11-07;8;1416
28;2025-11-07;9;888
28;2025-11-07;10;703
28;2025-11-07;11;652
28;2025-11-07;12;800
28;2025-11-07;13;775
28;2025-11-07;14;744
28;2025-11-07;15;786
28;2025-11-07;16;1008
28;2025-11-07;17;1139
28;2025-11-07;18;1039
28;2025-11-07;19;791
28;2025-11-07;20;571
28;2025-11-07;21;331
28;2025-11-07;22;122
28;2025-11-07;23;14
28;2025-11-08;0;1
28;2025-11-08;1;0
28;2025-11-08;2;0
28;2025-11-08;3;0
28;2025-11-08;4;1
28;2025-11-08;5;44
28;2025-11-08;6;110
28;2025-11-08;7;253
28;2025-11-08;8;433
28;2025-11-08;9;477
28;2025-11-08;10;536
28;2025-11-08;11;536
28;2025-11-08;12;622
28;2025-11-08;13;618
28;2025-11-08;14;636
28;2025-11-08;15;654
28;2025-11-08;16;586
28;2025-11-08;17;583
28;2025-11-08;18;509
28;2025-11-08;19;408
28;2025-11-08;20;284
28;2025-11-08;21;253
28;2025-11-08;22;98
28;2025-11-08;23;9
28;2025-11-09;0;0
28;2025-11-09;1;0
28;2025-11-09;2;0
28;2025-11-09;3;0
28;2025-11-09;4;0
28;2025-11-09;5;32
28;2025-11-09;6;81
28;2025-11-09;7;167
28;2025-11-09;8;257
28;2025-11-09;9;381
28;2025-11-09;10;440
28;2025-11-09;11;462
28;2025-11-09;12;473
28;2025-11-09;13;596
28;2025-11-09;14;546
28;2025-11-09;15;554
28;2025-11-09;16;475
28;2025-11-09;17;512
28;2025-11-09;18;431
28;2025-11-09;19;414
28;2025-11-09;20;302
28;2025-11-09;21;245
28;2025-11-09;22;108
28;2025-11-09;23;15
28;2025-11-10;0;3
28;2025-11-10;1;1
28;2025-11-10;2;0
28;2025-11-10;3;0
28;2025-11-10;4;2
28;2025-11-10;5;78
28;2025-11-10;6;259
28;2025-11-10;7;852
28;2025-11-10;8;1370
28;2025-11-10;9;853
28;2025-11-10;10;665
28;2025-11-10;11;613
28;2025-11-10;12;763
28;2025-11-10;13;739
28;2025-11-10;14;710
28;2025-11-10;15;749
28;2025-11-10;16;965
28;2025-11-10;17;1092
28;2025-11-10;18;1051
28;2025-11-10;19;785
28;2025-11-10;20;554
28;2025-11-10;21;319
28;2025-11-10;22;117
28;2025-11-10;23;13
28;2025-11-11;0;4
28;2025-11-11;1;1
28;2025-11-11;2;0
28;2025-11-11;3;0
28;2025-11-11;4;2
28;2025-11-11;5;82
28;2025-11-11;6;269
28;2025-11-11;7;878
28;2025-11-11;8;1416
28;2025-11-11;9;881
28;2025-11-11;10;691
28;2025-11-11;11;641
28;2025-11-11;12;792
28;2025-11-11;13;767
28;2025-11-11;14;734
28;2025-11-11;15;772
28;2025-11-11;16;998
28;2025-11-11;17;1125
28;2025-11-11;18;1079
28;2025-11-11;19;809
28;2025-11-11;20;572
28;2025-11-11;21;330
28;2025-11-11;22;122
28;2025-11-11;23;14
28;2025-11-12;0;4
28;2025-11-12;1;1
28;2025-11-12;2;0
28;2025-11-12;3;0
28;2025-11-12;4;2
28;2025-11-12;5;81
28;2025-11-12;6;268
28;2025-11-12;7;866
28;2025-11-12;8;1395
28;2025-11-12;9;870
28;2025-11-12;10;683
28;2025-11-12;11;628
28;2025-11-12;12;778
28;2025-11-12;13;754
28;2025-11-12;14;724
28;2025-11-12;15;762
28;2025-11-12;16;982
28;2025-11-12;17;1106
28;2025-11-12;18;1063
28;2025-11-12;19;798
28;2025-11-12;20;567
28;2025-11-12;21;328
28;2025-11-12;22;120
28;2025-11-12;23;14
28;2025-11-13;0;4
28;2025-11-13;1;1
28;2025-11-13;2;0
28;2025-11-13;3;0
28;2025-11-13;4;2
28;2025-11-13;5;81
28;2025-11-13;6;268
28;2025-11-13;7;873
28;2025-11-13;8;1418
28;2025-11-13;9;876
28;2025-11-13;10;687
28;2025-11-13;11;636
28;2025-11-13;12;784
28;2025-11-13;13;759
28;2025-11-13;14;728
28;2025-11-13;15;766
28;2025-11-13;16;985
28;2025-11-13;17;1107
28;2025-11-13;18;1063
28;2025-11-13;19;795
28;2025-11-13;20;564
28;2025-11-13;21;326
28;2025-11-13;22;120
28;2025-11-13;23;14
28;2025-11-14;0;3
28;2025-11-14;1;1
28;2025-11-14;2;0
28;2025-11-14;3;0
28;2025-11-14;4;2
28;2025-11-14;5;81
28;2025-11-14;6;268
28;2025-11-14;7;865
28;2025-11-14;8;1371
28;2025-11-14;9;869
28;2025-11-14;10;685
28;2025-11-14;11;634
28;2025-11-14;12;784
28;2025-11-14;13;757
28;2025-11-14;14;728
28;2025-11-14;15;770
28;2025-11-14;16;989
28;2025-11-14;17;1098
28;2025-11-14;18;1022
28;2025-11-14;19;789
28;2025-11-14;20;567
28;2025-11-14;21;329
28;2025-11-14;22;122
28;2025-11-14;23;14
28;2025-11-15;0;1
28;2025-11-15;1;0
28;2025-11-15;2;0
28;2025-11-15;3;0
28;2025-11-15;4;1
28;2025-11-15;5;42
28;2025-11-15;6;108
28;2025-11-15;7;247
28;2025-11-15;8;414
28;2025-11-15;9;461
28;2025-11-15;10;512
28;2025-11-15;11;507
28;2025-11-15;12;595
28;2025-11-15;13;591
28;2025-11-15;14;602
28;2025-11-15;15;617
28;2025-11-15;16;553
28;2025-11-15;17;548
28;2025-11-15;18;486
28;2025-11-15;19;391
28;2025-11-15;20;277
28;2025-11-15;21;250
28;2025-11-15;22;97
28;2025-11-15;23;9
28;2025-11-16;0;0
28;2025-11-16;1;0
28;2025-11-16;2;0
28;2025-11-16;3;0
28;2025-11-16;4;0
28;2025-11-16;5;33
28;2025-11-16;6;82
28;2025-11-16;7;167
28;2025-11-16;8;256
28;2025-11-16;9;379
28;2025-11-16;10;440
28;2025-11-16;11;462
28;2025-11-16;12;474
28;2025-11-16;13;596
28;2025-11-16;14;547
28;2025-11-16;15;557
28;2025-11-16;16;474
28;2025-11-16;17;510
28;2025-11-16;18;430
28;2025-11-16;19;416
28;2025-11-16;20;306
28;2025-11-16;21;248
28;2025-11-16;22;110
28;2025-11-16;23;16
28;2025-11-17;0;3
28;2025-11-17;1;1
28;2025-11-17;2;0
28;2025-11-17;3;0
28;2025-11-17;4;2
28;2025-11-17;5;79
28;2025-11-17;6;262
28;2025-11-17;7;845
28;2025-11-17;8;1365
28;2025-11-17;9;845
28;2025-11-17;10;658
28;2025-11-17;11;607
28;2025-11-17;12;754
28;2025-11-17;13;729
28;2025-11-17;14;701
28;2025-11-17;15;738
28;2025-11-17;16;951
28;2025-11-17;17;1077
28;2025-11-17;18;1045
28;2025-11-17;19;791
28;2025-11-17;20;563
28;2025-11-17;21;324
28;2025-11-17;22;119
28;2025-11-17;23;13
28;2025-11-18;0;3
28;2025-11-18;1;1
28;2025-11-18;2;0
28;2025-11-18;3;0
28;2025-11-18;4;2
28;2025-11-18;5;80
28;2025-11-18;6;261
28;2025-11-18;7;839
28;2025-11-18;8;1384
28;2025-11-18;9;836
28;2025-11-18;10;654
28;2025-11-18;11;604
28;2025-11-18;12;745
28;2025-11-18;13;722
28;2025-11-18;14;691
28;2025-11-18;15;728
28;2025-11-18;16;943
28;2025-11-18;17;1062
28;2025-11-18;18;1022
28;2025-11-18;19;771
28;2025-11-18;20;551
28;2025-11-18;21;319
28;2025-11-18;22;117
28;2025-11-18;23;14
28;2025-11-19;0;4
28;2025-11-19;1;1
28;2025-11-19;2;0
28;2025-11-19;3;0
28;2025-11-19;4;2
28;2025-11-19;5;82
28;2025-11-19;6;271
28;2025-11-19;7;884
28;2025-11-19;8;1417
28;2025-11-19;9;884
28;2025-11-19;10;689
28;2025-11-19;11;638
28;2025-11-19;12;791
28;2025-11-19;13;768
28;2025-11-19;14;736
28;2025-11-19;15;774
28;2025-11-19;16;999
28;2025-11-19;17;1126
28;2025-11-19;18;1083
28;2025-11-19;19;820
28;2025-11-19;20;584
28;2025-11-19;21;338
28;2025-11-19;22;124
28;2025-11-19;23;15
28;2025-11-20;0;4
28;2025-11-20;1;1
28;2025-11-20;2;0
28;2025-11-20;3;0
28;2025-11-20;4;2
28;2025-11-20;5;82
28;2025-11-20;6;271
28;2025-11-20;7;884
28;2025-11-20;8;1421
28;2025-11-20;9;888
28;2025-11-20;10;696
28;2025-11-20;11;644
28;2025-11-20;12;794
28;2025-11-20;13;769
28;2025-11-20;14;738
28;2025-11-20;15;776
28;2025-11-20;16;1004
28;2025-11-20;17;1131
28;2025-11-20;18;1087
28;2025-11-20;19;813
28;2025-11-20;20;577
28;2025-11-20;21;334
28;2025-11-20;22;123
28;2025-11-20;23;14
28;2025-11-21;0;4
28;2025-11-21;1;1
28;2025-11-21;2;0
28;2025-11-21;3;0
28;2025-11-21;4;2
28;2025-11-21;5;83
28;2025-11-21;6;274
28;2025-11-21;7;888
28;2025-11-21;8;1389
28;2025-11-21;9;889
28;2025-11-21;10;699
28;2025-11-21;11;647
28;2025-11-21;12;800
28;2025-11-21;13;775
28;2025-11-21;14;744
28;2025-11-21;15;783
28;2025-11-21;16;1006
28;2025-11-21;17;1127
28;2025-11-21;18;1047
28;2025-11-21;19;807
28;2025-11-21;20;583
28;2025-11-21;21;339
28;2025-11-21;22;126
28;2025-11-21;23;15
28;2025-11-22;0;1
28;2025-11-22;1;0
28;2025-11-22;2;0
28;2025-11-22;3;0
28;2025-11-22;4;1
28;2025-11-22;5;43
28;2025-11-22;6;111
28;2025-11-22;7;259
28;2025-11-22;8;442
28;2025-11-22;9;489
28;2025-11-22;10;549
28;2025-11-22;11;544
28;2025-11-22;12;639
28;2025-11-22;13;628
28;2025-11-22;14;642
28;2025-11-22;15;655
28;2025-11-22;16;590
28;2025-11-22;17;586
28;2025-11-22;18;514
28;2025-11-22;19;411
28;2025-11-22;20;289
28;2025-11-22;21;253
28;2025-11-22;22;99
28;2025-11-22;23;9
28;2025-11-23;0;0
28;2025-11-23;1;0
28;2025-11-23;2;0
28;2025-11-23;3;0
28;2025-11-23;4;0
28;2025-11-23;5;33
28;2025-11-23;6;82
28;2025-11-23;7;169
28;2025-11-23;8;258
28;2025-11-23;9;382
28;2025-11-23;10;442
28;2025-11-23;11;466
28;2025-11-23;12;477
28;2025-11-23;13;600
28;2025-11-23;14;553
28;2025-11-23;15;561
28;2025-11-23;16;478
28;2025-11-23;17;514
28;2025-11-23;18;435
28;2025-11-23;19;421
28;2025-11-23;20;309
28;2025-11-23;21;250
28;2025-11-23;22;110
28;2025-11-23;23;16
28;2025-11-24;0;3
28;2025-11-24;1;1
28;2025-11-24;2;0
28;2025-11-24;3;0
28;2025-11-24;4;2
28;2025-11-24;5;78
28;2025-11-24;6;255
28;2025-11-24;7;822
28;2025-11-24;8;1335
28;2025-11-24;9;823
28;2025-11-24;10;639
28;2025-11-24;11;587
28;2025-11-24;12;730
28;2025-11-24;13;706
28;2025-11-24;14;677
28;2025-11-24;15;716
28;2025-11-24;16;918
28;2025-11-24;17;1038
28;2025-11-24;18;1008
28;2025-11-24;19;756
28;2025-11-24;20;538
28;2025-11-24;21;310
28;2025-11-24;22;114
28;2025-11-24;23;13
28;2025-11-25;0;4
28;2025-11-25;1;1
28;2025-11-25;2;0
28;2025-11-25;3;0
28;2025-11-25;4;2
28;2025-11-25;5;80
28;2025-11-25;6;266
28;2025-11-25;7;862
28;2025-11-25;8;1399
28;2025-11-25;9;865
28;2025-11-25;10;678
28;2025-11-25;11;629
28;2025-11-25;12;776
28;2025-11-25;13;754
28;2025-11-25;14;723
28;2025-11-25;15;759
28;2025-11-25;16;979
28;2025-11-25;17;1104
28;2025-11-25;18;1060
28;2025-11-25;19;802
28;2025-11-25;20;572
28;2025-11-25;21;329
28;2025-11-25;22;121
28;2025-11-25;23;14
28;2025-11-26;0;4
28;2025-11-26;1;1
28;2025-11-26;2;0
28;2025-11-26;3;0
28;2025-11-26;4;2
28;2025-11-26;5;80
28;2025-11-26;6;266
28;2025-11-26;7;859
28;2025-11-26;8;1383
28;2025-11-26;9;858
28;2025-11-26;10;673
28;2025-11-26;11;618
28;2025-11-26;12;764
28;2025-11-26;13;741
28;2025-11-26;14;710
28;2025-11-26;15;747
28;2025-11-26;16;964
28;2025-11-26;17;1087
28;2025-11-26;18;1053
28;2025-11-26;19;796
28;2025-11-26;20;569
28;2025-11-26;21;329
28;2025-11-26;22;121
28;2025-11-26;23;14
28;2025-11-27;0;4
28;2025-11-27;1;1
28;2025-11-27;2;0
28;2025-11-27;3;0
28;2025-11-27;4;2
28;2025-11-27;5;80
28;2025-11-27;6;266
28;2025-11-27;7;867
28;2025-11-27;8;1408
28;2025-11-27;9;865
28;2025-11-27;10;677
28;2025-11-27;11;624
28;2025-11-27;12;773
28;2025-11-27;13;749
28;2025-11-27;14;719
28;2025-11-27;15;756
28;2025-11-27;16;977
28;2025-11-27;17;1101
28;2025-11-27;18;1056
28;2025-11-27;19;793
28;2025-11-27;20;562
28;2025-11-27;21;325
28;2025-11-27;22;120
28;2025-11-27;23;13
28;2025-11-28;0;4
28;2025-11-28;1;1
28;2025-11-28;2;0
28;2025-11-28;3;0
28;2025-11-28;4;2
28;2025-11-28;5;81
28;2025-11-28;6;269
28;2025-11-28;7;872
28;2025-11-28;8;1386
28;2025-11-28;9;874
28;2025-11-28;10;689
28;2025-11-28;11;637
28;2025-11-28;12;784
28;2025-11-28;13;764
28;2025-11-28;14;734
28;2025-11-28;15;773
28;2025-11-28;16;994
28;2025-11-28;17;1119
28;2025-11-28;18;1036
28;2025-11-28;19;786
28;2025-11-28;20;563
28;2025-11-28;21;328
28;2025-11-28;22;121
28;2025-11-28;23;14
28;2025-11-29;0;1
28;2025-11-29;1;0
28;2025-11-29;2;0
28;2025-11-29;3;0
28;2025-11-29;4;1
28;2025-11-29;5;44
28;2025-11-29;6;111
28;2025-11-29;7;256
28;2025-11-29;8;437
28;2025-11-29;9;483
28;2025-11-29;10;542
28;2025-11-29;11;539
28;2025-11-29;12;640
28;2025-11-29;13;625
28;2025-11-29;14;641
28;2025-11-29;15;654
28;2025-11-29;16;588
28;2025-11-29;17;584
28;2025-11-29;18;513
28;2025-11-29;19;412
28;2025-11-29;20;287
28;2025-11-29;21;256
28;2025-11-29;22;99
28;2025-11-29;23;9
28;2025-11-30;0;0
28;2025-11-30;1;0
28;2025-11-30;2;0
28;2025-11-30;3;0
28;2025-11-30;4;0
28;2025-11-30;5;32
28;2025-11-30;6;81
28;2025-11-30;7;167
28;2025-11-30;8;255
28;2025-11-30;9;380
28;2025-11-30;10;439
28;2025-11-30;11;461
28;2025-11-30;12;473
28;2025-11-30;13;596
28;2025-11-30;14;547
28;2025-11-30;15;555
28;2025-11-30;16;473
28;2025-11-30;17;511
28;2025-11-30;18;431
28;2025-11-30;19;414
28;2025-11-30;20;302
28;2025-11-30;21;244
28;2025-11-30;22;108
28;2025-11-30;23;15
28;2025-12-01;0;4
28;2025-12-01;1;1
28;2025-12-01;2;0
28;2025-12-01;3;0
28;2025-12-01;4;2
28;2025-12-01;5;77
28;2025-12-01;6;253
28;2025-12-01;7;832
28;2025-12-01;8;1335
28;2025-12-01;9;832
28;2025-12-01;10;649
28;2025-12-01;11;599
28;2025-12-01;12;745
28;2025-12-01;13;720
28;2025-12-01;14;693
28;2025-12-01;15;729
28;2025-12-01;16;939
28;2025-12-01;17;1063
28;2025-12-01;18;1025
28;2025-12-01;19;766
28;2025-12-01;20;541
28;2025-12-01;21;311
28;2025-12-01;22;114
28;2025-12-01;23;13
28;2025-12-02;0;4
28;2025-12-02;1;1
28;2025-12-02;2;0
28;2025-12-02;3;0
28;2025-12-02;4;2
28;2025-12-02;5;79
28;2025-12-02;6;261
28;2025-12-02;7;856
28;2025-12-02;8;1383
28;2025-12-02;9;859
28;2025-12-02;10;674
28;2025-12-02;11;624
28;2025-12-02;12;772
28;2025-12-02;13;747
28;2025-12-02;14;716
28;2025-12-02;15;754
28;2025-12-02;16;971
28;2025-12-02;17;1096
28;2025-12-02;18;1051
28;2025-12-02;19;789
28;2025-12-02;20;557
28;2025-12-02;21;322
28;2025-12-02;22;117
28;2025-12-02;23;13
28;2025-12-03;0;4
28;2025-12-03;1;1
28;2025-12-03;2;0
28;2025-12-03;3;0
28;2025-12-03;4;2
28;2025-12-03;5;80
28;2025-12-03;6;261
28;2025-12-03;7;858
28;2025-12-03;8;1372
28;2025-12-03;9;862
28;2025-12-03;10;676
28;2025-12-03;11;626
28;2025-12-03;12;773
28;2025-12-03;13;748
28;2025-12-03;14;717
28;2025-12-03;15;756
28;2025-12-03;16;975
28;2025-12-03;17;1098
28;2025-12-03;18;1054
28;2025-12-03;19;790
28;2025-12-03;20;558
28;2025-12-03;21;324
28;2025-12-03;22;118
28;2025-12-03;23;13
28;2025-12-04;0;4
28;2025-12-04;1;1
28;2025-12-04;2;0
28;2025-12-04;3;0
28;2025-12-04;4;2
28;2025-12-04;5;80
28;2025-12-04;6;261
28;2025-12-04;7;858
28;2025-12-04;8;1384
28;2025-12-04;9;861
28;2025-12-04;10;675
28;2025-12-04;11;624
28;2025-12-04;12;772
28;2025-12-04;13;747
28;2025-12-04;14;718
28;2025-12-04;15;755
28;2025-12-04;16;973
28;2025-12-04;17;1097
28;2025-12-04;18;1053
28;2025-12-04;19;789
28;2025-12-04;20;558
28;2025-12-04;21;324
28;2025-12-04;22;118
28;2025-12-04;23;14
28;2025-12-05;0;4
28;2025-12-05;1;1
28;2025-12-05;2;0
28;2025-12-05;3;0
28;2025-12-05;4;2
28;2025-12-05;5;80
28;2025-12-05;6;265
28;2025-12-05;7;865
28;2025-12-05;8;1356
28;2025-12-05;9;870
28;2025-12-05;10;682
28;2025-12-05;11;635
28;2025-12-05;12;785
28;2025-12-05;13;760
28;2025-12-05;14;731
28;2025-12-05;15;771
28;2025-12-05;16;989
28;2025-12-05;17;1111
28;2025-12-05;18;1025
28;2025-12-05;19;780
28;2025-12-05;20;560
28;2025-12-05;21;325
28;2025-12-05;22;120
28;2025-12-05;23;13
28;2025-12-06;0;1
28;2025-12-06;1;0
28;2025-12-06;2;0
28;2025-12-06;3;0
28;2025-12-06;4;1
28;2025-12-06;5;43
28;2025-12-06;6;111
28;2025-12-06;7;256
28;2025-12-06;8;438
28;2025-12-06;9;484
28;2025-12-06;10;544
28;2025-12-06;11;541
28;2025-12-06;12;641
28;2025-12-06;13;628
28;2025-12-06;14;645
28;2025-12-06;15;658
28;2025-12-06;16;589
28;2025-12-06;17;584
28;2025-12-06;18;513
28;2025-12-06;19;413
28;2025-12-06;20;287
28;2025-12-06;21;256
28;2025-12-06;22;99
28;2025-12-06;23;9
28;2025-12-07;0;0
28;2025-12-07;1;0
28;2025-12-07;2;0
28;2025-12-07;3;0
28;2025-12-07;4;0
28;2025-12-07;5;32
28;2025-12-07;6;81
28;2025-12-07;7;169
28;2025-12-07;8;258
28;2025-12-07;9;382
28;2025-12-07;10;443
28;2025-12-07;11;465
28;2025-12-07;12;476
28;2025-12-07;13;600
28;2025-12-07;14;552
28;2025-12-07;15;561
28;2025-12-07;16;478
28;2025-12-07;17;515
28;2025-12-07;18;434
28;2025-12-07;19;417
28;2025-12-07;20;305
28;2025-12-07;21;247
28;2025-12-07;22;109
28;2025-12-07;23;15
28;2025-12-08;0;3
28;2025-12-08;1;1
28;2025-12-08;2;0
28;2025-12-08;3;0
28;2025-12-08;4;2
28;2025-12-08;5;78
28;2025-12-08;6;258
28;2025-12-08;7;846
28;2025-12-08;8;1360
28;2025-12-08;9;847
28;2025-12-08;10;661
28;2025-12-08;11;610
28;2025-12-08;12;757
28;2025-12-08;13;730
28;2025-12-08;14;702
28;2025-12-08;15;743
28;2025-12-08;16;956
28;2025-12-08;17;1078
28;2025-12-08;18;1040
28;2025-12-08;19;779
28;2025-12-08;20;551
28;2025-12-08;21;317
28;2025-12-08;22;115
28;2025-12-08;23;13
28;2025-12-09;0;4
28;2025-12-09;1;1
28;2025-12-09;2;0
28;2025-12-09;3;0
28;2025-12-09;4;2
28;2025-12-09;5;80
28;2025-12-09;6;264
28;2025-12-09;7;853
28;2025-12-09;8;1378
28;2025-12-09;9;854
28;2025-12-09;10;669
28;2025-12-09;11;619
28;2025-12-09;12;758
28;2025-12-09;13;737
28;2025-12-09;14;708
28;2025-12-09;15;745
28;2025-12-09;16;967
28;2025-12-09;17;1080
28;2025-12-09;18;1041
28;2025-12-09;19;788
28;2025-12-09;20;560
28;2025-12-09;21;323
28;2025-12-09;22;119
28;2025-12-09;23;14
28;2025-12-10;0;4
28;2025-12-10;1;1
28;2025-12-10;2;0
28;2025-12-10;3;0
28;2025-12-10;4;2
28;2025-12-10;5;81
28;2025-12-10;6;266
28;2025-12-10;7;860
28;2025-12-10;8;1383
28;2025-12-10;9;859
28;2025-12-10;10;674
28;2025-12-10;11;623
28;2025-12-10;12;769
28;2025-12-10;13;743
28;2025-12-10;14;712
28;2025-12-10;15;749
28;2025-12-10;16;968
28;2025-12-10;17;1092
28;2025-12-10;18;1054
28;2025-12-10;19;797
28;2025-12-10;20;569
28;2025-12-10;21;331
28;2025-12-10;22;121
28;2025-12-10;23;15
28;2025-12-11;0;4
28;2025-12-11;1;1
28;2025-12-11;2;0
28;2025-12-11;3;0
28;2025-12-11;4;2
28;2025-12-11;5;81
28;2025-12-11;6;266
28;2025-12-11;7;857
28;2025-12-11;8;1404
28;2025-12-11;9;860
28;2025-12-11;10;675
28;2025-12-11;11;619
28;2025-12-11;12;768
28;2025-12-11;13;743
28;2025-12-11;14;713
28;2025-12-11;15;751
28;2025-12-11;16;971
28;2025-12-11;17;1095
28;2025-12-11;18;1053
28;2025-12-11;19;801
28;2025-12-11;20;565
28;2025-12-11;21;326
28;2025-12-11;22;120
28;2025-12-11;23;14
28;2025-12-12;0;3
28;2025-12-12;1;1
28;2025-12-12;2;0
28;2025-12-12;3;0
28;2025-12-12;4;2
28;2025-12-12;5;81
28;2025-12-12;6;267
28;2025-12-12;7;861
28;2025-12-12;8;1370
28;2025-12-12;9;868
28;2025-12-12;10;681
28;2025-12-12;11;631
28;2025-12-12;12;781
28;2025-12-12;13;756
28;2025-12-12;14;725
28;2025-12-12;15;759
28;2025-12-12;16;974
28;2025-12-12;17;1076
28;2025-12-12;18;1015
28;2025-12-12;19;784
28;2025-12-12;20;569
28;2025-12-12;21;331
28;2025-12-12;22;121
28;2025-12-12;23;14
28;2025-12-13;0;1
28;2025-12-13;1;0
28;2025-12-13;2;0
28;2025-12-13;3;0
28;2025-12-13;4;1
28;2025-12-13;5;43
28;2025-12-13;6;111
28;2025-12-13;7;254
28;2025-12-13;8;430
28;2025-12-13;9;475
28;2025-12-13;10;531
28;2025-12-13;11;527
28;2025-12-13;12;617
28;2025-12-13;13;606
28;2025-12-13;14;620
28;2025-12-13;15;631
28;2025-12-13;16;573
28;2025-12-13;17;571
28;2025-12-13;18;506
28;2025-12-13;19;413
28;2025-12-13;20;288
28;2025-12-13;21;257
28;2025-12-13;22;100
28;2025-12-13;23;9
28;2025-12-14;0;0
28;2025-12-14;1;0
28;2025-12-14;2;0
28;2025-12-14;3;0
28;2025-12-14;4;0
28;2025-12-14;5;32
28;2025-12-14;6;81
28;2025-12-14;7;168
28;2025-12-14;8;254
28;2025-12-14;9;376
28;2025-12-14;10;435
28;2025-12-14;11;456
28;2025-12-14;12;463
28;2025-12-14;13;572
28;2025-12-14;14;527
28;2025-12-14;15;535
28;2025-12-14;16;470
28;2025-12-14;17;504
28;2025-12-14;18;430
28;2025-12-14;19;416
28;2025-12-14;20;306
28;2025-12-14;21;247
28;2025-12-14;22;109
28;2025-12-14;23;16
28;2025-12-15;0;3
28;2025-12-15;1;1
28;2025-12-15;2;0
28;2025-12-15;3;0
28;2025-12-15;4;2
28;2025-12-15;5;80
28;2025-12-15;6;260
28;2025-12-15;7;844
28;2025-12-15;8;1363
28;2025-12-15;9;844
28;2025-12-15;10;656
28;2025-12-15;11;607
28;2025-12-15;12;753
28;2025-12-15;13;729
28;2025-12-15;14;699
28;2025-12-15;15;738
28;2025-12-15;16;952
28;2025-12-15;17;1078
28;2025-12-15;18;1045
28;2025-12-15;19;788
28;2025-12-15;20;561
28;2025-12-15;21;323
28;2025-12-15;22;118
28;2025-12-15;23;14
28;2025-12-16;0;4
28;2025-12-16;1;1
28;2025-12-16;2;0
28;2025-12-16;3;0
28;2025-12-16;4;2
28;2025-12-16;5;82
28;2025-12-16;6;269
28;2025-12-16;7;874
28;2025-12-16;8;1417
28;2025-12-16;9;875
28;2025-12-16;10;684
28;2025-12-16;11;629
28;2025-12-16;12;781
28;2025-12-16;13;755
28;2025-12-16;14;724
28;2025-12-16;15;762
28;2025-12-16;16;982
28;2025-12-16;17;1107
28;2025-12-16;18;1065
28;2025-12-16;19;808
28;2025-12-16;20;577
28;2025-12-16;21;333
28;2025-12-16;22;122
28;2025-12-16;23;14
28;2025-12-17;0;4
28;2025-12-17;1;1
28;2025-12-17;2;0
28;2025-12-17;3;0
28;2025-12-17;4;2
28;2025-12-17;5;82
28;2025-12-17;6;270
28;2025-12-17;7;876
28;2025-12-17;8;1414
28;2025-12-17;9;880
28;2025-12-17;10;692
28;2025-12-17;11;640
28;2025-12-17;12;790
28;2025-12-17;13;764
28;2025-12-17;14;733
28;2025-12-17;15;772
28;2025-12-17;16;995
28;2025-12-17;17;1123
28;2025-12-17;18;1080
28;2025-12-17;19;817
28;2025-12-17;20;581
28;2025-12-17;21;338
28;2025-12-17;22;124
28;2025-12-17;23;15
28;2025-12-18;0;4
28;2025-12-18;1;1
28;2025-12-18;2;0
28;2025-12-18;3;0
28;2025-12-18;4;2
28;2025-12-18;5;82
28;2025-12-18;6;272
28;2025-12-18;7;880
28;2025-12-18;8;1426
28;2025-12-18;9;884
28;2025-12-18;10;691
28;2025-12-18;11;639
28;2025-12-18;12;789
28;2025-12-18;13;767
28;2025-12-18;14;737
28;2025-12-18;15;775
28;2025-12-18;16;1000
28;2025-12-18;17;1125
28;2025-12-18;18;1084
28;2025-12-18;19;821
28;2025-12-18;20;583
28;2025-12-18;21;339
28;2025-12-18;22;124
28;2025-12-18;23;15
28;2025-12-19;0;4
28;2025-12-19;1;1
28;2025-12-19;2;0
28;2025-12-19;3;0
28;2025-12-19;4;2
28;2025-12-19;5;83
28;2025-12-19;6;274
28;2025-12-19;7;884
28;2025-12-19;8;1399
28;2025-12-19;9;890
28;2025-12-19;10;700
28;2025-12-19;11;650
28;2025-12-19;12;803
28;2025-12-19;13;776
28;2025-12-19;14;746
28;2025-12-19;15;785
28;2025-12-19;16;1008
28;2025-12-19;17;1135
28;2025-12-19;18;1046
28;2025-12-19;19;808
28;2025-12-19;20;583
28;2025-12-19;21;339
28;2025-12-19;22;125
28;2025-12-19;23;14
28;2025-12-20;0;1
28;2025-12-20;1;0
28;2025-12-20;2;0
28;2025-12-20;3;0
28;2025-12-20;4;1
28;2025-12-20;5;45
28;2025-12-20;6;116
28;2025-12-20;7;264
28;2025-12-20;8;451
28;2025-12-20;9;498
28;2025-12-20;10;559
28;2025-12-20;11;556
28;2025-12-20;12;655
28;2025-12-20;13;645
28;2025-12-20;14;658
28;2025-12-20;15;677
28;2025-12-20;16;604
28;2025-12-20;17;600
28;2025-12-20;18;527
28;2025-12-20;19;424
28;2025-12-20;20;295
28;2025-12-20;21;263
28;2025-12-20;22;102
28;2025-12-20;23;10
28;2025-12-21;0;0
28;2025-12-21;1;0
28;2025-12-21;2;0
28;2025-12-21;3;0
28;2025-12-21;4;0
28;2025-12-21;5;33
28;2025-12-21;6;81
28;2025-12-21;7;171
28;2025-12-21;8;263
28;2025-12-21;9;390
28;2025-12-21;10;452
28;2025-12-21;11;472
28;2025-12-21;12;483
28;2025-12-21;13;607
28;2025-12-21;14;557
28;2025-12-21;15;567
28;2025-12-21;16;485
28;2025-12-21;17;520
28;2025-12-21;18;443
28;2025-12-21;19;425
28;2025-12-21;20;312
28;2025-12-21;21;255
28;2025-12-21;22;112
28;2025-12-21;23;16
28;2025-12-22;0;3
28;2025-12-22;1;1
28;2025-12-22;2;0
28;2025-12-22;3;0
28;2025-12-22;4;2
28;2025-12-22;5;79
28;2025-12-22;6;259
28;2025-12-22;7;844
28;2025-12-22;8;1364
28;2025-12-22;9;842
28;2025-12-22;10;656
28;2025-12-22;11;603
28;2025-12-22;12;744
28;2025-12-22;13;720
28;2025-12-22;14;688
28;2025-12-22;15;729
28;2025-12-22;16;935
28;2025-12-22;17;1057
28;2025-12-22;18;1029
28;2025-12-22;19;779
28;2025-12-22;20;555
28;2025-12-22;21;320
28;2025-12-22;22;118
28;2025-12-22;23;13
28;2025-12-23;0;3
28;2025-12-23;1;1
28;2025-12-23;2;0
28;2025-12-23;3;0
28;2025-12-23;4;2
28;2025-12-23;5;80
28;2025-12-23;6;266
28;2025-12-23;7;858
28;2025-12-23;8;1376
28;2025-12-23;9;857
28;2025-12-23;10;673
28;2025-12-23;11;622
28;2025-12-23;12;767
28;2025-12-23;13;742
28;2025-12-23;14;712
28;2025-12-23;15;750
28;2025-12-23;16;968
28;2025-12-23;17;1089
28;2025-12-23;18;1049
28;2025-12-23;19;799
28;2025-12-23;20;569
28;2025-12-23;21;329
28;2025-12-23;22;121
28;2025-12-23;23;14
28;2025-12-24;0;3
28;2025-12-24;1;1
28;2025-12-24;2;0
28;2025-12-24;3;0
28;2025-12-24;4;2
28;2025-12-24;5;80
28;2025-12-24;6;266
28;2025-12-24;7;857
28;2025-12-24;8;1378
28;2025-12-24;9;859
28;2025-12-24;10;672
28;2025-12-24;11;620
28;2025-12-24;12;765
28;2025-12-24;13;740
28;2025-12-24;14;709
28;2025-12-24;15;747
28;2025-12-24;16;964
28;2025-12-24;17;1090
28;2025-12-24;18;1049
28;2025-12-24;19;794
28;2025-12-24;20;567
28;2025-12-24;21;329
28;2025-12-24;22;121
28;2025-12-24;23;14
28;2025-12-25;0;4
28;2025-12-25;1;1
28;2025-12-25;2;0
28;2025-12-25;3;0
28;2025-12-25;4;2
28;2025-12-25;5;81
28;2025-12-25;6;269
28;2025-12-25;7;867
28;2025-12-25;8;1413
28;2025-12-25;9;870
28;2025-12-25;10;682
28;2025-12-25;11;630
28;2025-12-25;12;777
28;2025-12-25;13;751
28;2025-12-25;14;717
28;2025-12-25;15;754
28;2025-12-25;16;975
28;2025-12-25;17;1096
28;2025-12-25;18;1060
28;2025-12-25;19;803
28;2025-12-25;20;575
28;2025-12-25;21;334
28;2025-12-25;22;123
28;2025-12-25;23;15
28;2025-12-26;0;3
28;2025-12-26;1;1
28;2025-12-26;2;0
28;2025-12-26;3;0
28;2025-12-26;4;2
28;2025-12-26;5;80
28;2025-12-26;6;266
28;2025-12-26;7;856
28;2025-12-26;8;1347
28;2025-12-26;9;852
28;2025-12-26;10;665
28;2025-12-26;11;610
28;2025-12-26;12;759
28;2025-12-26;13;733
28;2025-12-26;14;705
28;2025-12-26;15;742
28;2025-12-26;16;951
28;2025-12-26;17;1059
28;2025-12-26;18;1011
28;2025-12-26;19;783
28;2025-12-26;20;563
28;2025-12-26;21;328
28;2025-12-26;22;121
28;2025-12-26;23;14
28;2025-12-27;0;1
28;2025-12-27;1;0
28;2025-12-27;2;0
28;2025-12-27;3;0
28;2025-12-27;4;1
28;2025-12-27;5;41
28;2025-12-27;6;108
28;2025-12-27;7;248
28;2025-12-27;8;423
28;2025-12-27;9;470
28;2025-12-27;10;527
28;2025-12-27;11;522
28;2025-12-27;12;615
28;2025-12-27;13;604
28;2025-12-27;14;621
28;2025-12-27;15;632
28;2025-12-27;16;569
28;2025-12-27;17;565
28;2025-12-27;18;497
28;2025-12-27;19;402
28;2025-12-27;20;281
28;2025-12-27;21;251
28;2025-12-27;22;95
28;2025-12-27;23;9
28;2025-12-28;0;0
28;2025-12-28;1;0
28;2025-12-28;2;0
28;2025-12-28;3;0
28;2025-12-28;4;0
28;2025-12-28;5;32
28;2025-12-28;6;79
28;2025-12-28;7;159
28;2025-12-28;8;242
28;2025-12-28;9;364
28;2025-12-28;10;423
28;2025-12-28;11;442
28;2025-12-28;12;452
28;2025-12-28;13;567
28;2025-12-28;14;521
28;2025-12-28;15;530
28;2025-12-28;16;456
28;2025-12-28;17;489
28;2025-12-28;18;417
28;2025-12-28;19;403
28;2025-12-28;20;296
28;2025-12-28;21;239
28;2025-12-28;22;106
28;2025-12-28;23;16
28;2025-12-29;0;3
28;2025-12-29;1;1
28;2025-12-29;2;0
28;2025-12-29;3;0
28;2025-12-29;4;2
28;2025-12-29;5;75
28;2025-12-29;6;249
28;2025-12-29;7;807
28;2025-12-29;8;1307
28;2025-12-29;9;805
28;2025-12-29;10;626
28;2025-12-29;11;577
28;2025-12-29;12;717
28;2025-12-29;13;693
28;2025-12-29;14;667
28;2025-12-29;15;703
28;2025-12-29;16;907
28;2025-12-29;17;1027
28;2025-12-29;18;996
28;2025-12-29;19;750
28;2025-12-29;20;534
28;2025-12-29;21;308
28;2025-12-29;22;113
28;2025-12-29;23;13
28;2025-12-30;0;4
28;2025-12-30;1;1
28;2025-12-30;2;0
28;2025-12-30;3;0
28;2025-12-30;4;2
28;2025-12-30;5;78
28;2025-12-30;6;255
28;2025-12-30;7;828
28;2025-12-30;8;1330
28;2025-12-30;9;831
28;2025-12-30;10;650
28;2025-12-30;11;600
28;2025-12-30;12;742
28;2025-12-30;13;719
28;2025-12-30;14;689
28;2025-12-30;15;726
28;2025-12-30;16;938
28;2025-12-30;17;1056
28;2025-12-30;18;990
28;2025-12-30;19;756
28;2025-12-30;20;545
28;2025-12-30;21;316
28;2025-12-30;22;117
28;2025-12-30;23;14
28;2025-12-31;0;0
28;2025-12-31;1;0
28;2025-12-31;2;0
28;2025-12-31;3;0
28;2025-12-31;4;0
28;2025-12-31;5;33
28;2025-12-31;6;81
28;2025-12-31;7;164
28;2025-12-31;8;243
28;2025-12-31;9;345
28;2025-12-31;10;412
28;2025-12-31;11;430
28;2025-12-31;12;442
28;2025-12-31;13;556
28;2025-12-31;14;508
28;2025-12-31;15;515
28;2025-12-31;16;441
28;2025-12-31;17;473
28;2025-12-31;18;398
28;2025-12-31;19;385
28;2025-12-31;20;298
28;2025-12-31;21;243
28;2025-12-31;22;109
28;2025-12-31;23;17
50;2025-11-01;0;28
50;2025-11-01;1;3
50;2025-11-01;2;1
50;2025-11-01;3;0
50;2025-11-01;4;3
50;2025-11-01;5;67
50;2025-11-01;6;513
50;2025-11-01;7;1700
50;2025-11-01;8;2676
50;2025-11-01;9;2103
50;2025-11-01;10;1768
50;2025-11-01;11;1569
50;2025-11-01;12;1413
50;2025-11-01;13;1572
50;2025-11-01;14;1445
50;2025-11-01;15;1771
50;2025-11-01;16;1706
50;2025-11-01;17;2387
50;2025-11-01;18;2327
50;2025-11-01;19;1369
50;2025-11-01;20;942
50;2025-11-01;21;645
50;2025-11-01;22;257
50;2025-11-01;23;144
50;2025-11-02;0;3
50;2025-11-02;1;0
50;2025-11-02;2;0
50;2025-11-02;3;0
50;2025-11-02;4;0
50;2025-11-02;5;0
50;2025-11-02;6;0
50;2025-11-02;7;0
50;2025-11-02;8;0
50;2025-11-02;9;0
50;2025-11-02;10;24
50;2025-11-02;11;100
50;2025-11-02;12;80
50;2025-11-02;13;91
50;2025-11-02;14;131
50;2025-11-02;15;104
50;2025-11-02;16;92
50;2025-11-02;17;100
50;2025-11-02;18;63
50;2025-11-02;19;78
50;2025-11-02;20;50
50;2025-11-02;21;33
50;2025-11-02;22;35
50;2025-11-02;23;11
50;2025-11-03;0;3
50;2025-11-03;1;0
50;2025-11-03;2;0
50;2025-11-03;3;0
50;2025-11-03;4;0
50;2025-11-03;5;0
50;2025-11-03;6;0
50;2025-11-03;7;0
50;2025-11-03;8;1
50;2025-11-03;9;0
50;2025-11-03;10;24
50;2025-11-03;11;93
50;2025-11-03;12;73
50;2025-11-03;13;84
50;2025-11-03;14;121
50;2025-11-03;15;95
50;2025-11-03;16;85
50;2025-11-03;17;93
50;2025-11-03;18;59
50;2025-11-03;19;72
50;2025-11-03;20;49
50;2025-11-03;21;32
50;2025-11-03;22;34
50;2025-11-03;23;11
50;2025-11-04;0;3
50;2025-11-04;1;0
50;2025-11-04;2;0
50;2025-11-04;3;0
50;2025-11-04;4;0
50;2025-11-04;5;0
50;2025-11-04;6;0
50;2025-11-04;7;0
50;2025-11-04;8;0
50;2025-11-04;9;0
50;2025-11-04;10;24
50;2025-11-04;11;94
50;2025-11-04;12;75
50;2025-11-04;13;86
50;2025-11-04;14;126
50;2025-11-04;15;98
50;2025-11-04;16;88
50;2025-11-04;17;93
50;2025-11-04;18;58
50;2025-11-04;19;73
50;2025-11-04;20;50
50;2025-11-04;21;33
50;2025-11-04;22;35
50;2025-11-04;23;11
50;2025-11-05;0;29
50;2025-11-05;1;3
50;2025-11-05;2;1
50;2025-11-05;3;1
50;2025-11-05;4;3
50;2025-11-05;5;72
50;2025-11-05;6;550
50;2025-11-05;7;1761
50;2025-11-05;8;2842
50;2025-11-05;9;2216
50;2025-11-05;10;1815
50;2025-11-05;11;1603
50;2025-11-05;12;1505
50;2025-11-05;13;1608
50;2025-11-05;14;1543
50;2025-11-05;15;1802
50;2025-11-05;16;1733
50;2025-11-05;17;2506
50;2025-11-05;18;2519
50;2025-11-05;19;1491
50;2025-11-05;20;1010
50;2025-11-05;21;683
50;2025-11-05;22;270
50;2025-11-05;23;154
50;2025-11-06;0;29
50;2025-11-06;1;3
50;2025-11-06;2;1
50;2025-11-06;3;1
50;2025-11-06;4;3
50;2025-11-06;5;71
50;2025-11-06;6;547
50;2025-11-06;7;1754
50;2025-11-06;8;2822
50;2025-11-06;9;2181
50;2025-11-06;10;1799
50;2025-11-06;11;1594
50;2025-11-06;12;1502
50;2025-11-06;13;1604
50;2025-11-06;14;1534
50;2025-11-06;15;1780
50;2025-11-06;16;1719
50;2025-11-06;17;2478
50;2025-11-06;18;2476
50;2025-11-06;19;1467
50;2025-11-06;20;992
50;2025-11-06;21;677
50;2025-11-06;22;268
50;2025-11-06;23;153
50;2025-11-07;0;31
50;2025-11-07;1;3
50;2025-11-07;2;1
50;2025-11-07;3;1
50;2025-11-07;4;3
50;2025-11-07;5;74
50;2025-11-07;6;566
50;2025-11-07;7;1776
50;2025-11-07;8;2662
50;2025-11-07;9;2095
50;2025-11-07;10;1831
50;2025-11-07;11;1633
50;2025-11-07;12;1527
50;2025-11-07;13;1635
50;2025-11-07;14;1550
50;2025-11-07;15;1828
50;2025-11-07;16;1750
50;2025-11-07;17;2338
50;2025-11-07;18;2176
50;2025-11-07;19;1456
50;2025-11-07;20;1023
50;2025-11-07;21;696
50;2025-11-07;22;277
50;2025-11-07;23;158
50;2025-11-08;0;60
50;2025-11-08;1;4
50;2025-11-08;2;0
50;2025-11-08;3;3
50;2025-11-08;4;1
50;2025-11-08;5;12
50;2025-11-08;6;15
50;2025-11-08;7;23
50;2025-11-08;8;46
50;2025-11-08;9;89
50;2025-11-08;10;32
50;2025-11-08;11;62
50;2025-11-08;12;110
50;2025-11-08;13;75
50;2025-11-08;14;91
50;2025-11-08;15;133
50;2025-11-08;16;84
50;2025-11-08;17;80
50;2025-11-08;18;21
50;2025-11-08;19;19
50;2025-11-08;20;10
50;2025-11-08;21;12
50;2025-11-08;22;12
50;2025-11-08;23;3
50;2025-11-09;0;3
50;2025-11-09;1;0
50;2025-11-09;2;0
50;2025-11-09;3;0
50;2025-11-09;4;0
50;2025-11-09;5;0
50;2025-11-09;6;0
50;2025-11-09;7;0
50;2025-11-09;8;0
50;2025-11-09;9;0
50;2025-11-09;10;24
50;2025-11-09;11;101
50;2025-11-09;12;80
50;2025-11-09;13;91
50;2025-11-09;14;131
50;2025-11-09;15;103
50;2025-11-09;16;92
50;2025-11-09;17;100
50;2025-11-09;18;63
50;2025-11-09;19;76
50;2025-11-09;20;50
50;2025-11-09;21;33
50;2025-11-09;22;35
50;2025-11-09;23;11
50;2025-11-10;0;29
50;2025-11-10;1;3
50;2025-11-10;2;1
50;2025-11-10;3;1
50;2025-11-10;4;3
50;2025-11-10;5;70
50;2025-11-10;6;540
50;2025-11-10;7;1732
50;2025-11-10;8;2826
50;2025-11-10;9;2175
50;2025-11-10;10;1778
50;2025-11-10;11;1585
50;2025-11-10;12;1474
50;2025-11-10;13;1587
50;2025-11-10;14;1506
50;2025-11-10;15;1769
50;2025-11-10;16;1706
50;2025-11-10;17;2507
50;2025-11-10;18;2530
50;2025-11-10;19;1464
50;2025-11-10;20;996
50;2025-11-10;21;672
50;2025-11-10;22;265
50;2025-11-10;23;150
50;2025-11-11;0;30
50;2025-11-11;1;3
50;2025-11-11;2;1
50;2025-11-11;3;1
50;2025-11-11;4;3
50;2025-11-11;5;72
50;2025-11-11;6;556
50;2025-11-11;7;1785
50;2025-11-11;8;2900
50;2025-11-11;9;2244
50;2025-11-11;10;1845
50;2025-11-11;11;1644
50;2025-11-11;12;1539
50;2025-11-11;13;1645
50;2025-11-11;14;1564
50;2025-11-11;15;1832
50;2025-11-11;16;1766
50;2025-11-11;17;2576
50;2025-11-11;18;2595
50;2025-11-11;19;1522
50;2025-11-11;20;1027
50;2025-11-11;21;694
50;2025-11-11;22;274
50;2025-11-11;23;155
50;2025-11-12;0;30
50;2025-11-12;1;3
50;2025-11-12;2;1
50;2025-11-12;3;1
50;2025-11-12;4;3
50;2025-11-12;5;72
50;2025-11-12;6;553
50;2025-11-12;7;1773
50;2025-11-12;8;2881
50;2025-11-12;9;2228
50;2025-11-12;10;1830
50;2025-11-12;11;1617
50;2025-11-12;12;1523
50;2025-11-12;13;1621
50;2025-11-12;14;1550
50;2025-11-12;15;1815
50;2025-11-12;16;1746
50;2025-11-12;17;2546
50;2025-11-12;18;2567
50;2025-11-12;19;1501
50;2025-11-12;20;1017
50;2025-11-12;21;690
50;2025-11-12;22;273
50;2025-11-12;23;156
50;2025-11-13;0;30
50;2025-11-13;1;3
50;2025-11-13;2;1
50;2025-11-13;3;1
50;2025-11-13;4;3
50;2025-11-13;5;72
50;2025-11-13;6;553
50;2025-11-13;7;1783
50;2025-11-13;8;2889
50;2025-11-13;9;2224
50;2025-11-13;10;1832
50;2025-11-13;11;1629
50;2025-11-13;12;1531
50;2025-11-13;13;1628
50;2025-11-13;14;1550
50;2025-11-13;15;1816
50;2025-11-13;16;1749
50;2025-11-13;17;2536
50;2025-11-13;18;2552
50;2025-11-13;19;1503
50;2025-11-13;20;1012
50;2025-11-13;21;685
50;2025-11-13;22;272
50;2025-11-13;23;155
50;2025-11-14;0;30
50;2025-11-14;1;3
50;2025-11-14;2;1
50;2025-11-14;3;0
50;2025-11-14;4;3
50;2025-11-14;5;72
50;2025-11-14;6;554
50;2025-11-14;7;1769
50;2025-11-14;8;2780
50;2025-11-14;9;2192
50;2025-11-14;10;1826
50;2025-11-14;11;1628
50;2025-11-14;12;1533
50;2025-11-14;13;1629
50;2025-11-14;14;1559
50;2025-11-14;15;1831
50;2025-11-14;16;1761
50;2025-11-14;17;2451
50;2025-11-14;18;2362
50;2025-11-14;19;1496
50;2025-11-14;20;1016
50;2025-11-14;21;691
50;2025-11-14;22;276
50;2025-11-14;23;157
50;2025-11-15;0;58
50;2025-11-15;1;4
50;2025-11-15;2;0
50;2025-11-15;3;3
50;2025-11-15;4;1
50;2025-11-15;5;11
50;2025-11-15;6;15
50;2025-11-15;7;23
50;2025-11-15;8;45
50;2025-11-15;9;85
50;2025-11-15;10;31
50;2025-11-15;11;58
50;2025-11-15;12;105
50;2025-11-15;13;70
50;2025-11-15;14;86
50;2025-11-15;15;126
50;2025-11-15;16;79
50;2025-11-15;17;76
50;2025-11-15;18;19
50;2025-11-15;19;18
50;2025-11-15;20;10
50;2025-11-15;21;12
50;2025-11-15;22;11
50;2025-11-15;23;3
50;2025-11-16;0;3
50;2025-11-16;1;0
50;2025-11-16;2;0
50;2025-11-16;3;0
50;2025-11-16;4;0
50;2025-11-16;5;0
50;2025-11-16;6;0
50;2025-11-16;7;0
50;2025-11-16;8;0
50;2025-11-16;9;0
50;2025-11-16;10;24
50;2025-11-16;11;100
50;2025-11-16;12;80
50;2025-11-16;13;91
50;2025-11-16;14;131
50;2025-11-16;15;104
50;2025-11-16;16;91
50;2025-11-16;17;99
50;2025-11-16;18;63
50;2025-11-16;19;77
50;2025-11-16;20;50
50;2025-11-16;21;33
50;2025-11-16;22;35
50;2025-11-16;23;11
50;2025-11-17;0;29
50;2025-11-17;1;3
50;2025-11-17;2;1
50;2025-11-17;3;0
50;2025-11-17;4;3
50;2025-11-17;5;71
50;2025-11-17;6;544
50;2025-11-17;7;1738
50;2025-11-17;8;2830
50;2025-11-17;9;2163
50;2025-11-17;10;1774
50;2025-11-17;11;1576
50;2025-11-17;12;1467
50;2025-11-17;13;1581
50;2025-11-17;14;1501
50;2025-11-17;15;1765
50;2025-11-17;16;1700
50;2025-11-17;17;2495
50;2025-11-17;18;2530
50;2025-11-17;19;1469
50;2025-11-17;20;1014
50;2025-11-17;21;682
50;2025-11-17;22;269
50;2025-11-17;23;152
50;2025-11-18;0;29
50;2025-11-18;1;3
50;2025-11-18;2;1
50;2025-11-18;3;0
50;2025-11-18;4;3
50;2025-11-18;5;70
50;2025-11-18;6;542
50;2025-11-18;7;1719
50;2025-11-18;8;2774
50;2025-11-18;9;2142
50;2025-11-18;10;1746
50;2025-11-18;11;1554
50;2025-11-18;12;1457
50;2025-11-18;13;1556
50;2025-11-18;14;1482
50;2025-11-18;15;1739
50;2025-11-18;16;1676
50;2025-11-18;17;2424
50;2025-11-18;18;2453
50;2025-11-18;19;1450
50;2025-11-18;20;989
50;2025-11-18;21;670
50;2025-11-18;22;264
50;2025-11-18;23;149
50;2025-11-19;0;30
50;2025-11-19;1;3
50;2025-11-19;2;1
50;2025-11-19;3;1
50;2025-11-19;4;3
50;2025-11-19;5;73
50;2025-11-19;6;563
50;2025-11-19;7;1805
50;2025-11-19;8;2926
50;2025-11-19;9;2267
50;2025-11-19;10;1852
50;2025-11-19;11;1643
50;2025-11-19;12;1553
50;2025-11-19;13;1653
50;2025-11-19;14;1578
50;2025-11-19;15;1849
50;2025-11-19;16;1780
50;2025-11-19;17;2595
50;2025-11-19;18;2614
50;2025-11-19;19;1543
50;2025-11-19;20;1050
50;2025-11-19;21;711
50;2025-11-19;22;281
50;2025-11-19;23;160
50;2025-11-20;0;30
50;2025-11-20;1;3
50;2025-11-20;2;1
50;2025-11-20;3;1
50;2025-11-20;4;3
50;2025-11-20;5;73
50;2025-11-20;6;561
50;2025-11-20;7;1803
50;2025-11-20;8;2911
50;2025-11-20;9;2249
50;2025-11-20;10;1858
50;2025-11-20;11;1653
50;2025-11-20;12;1552
50;2025-11-20;13;1653
50;2025-11-20;14;1572
50;2025-11-20;15;1845
50;2025-11-20;16;1779
50;2025-11-20;17;2587
50;2025-11-20;18;2605
50;2025-11-20;19;1533
50;2025-11-20;20;1035
50;2025-11-20;21;701
50;2025-11-20;22;278
50;2025-11-20;23;158
50;2025-11-21;0;30
50;2025-11-21;1;3
50;2025-11-21;2;1
50;2025-11-21;3;1
50;2025-11-21;4;3
50;2025-11-21;5;74
50;2025-11-21;6;568
50;2025-11-21;7;1818
50;2025-11-21;8;2871
50;2025-11-21;9;2264
50;2025-11-21;10;1875
50;2025-11-21;11;1669
50;2025-11-21;12;1571
50;2025-11-21;13;1673
50;2025-11-21;14;1595
50;2025-11-21;15;1870
50;2025-11-21;16;1800
50;2025-11-21;17;2513
50;2025-11-21;18;2420
50;2025-11-21;19;1530
50;2025-11-21;20;1049
50;2025-11-21;21;713
50;2025-11-21;22;284
50;2025-11-21;23;161
50;2025-11-22;0;61
50;2025-11-22;1;4
50;2025-11-22;2;0
50;2025-11-22;3;3
50;2025-11-22;4;1
50;2025-11-22;5;11
50;2025-11-22;6;16
50;2025-11-22;7;24
50;2025-11-22;8;48
50;2025-11-22;9;91
50;2025-11-22;10;34
50;2025-11-22;11;63
50;2025-11-22;12;113
50;2025-11-22;13;76
50;2025-11-22;14;92
50;2025-11-22;15;135
50;2025-11-22;16;85
50;2025-11-22;17;81
50;2025-11-22;18;20
50;2025-11-22;19;19
50;2025-11-22;20;11
50;2025-11-22;21;13
50;2025-11-22;22;12
50;2025-11-22;23;3
50;2025-11-23;0;3
50;2025-11-23;1;0
50;2025-11-23;2;0
50;2025-11-23;3;0
50;2025-11-23;4;0
50;2025-11-23;5;0
50;2025-11-23;6;0
50;2025-11-23;7;0
50;2025-11-23;8;0
50;2025-11-23;9;0
50;2025-11-23;10;25
50;2025-11-23;11;100
50;2025-11-23;12;81
50;2025-11-23;13;92
50;2025-11-23;14;133
50;2025-11-23;15;104
50;2025-11-23;16;93
50;2025-11-23;17;101
50;2025-11-23;18;63
50;2025-11-23;19;78
50;2025-11-23;20;51
50;2025-11-23;21;34
50;2025-11-23;22;36
50;2025-11-23;23;12
50;2025-11-24;0;29
50;2025-11-24;1;3
50;2025-11-24;2;1
50;2025-11-24;3;0
50;2025-11-24;4;3
50;2025-11-24;5;69
50;2025-11-24;6;529
50;2025-11-24;7;1695
50;2025-11-24;8;2758
50;2025-11-24;9;2122
50;2025-11-24;10;1725
50;2025-11-24;11;1530
50;2025-11-24;12;1418
50;2025-11-24;13;1529
50;2025-11-24;14;1450
50;2025-11-24;15;1704
50;2025-11-24;16;1636
50;2025-11-24;17;2401
50;2025-11-24;18;2446
50;2025-11-24;19;1403
50;2025-11-24;20;966
50;2025-11-24;21;652
50;2025-11-24;22;257
50;2025-11-24;23;144
50;2025-11-25;0;29
50;2025-11-25;1;3
50;2025-11-25;2;1
50;2025-11-25;3;1
50;2025-11-25;4;3
50;2025-11-25;5;72
50;2025-11-25;6;551
50;2025-11-25;7;1769
50;2025-11-25;8;2870
50;2025-11-25;9;2219
50;2025-11-25;10;1825
50;2025-11-25;11;1624
50;2025-11-25;12;1522
50;2025-11-25;13;1629
50;2025-11-25;14;1549
50;2025-11-25;15;1815
50;2025-11-25;16;1746
50;2025-11-25;17;2544
50;2025-11-25;18;2562
50;2025-11-25;19;1516
50;2025-11-25;20;1029
50;2025-11-25;21;694
50;2025-11-25;22;274
50;2025-11-25;23;155
50;2025-11-26;0;29
50;2025-11-26;1;3
50;2025-11-26;2;1
50;2025-11-26;3;1
50;2025-11-26;4;3
50;2025-11-26;5;72
50;2025-11-26;6;550
50;2025-11-26;7;1752
50;2025-11-26;8;2852
50;2025-11-26;9;2193
50;2025-11-26;10;1807
50;2025-11-26;11;1596
50;2025-11-26;12;1500
50;2025-11-26;13;1597
50;2025-11-26;14;1520
50;2025-11-26;15;1779
50;2025-11-26;16;1713
50;2025-11-26;17;2506
50;2025-11-26;18;2546
50;2025-11-26;19;1484
50;2025-11-26;20;1025
50;2025-11-26;21;692
50;2025-11-26;22;275
50;2025-11-26;23;156
50;2025-11-27;0;29
50;2025-11-27;1;3
50;2025-11-27;2;1
50;2025-11-27;3;1
50;2025-11-27;4;3
50;2025-11-27;5;72
50;2025-11-27;6;550
50;2025-11-27;7;1771
50;2025-11-27;8;2884
50;2025-11-27;9;2212
50;2025-11-27;10;1821
50;2025-11-27;11;1613
50;2025-11-27;12;1508
50;2025-11-27;13;1612
50;2025-11-27;14;1534
50;2025-11-27;15;1802
50;2025-11-27;16;1736
50;2025-11-27;17;2533
50;2025-11-27;18;2550
50;2025-11-27;19;1482
50;2025-11-27;20;1009
50;2025-11-27;21;683
50;2025-11-27;22;272
50;2025-11-27;23;155
50;2025-11-28;0;30
50;2025-11-28;1;3
50;2025-11-28;2;1
50;2025-11-28;3;1
50;2025-11-28;4;3
50;2025-11-28;5;73
50;2025-11-28;6;556
50;2025-11-28;7;1763
50;2025-11-28;8;2844
50;2025-11-28;9;2214
50;2025-11-28;10;1826
50;2025-11-28;11;1626
50;2025-11-28;12;1528
50;2025-11-28;13;1626
50;2025-11-28;14;1561
50;2025-11-28;15;1817
50;2025-11-28;16;1747
50;2025-11-28;17;2476
50;2025-11-28;18;2379
50;2025-11-28;19;1469
50;2025-11-28;20;1011
50;2025-11-28;21;690
50;2025-11-28;22;275
50;2025-11-28;23;156
50;2025-11-29;0;61
50;2025-11-29;1;4
50;2025-11-29;2;0
50;2025-11-29;3;3
50;2025-11-29;4;1
50;2025-11-29;5;12
50;2025-11-29;6;15
50;2025-11-29;7;24
50;2025-11-29;8;47
50;2025-11-29;9;90
50;2025-11-29;10;33
50;2025-11-29;11;62
50;2025-11-29;12;113
50;2025-11-29;13;76
50;2025-11-29;14;91
50;2025-11-29;15;133
50;2025-11-29;16;84
50;2025-11-29;17;81
50;2025-11-29;18;21
50;2025-11-29;19;19
50;2025-11-29;20;11
50;2025-11-29;21;12
50;2025-11-29;22;12
50;2025-11-29;23;3
50;2025-11-30;0;3
50;2025-11-30;1;0
50;2025-11-30;2;0
50;2025-11-30;3;0
50;2025-11-30;4;0
50;2025-11-30;5;0
50;2025-11-30;6;0
50;2025-11-30;7;0
50;2025-11-30;8;0
50;2025-11-30;9;0
50;2025-11-30;10;24
50;2025-11-30;11;99
50;2025-11-30;12;80
50;2025-11-30;13;91
50;2025-11-30;14;131
50;2025-11-30;15;103
50;2025-11-30;16;92
50;2025-11-30;17;100
50;2025-11-30;18;63
50;2025-11-30;19;76
50;2025-11-30;20;50
50;2025-11-30;21;33
50;2025-11-30;22;35
50;2025-11-30;23;11
50;2025-12-01;0;29
50;2025-12-01;1;3
50;2025-12-01;2;1
50;2025-12-01;3;1
50;2025-12-01;4;3
50;2025-12-01;5;69
50;2025-12-01;6;526
50;2025-12-01;7;1693
50;2025-12-01;8;2756
50;2025-12-01;9;2124
50;2025-12-01;10;1738
50;2025-12-01;11;1547
50;2025-12-01;12;1438
50;2025-12-01;13;1548
50;2025-12-01;14;1469
50;2025-12-01;15;1725
50;2025-12-01;16;1662
50;2025-12-01;17;2438
50;2025-12-01;18;2466
50;2025-12-01;19;1429
50;2025-12-01;20;972
50;2025-12-01;21;655
50;2025-12-01;22;258
50;2025-12-01;23;147
50;2025-12-02;0;29
50;2025-12-02;1;3
50;2025-12-02;2;1
50;2025-12-02;3;1
50;2025-12-02;4;3
50;2025-12-02;5;71
50;2025-12-02;6;544
50;2025-12-02;7;1739
50;2025-12-02;8;2832
50;2025-12-02;9;2187
50;2025-12-02;10;1798
50;2025-12-02;11;1601
50;2025-12-02;12;1500
50;2025-12-02;13;1601
50;2025-12-02;14;1524
50;2025-12-02;15;1789
50;2025-12-02;16;1719
50;2025-12-02;17;2507
50;2025-12-02;18;2526
50;2025-12-02;19;1485
50;2025-12-02;20;1002
50;2025-12-02;21;676
50;2025-12-02;22;266
50;2025-12-02;23;151
50;2025-12-03;0;29
50;2025-12-03;1;3
50;2025-12-03;2;1
50;2025-12-03;3;1
50;2025-12-03;4;3
50;2025-12-03;5;71
50;2025-12-03;6;544
50;2025-12-03;7;1746
50;2025-12-03;8;2833
50;2025-12-03;9;2197
50;2025-12-03;10;1804
50;2025-12-03;11;1601
50;2025-12-03;12;1509
50;2025-12-03;13;1602
50;2025-12-03;14;1527
50;2025-12-03;15;1792
50;2025-12-03;16;1725
50;2025-12-03;17;2513
50;2025-12-03;18;2534
50;2025-12-03;19;1481
50;2025-12-03;20;1003
50;2025-12-03;21;678
50;2025-12-03;22;269
50;2025-12-03;23;153
50;2025-12-04;0;29
50;2025-12-04;1;3
50;2025-12-04;2;1
50;2025-12-04;3;1
50;2025-12-04;4;3
50;2025-12-04;5;71
50;2025-12-04;6;544
50;2025-12-04;7;1752
50;2025-12-04;8;2833
50;2025-12-04;9;2182
50;2025-12-04;10;1800
50;2025-12-04;11;1601
50;2025-12-04;12;1505
50;2025-12-04;13;1604
50;2025-12-04;14;1528
50;2025-12-04;15;1792
50;2025-12-04;16;1727
50;2025-12-04;17;2512
50;2025-12-04;18;2530
50;2025-12-04;19;1485
50;2025-12-04;20;1003
50;2025-12-04;21;679
50;2025-12-04;22;269
50;2025-12-04;23;153
50;2025-12-05;0;29
50;2025-12-05;1;3
50;2025-12-05;2;1
50;2025-12-05;3;1
50;2025-12-05;4;3
50;2025-12-05;5;72
50;2025-12-05;6;548
50;2025-12-05;7;1760
50;2025-12-05;8;2803
50;2025-12-05;9;2206
50;2025-12-05;10;1818
50;2025-12-05;11;1628
50;2025-12-05;12;1527
50;2025-12-05;13;1633
50;2025-12-05;14;1556
50;2025-12-05;15;1828
50;2025-12-05;16;1753
50;2025-12-05;17;2484
50;2025-12-05;18;2376
50;2025-12-05;19;1474
50;2025-12-05;20;1005
50;2025-12-05;21;683
50;2025-12-05;22;272
50;2025-12-05;23;155
50;2025-12-06;0;61
50;2025-12-06;1;4
50;2025-12-06;2;0
50;2025-12-06;3;3
50;2025-12-06;4;1
50;2025-12-06;5;13
50;2025-12-06;6;15
50;2025-12-06;7;24
50;2025-12-06;8;46
50;2025-12-06;9;90
50;2025-12-06;10;34
50;2025-12-06;11;62
50;2025-12-06;12;113
50;2025-12-06;13;75
50;2025-12-06;14;92
50;2025-12-06;15;134
50;2025-12-06;16;84
50;2025-12-06;17;81
50;2025-12-06;18;21
50;2025-12-06;19;19
50;2025-12-06;20;12
50;2025-12-06;21;13
50;2025-12-06;22;13
50;2025-12-06;23;3
50;2025-12-07;0;3
50;2025-12-07;1;0
50;2025-12-07;2;0
50;2025-12-07;3;0
50;2025-12-07;4;0
50;2025-12-07;5;0
50;2025-12-07;6;0
50;2025-12-07;7;0
50;2025-12-07;8;1
50;2025-12-07;9;1
50;2025-12-07;10;25
50;2025-12-07;11;101
50;2025-12-07;12;81
50;2025-12-07;13;92
50;2025-12-07;14;132
50;2025-12-07;15;104
50;2025-12-07;16;92
50;2025-12-07;17;101
50;2025-12-07;18;63
50;2025-12-07;19;77
50;2025-12-07;20;49
50;2025-12-07;21;33
50;2025-12-07;22;36
50;2025-12-07;23;12
50;2025-12-08;0;29
50;2025-12-08;1;3
50;2025-12-08;2;1
50;2025-12-08;3;0
50;2025-12-08;4;3
50;2025-12-08;5;70
50;2025-12-08;6;536
50;2025-12-08;7;1722
50;2025-12-08;8;2808
50;2025-12-08;9;2162
50;2025-12-08;10;1769
50;2025-12-08;11;1574
50;2025-12-08;12;1460
50;2025-12-08;13;1573
50;2025-12-08;14;1494
50;2025-12-08;15;1756
50;2025-12-08;16;1692
50;2025-12-08;17;2478
50;2025-12-08;18;2506
50;2025-12-08;19;1453
50;2025-12-08;20;990
50;2025-12-08;21;667
50;2025-12-08;22;263
50;2025-12-08;23;148
50;2025-12-09;0;30
50;2025-12-09;1;3
50;2025-12-09;2;1
50;2025-12-09;3;1
50;2025-12-09;4;3
50;2025-12-09;5;71
50;2025-12-09;6;546
50;2025-12-09;7;1748
50;2025-12-09;8;2836
50;2025-12-09;9;2191
50;2025-12-09;10;1800
50;2025-12-09;11;1593
50;2025-12-09;12;1486
50;2025-12-09;13;1593
50;2025-12-09;14;1519
50;2025-12-09;15;1784
50;2025-12-09;16;1720
50;2025-12-09;17;2497
50;2025-12-09;18;2524
50;2025-12-09;19;1491
50;2025-12-09;20;1006
50;2025-12-09;21;680
50;2025-12-09;22;268
50;2025-12-09;23;152
50;2025-12-10;0;30
50;2025-12-10;1;3
50;2025-12-10;2;1
50;2025-12-10;3;1
50;2025-12-10;4;3
50;2025-12-10;5;72
50;2025-12-10;6;550
50;2025-12-10;7;1755
50;2025-12-10;8;2853
50;2025-12-10;9;2197
50;2025-12-10;10;1805
50;2025-12-10;11;1598
50;2025-12-10;12;1508
50;2025-12-10;13;1602
50;2025-12-10;14;1528
50;2025-12-10;15;1791
50;2025-12-10;16;1725
50;2025-12-10;17;2519
50;2025-12-10;18;2551
50;2025-12-10;19;1488
50;2025-12-10;20;1026
50;2025-12-10;21;693
50;2025-12-10;22;274
50;2025-12-10;23;156
50;2025-12-11;0;30
50;2025-12-11;1;3
50;2025-12-11;2;1
50;2025-12-11;3;1
50;2025-12-11;4;3
50;2025-12-11;5;72
50;2025-12-11;6;550
50;2025-12-11;7;1767
50;2025-12-11;8;2884
50;2025-12-11;9;2203
50;2025-12-11;10;1814
50;2025-12-11;11;1598
50;2025-12-11;12;1507
50;2025-12-11;13;1610
50;2025-12-11;14;1532
50;2025-12-11;15;1802
50;2025-12-11;16;1736
50;2025-12-11;17;2538
50;2025-12-11;18;2557
50;2025-12-11;19;1496
50;2025-12-11;20;1013
50;2025-12-11;21;686
50;2025-12-11;22;271
50;2025-12-11;23;155
50;2025-12-12;0;30
50;2025-12-12;1;3
50;2025-12-12;2;1
50;2025-12-12;3;1
50;2025-12-12;4;3
50;2025-12-12;5;72
50;2025-12-12;6;553
50;2025-12-12;7;1762
50;2025-12-12;8;2817
50;2025-12-12;9;2202
50;2025-12-12;10;1815
50;2025-12-12;11;1616
50;2025-12-12;12;1521
50;2025-12-12;13;1614
50;2025-12-12;14;1549
50;2025-12-12;15;1803
50;2025-12-12;16;1731
50;2025-12-12;17;2409
50;2025-12-12;18;2343
50;2025-12-12;19;1477
50;2025-12-12;20;1026
50;2025-12-12;21;696
50;2025-12-12;22;276
50;2025-12-12;23;157
50;2025-12-13;0;60
50;2025-12-13;1;4
50;2025-12-13;2;0
50;2025-12-13;3;3
50;2025-12-13;4;1
50;2025-12-13;5;12
50;2025-12-13;6;15
50;2025-12-13;7;23
50;2025-12-13;8;46
50;2025-12-13;9;88
50;2025-12-13;10;33
50;2025-12-13;11;61
50;2025-12-13;12;110
50;2025-12-13;13;73
50;2025-12-13;14;88
50;2025-12-13;15;130
50;2025-12-13;16;82
50;2025-12-13;17;79
50;2025-12-13;18;20
50;2025-12-13;19;19
50;2025-12-13;20;10
50;2025-12-13;21;14
50;2025-12-13;22;14
50;2025-12-13;23;3
50;2025-12-14;0;3
50;2025-12-14;1;0
50;2025-12-14;2;0
50;2025-12-14;3;0
50;2025-12-14;4;0
50;2025-12-14;5;0
50;2025-12-14;6;0
50;2025-12-14;7;0
50;2025-12-14;8;0
50;2025-12-14;9;0
50;2025-12-14;10;24
50;2025-12-14;11;98
50;2025-12-14;12;79
50;2025-12-14;13;88
50;2025-12-14;14;128
50;2025-12-14;15;101
50;2025-12-14;16;91
50;2025-12-14;17;98
50;2025-12-14;18;63
50;2025-12-14;19;78
50;2025-12-14;20;50
50;2025-12-14;21;33
50;2025-12-14;22;36
50;2025-12-14;23;12
50;2025-12-15;0;30
50;2025-12-15;1;3
50;2025-12-15;2;1
50;2025-12-15;3;0
50;2025-12-15;4;3
50;2025-12-15;5;71
50;2025-12-15;6;541
50;2025-12-15;7;1736
50;2025-12-15;8;2818
50;2025-12-15;9;2171
50;2025-12-15;10;1777
50;2025-12-15;11;1580
50;2025-12-15;12;1470
50;2025-12-15;13;1580
50;2025-12-15;14;1500
50;2025-12-15;15;1762
50;2025-12-15;16;1697
50;2025-12-15;17;2489
50;2025-12-15;18;2525
50;2025-12-15;19;1474
50;2025-12-15;20;1010
50;2025-12-15;21;680
50;2025-12-15;22;268
50;2025-12-15;23;151
50;2025-12-16;0;30
50;2025-12-16;1;3
50;2025-12-16;2;1
50;2025-12-16;3;1
50;2025-12-16;4;3
50;2025-12-16;5;73
50;2025-12-16;6;560
50;2025-12-16;7;1792
50;2025-12-16;8;2909
50;2025-12-16;9;2246
50;2025-12-16;10;1844
50;2025-12-16;11;1634
50;2025-12-16;12;1526
50;2025-12-16;13;1635
50;2025-12-16;14;1553
50;2025-12-16;15;1823
50;2025-12-16;16;1751
50;2025-12-16;17;2557
50;2025-12-16;18;2583
50;2025-12-16;19;1516
50;2025-12-16;20;1040
50;2025-12-16;21;702
50;2025-12-16;22;277
50;2025-12-16;23;157
50;2025-12-17;0;30
50;2025-12-17;1;3
50;2025-12-17;2;1
50;2025-12-17;3;1
50;2025-12-17;4;3
50;2025-12-17;5;74
50;2025-12-17;6;561
50;2025-12-17;7;1800
50;2025-12-17;8;2917
50;2025-12-17;9;2259
50;2025-12-17;10;1857
50;2025-12-17;11;1648
50;2025-12-17;12;1552
50;2025-12-17;13;1650
50;2025-12-17;14;1573
50;2025-12-17;15;1844
50;2025-12-17;16;1774
50;2025-12-17;17;2587
50;2025-12-17;18;2607
50;2025-12-17;19;1537
50;2025-12-17;20;1048
50;2025-12-17;21;708
50;2025-12-17;22;280
50;2025-12-17;23;160
50;2025-12-18;0;30
50;2025-12-18;1;3
50;2025-12-18;2;1
50;2025-12-18;3;1
50;2025-12-18;4;3
50;2025-12-18;5;74
50;2025-12-18;6;565
50;2025-12-18;7;1811
50;2025-12-18;8;2926
50;2025-12-18;9;2258
50;2025-12-18;10;1857
50;2025-12-18;11;1648
50;2025-12-18;12;1549
50;2025-12-18;13;1661
50;2025-12-18;14;1580
50;2025-12-18;15;1853
50;2025-12-18;16;1787
50;2025-12-18;17;2594
50;2025-12-18;18;2616
50;2025-12-18;19;1548
50;2025-12-18;20;1052
50;2025-12-18;21;712
50;2025-12-18;22;283
50;2025-12-18;23;160
50;2025-12-19;0;31
50;2025-12-19;1;3
50;2025-12-19;2;1
50;2025-12-19;3;1
50;2025-12-19;4;3
50;2025-12-19;5;74
50;2025-12-19;6;567
50;2025-12-19;7;1819
50;2025-12-19;8;2892
50;2025-12-19;9;2280
50;2025-12-19;10;1876
50;2025-12-19;11;1677
50;2025-12-19;12;1572
50;2025-12-19;13;1677
50;2025-12-19;14;1598
50;2025-12-19;15;1875
50;2025-12-19;16;1800
50;2025-12-19;17;2530
50;2025-12-19;18;2412
50;2025-12-19;19;1531
50;2025-12-19;20;1052
50;2025-12-19;21;713
50;2025-12-19;22;284
50;2025-12-19;23;161
50;2025-12-20;0;62
50;2025-12-20;1;4
50;2025-12-20;2;0
50;2025-12-20;3;3
50;2025-12-20;4;1
50;2025-12-20;5;14
50;2025-12-20;6;16
50;2025-12-20;7;25
50;2025-12-20;8;47
50;2025-12-20;9;92
50;2025-12-20;10;33
50;2025-12-20;11;64
50;2025-12-20;12;115
50;2025-12-20;13;77
50;2025-12-20;14;93
50;2025-12-20;15;138
50;2025-12-20;16;86
50;2025-12-20;17;83
50;2025-12-20;18;20
50;2025-12-20;19;19
50;2025-12-20;20;13
50;2025-12-20;21;14
50;2025-12-20;22;14
50;2025-12-20;23;3
50;2025-12-21;0;3
50;2025-12-21;1;0
50;2025-12-21;2;0
50;2025-12-21;3;0
50;2025-12-21;4;0
50;2025-12-21;5;0
50;2025-12-21;6;0
50;2025-12-21;7;0
50;2025-12-21;8;0
50;2025-12-21;9;0
50;2025-12-21;10;25
50;2025-12-21;11;101
50;2025-12-21;12;82
50;2025-12-21;13;92
50;2025-12-21;14;134
50;2025-12-21;15;106
50;2025-12-21;16;93
50;2025-12-21;17;101
50;2025-12-21;18;65
50;2025-12-21;19;79
50;2025-12-21;20;51
50;2025-12-21;21;34
50;2025-12-21;22;37
50;2025-12-21;23;13
50;2025-12-22;0;29
50;2025-12-22;1;3
50;2025-12-22;2;1
50;2025-12-22;3;0
50;2025-12-22;4;3
50;2025-12-22;5;71
50;2025-12-22;6;539
50;2025-12-22;7;1728
50;2025-12-22;8;2815
50;2025-12-22;9;2164
50;2025-12-22;10;1769
50;2025-12-22;11;1569
50;2025-12-22;12;1451
50;2025-12-22;13;1555
50;2025-12-22;14;1474
50;2025-12-22;15;1736
50;2025-12-22;16;1663
50;2025-12-22;17;2439
50;2025-12-22;18;2487
50;2025-12-22;19;1451
50;2025-12-22;20;1000
50;2025-12-22;21;675
50;2025-12-22;22;266
50;2025-12-22;23;151
50;2025-12-23;0;30
50;2025-12-23;1;3
50;2025-12-23;2;1
50;2025-12-23;3;1
50;2025-12-23;4;3
50;2025-12-23;5;72
50;2025-12-23;6;551
50;2025-12-23;7;1743
50;2025-12-23;8;2817
50;2025-12-23;9;2179
50;2025-12-23;10;1803
50;2025-12-23;11;1604
50;2025-12-23;12;1502
50;2025-12-23;13;1605
50;2025-12-23;14;1532
50;2025-12-23;15;1796
50;2025-12-23;16;1728
50;2025-12-23;17;2515
50;2025-12-23;18;2540
50;2025-12-23;19;1510
50;2025-12-23;20;1025
50;2025-12-23;21;691
50;2025-12-23;22;273
50;2025-12-23;23;154
50;2025-12-24;0;30
50;2025-12-24;1;3
50;2025-12-24;2;1
50;2025-12-24;3;0
50;2025-12-24;4;3
50;2025-12-24;5;72
50;2025-12-24;6;550
50;2025-12-24;7;1760
50;2025-12-24;8;2845
50;2025-12-24;9;2204
50;2025-12-24;10;1807
50;2025-12-24;11;1599
50;2025-12-24;12;1506
50;2025-12-24;13;1595
50;2025-12-24;14;1523
50;2025-12-24;15;1788
50;2025-12-24;16;1720
50;2025-12-24;17;2514
50;2025-12-24;18;2538
50;2025-12-24;19;1497
50;2025-12-24;20;1021
50;2025-12-24;21;691
50;2025-12-24;22;274
50;2025-12-24;23;156
50;2025-12-25;0;30
50;2025-12-25;1;3
50;2025-12-25;2;1
50;2025-12-25;3;1
50;2025-12-25;4;3
50;2025-12-25;5;73
50;2025-12-25;6;559
50;2025-12-25;7;1786
50;2025-12-25;8;2897
50;2025-12-25;9;2216
50;2025-12-25;10;1827
50;2025-12-25;11;1618
50;2025-12-25;12;1521
50;2025-12-25;13;1623
50;2025-12-25;14;1539
50;2025-12-25;15;1806
50;2025-12-25;16;1740
50;2025-12-25;17;2526
50;2025-12-25;18;2552
50;2025-12-25;19;1505
50;2025-12-25;20;1037
50;2025-12-25;21;700
50;2025-12-25;22;277
50;2025-12-25;23;159
50;2025-12-26;0;30
50;2025-12-26;1;3
50;2025-12-26;2;1
50;2025-12-26;3;0
50;2025-12-26;4;3
50;2025-12-26;5;72
50;2025-12-26;6;552
50;2025-12-26;7;1744
50;2025-12-26;8;2764
50;2025-12-26;9;2142
50;2025-12-26;10;1775
50;2025-12-26;11;1574
50;2025-12-26;12;1483
50;2025-12-26;13;1574
50;2025-12-26;14;1513
50;2025-12-26;15;1759
50;2025-12-26;16;1690
50;2025-12-26;17;2369
50;2025-12-26;18;2347
50;2025-12-26;19;1468
50;2025-12-26;20;1015
50;2025-12-26;21;691
50;2025-12-26;22;275
50;2025-12-26;23;157
50;2025-12-27;0;58
50;2025-12-27;1;4
50;2025-12-27;2;0
50;2025-12-27;3;3
50;2025-12-27;4;1
50;2025-12-27;5;11
50;2025-12-27;6;15
50;2025-12-27;7;22
50;2025-12-27;8;45
50;2025-12-27;9;86
50;2025-12-27;10;32
50;2025-12-27;11;60
50;2025-12-27;12;109
50;2025-12-27;13;72
50;2025-12-27;14;88
50;2025-12-27;15;129
50;2025-12-27;16;80
50;2025-12-27;17;77
50;2025-12-27;18;19
50;2025-12-27;19;18
50;2025-12-27;20;12
50;2025-12-27;21;13
50;2025-12-27;22;12
50;2025-12-27;23;3
50;2025-12-28;0;3
50;2025-12-28;1;0
50;2025-12-28;2;0
50;2025-12-28;3;0
50;2025-12-28;4;0
50;2025-12-28;5;0
50;2025-12-28;6;0
50;2025-12-28;7;0
50;2025-12-28;8;0
50;2025-12-28;9;0
50;2025-12-28;10;24
50;2025-12-28;11;95
50;2025-12-28;12;76
50;2025-12-28;13;86
50;2025-12-28;14;125
50;2025-12-28;15;99
50;2025-12-28;16;87
50;2025-12-28;17;95
50;2025-12-28;18;60
50;2025-12-28;19;74
50;2025-12-28;20;48
50;2025-12-28;21;33
50;2025-12-28;22;35
50;2025-12-28;23;12
50;2025-12-29;0;28
50;2025-12-29;1;3
50;2025-12-29;2;1
50;2025-12-29;3;0
50;2025-12-29;4;3
50;2025-12-29;5;67
50;2025-12-29;6;516
50;2025-12-29;7;1654
50;2025-12-29;8;2697
50;2025-12-29;9;2064
50;2025-12-29;10;1694
50;2025-12-29;11;1504
50;2025-12-29;12;1399
50;2025-12-29;13;1505
50;2025-12-29;14;1428
50;2025-12-29;15;1677
50;2025-12-29;16;1615
50;2025-12-29;17;2368
50;2025-12-29;18;2403
50;2025-12-29;19;1394
50;2025-12-29;20;963
50;2025-12-29;21;647
50;2025-12-29;22;255
50;2025-12-29;23;144
50;2025-12-30;0;29
50;2025-12-30;1;3
50;2025-12-30;2;1
50;2025-12-30;3;1
50;2025-12-30;4;3
50;2025-12-30;5;68
50;2025-12-30;6;531
50;2025-12-30;7;1702
50;2025-12-30;8;2749
50;2025-12-30;9;2121
50;2025-12-30;10;1752
50;2025-12-30;11;1555
50;2025-12-30;12;1453
50;2025-12-30;13;1555
50;2025-12-30;14;1480
50;2025-12-30;15;1737
50;2025-12-30;16;1671
50;2025-12-30;17;2396
50;2025-12-30;18;2349
50;2025-12-30;19;1418
50;2025-12-30;20;982
50;2025-12-30;21;664
50;2025-12-30;22;263
50;2025-12-30;23;149
50;2025-12-31;0;3
50;2025-12-31;1;0
50;2025-12-31;2;0
50;2025-12-31;3;0
50;2025-12-31;4;0
50;2025-12-31;5;0
50;2025-12-31;6;0
50;2025-12-31;7;0
50;2025-12-31;8;0
50;2025-12-31;9;0
50;2025-12-31;10;23
50;2025-12-31;11;90
50;2025-12-31;12;72
50;2025-12-31;13;81
50;2025-12-31;14;119
50;2025-12-31;15;93
50;2025-12-31;16;83
50;2025-12-31;17;90
50;2025-12-31;18;58
50;2025-12-31;19;71
50;2025-12-31;20;48
50;2025-12-31;21;33
50;2025-12-31;22;35
50;2025-12-31;23;11
